id;customer_id;area_id;location_name;location_code;location_type;address;contact_person;phone;email;pic_position;notes;city;province;postal_code;gps_latitude;gps_longitude;is_primary;is_active;created_at;updated_at
1;1;;Plant Bandung;LOC-001;Plant;;;;;;;Bandung;Jawa Barat;;;;1;1;26/02/2026;
2;2;;Cabang Demak;LOC-002;Branch;;;;;;;Demak;Jawa Tengah;;;;1;1;26/02/2026;
3;2;;Cabang Semarang;LOC-003;Branch;;;;;;;Semarang;Jawa Tengah;;;;0;1;26/02/2026;
4;3;;Cabang Palembang;LOC-004;Branch;;;;;;;Palembang;Sumatera Selatan;;;;1;1;26/02/2026;
5;4;;Plant Cicurug;LOC-005;Plant;;;;;;;Sukabumi;Jawa Barat;;;;1;1;26/02/2026;
6;4;;Gudang Sentul;LOC-006;Warehouse;;;;;;;Bogor;Jawa Barat;;;;0;1;26/02/2026;
7;4;;Depo Pasar Rebo;LOC-007;Depot;;;;;;;Jakarta Timur;DKI Jakarta;;;;0;1;26/02/2026;
8;4;;Cabang Medan;LOC-008;Branch;;;;;;;Medan;Sumatera Utara;;;;0;1;26/02/2026;
9;4;;Cabang Yogyakarta;LOC-009;Branch;;;;;;;Yogyakarta;DI Yogyakarta;;;;0;1;26/02/2026;
10;4;;Depo Sawangan;LOC-010;Depot;;;;;;;Depok;Jawa Barat;;;;0;1;26/02/2026;
11;4;;Cabang Bandung;LOC-011;Branch;;;;;;;Bandung;Jawa Barat;;;;0;1;26/02/2026;
12;4;;Cabang Pulogadung;LOC-012;Branch;;;;;;;Jakarta Timur;DKI Jakarta;;;;0;1;26/02/2026;
13;4;;Cabang Tangerang;LOC-013;Branch;;;;;;;Tangerang;Banten;;;;0;1;26/02/2026;
14;4;;Cabang Cikarang;LOC-014;Branch;;;;;;;Bekasi;Jawa Barat;;;;0;1;26/02/2026;
15;5;;Plant Perawang;LOC-015;Plant;;;;;;;Siak;Riau;;;;1;1;26/02/2026;
16;6;;Plant Semarang;LOC-016;Plant;;;;;;;Semarang;Jawa Tengah;;;;1;1;26/02/2026;
17;6;;Cabang Surabaya;LOC-017;Branch;;;;;;;Surabaya;Jawa Timur;;;;0;1;26/02/2026;
18;7;;Gudang Surabaya;LOC-018;Warehouse;;;;;;;Surabaya;Jawa Timur;;;;1;1;26/02/2026;
19;8;;Gudang Cibitung;LOC-019;Warehouse;;;;;;;Bekasi;Jawa Barat;;;;1;1;26/02/2026;
20;9;;Plant Karawang;LOC-020;Plant;;;;;;;Karawang;Jawa Barat;;;;1;1;26/02/2026;
21;9;;Plant Cikampek;LOC-021;Plant;;;;;;;Karawang;Jawa Barat;;;;0;1;26/02/2026;
22;9;;Depo Ancol;LOC-022;Depot;;;;;;;Jakarta Utara;DKI Jakarta;;;;0;1;26/02/2026;
23;9;;Depo Sunter;LOC-023;Depot;;;;;;;Jakarta Utara;DKI Jakarta;;;;0;1;26/02/2026;
24;10;;Plant Karawang;LOC-024;Plant;;;;;;;Karawang;Jawa Barat;;;;1;1;26/02/2026;
25;10;;Cabang Marunda;LOC-025;Branch;;;;;;;Jakarta Utara;DKI Jakarta;;;;0;1;26/02/2026;
26;11;;Plant Marunda;LOC-026;Plant;;;;;;;Jakarta Utara;DKI Jakarta;;;;1;1;26/02/2026;
27;11;;Cabang Bogor;LOC-027;Branch;;;;;;;Bogor;Jawa Barat;;;;0;1;26/02/2026;
28;12;;Plant Bogor;LOC-028;Plant;;;;;;;Bogor;Jawa Barat;;;;1;1;26/02/2026;
29;12;;Cabang Cibitung;LOC-029;Branch;;;;;;;Bekasi;Jawa Barat;;;;0;1;26/02/2026;
30;13;;Gudang Cibitung;LOC-030;Warehouse;;;;;;;Bekasi;Jawa Barat;;;;1;1;26/02/2026;
31;13;;Cabang Sentul;LOC-031;Branch;;;;;;;Bogor;Jawa Barat;;;;0;1;26/02/2026;
32;13;;Cabang Kosambi;LOC-032;Branch;;;;;;;Tangerang;Banten;;;;0;1;26/02/2026;
33;14;;Head Office Medan;LOC-033;Head Office;;;;;;;Medan;Sumatera Utara;;;;1;1;26/02/2026;
34;15;;Plant Karawang;LOC-034;Plant;;;;;;;Karawang;Jawa Barat;;;;1;1;26/02/2026;
35;16;;Head Office Surabaya;LOC-035;Head Office;;;;;;;Surabaya;Jawa Timur;;;;1;1;26/02/2026;
36;17;;Plant Pondok Ungu;LOC-036;Plant;;;;;;;Bekasi;Jawa Barat;;;;1;1;26/02/2026;
37;17;;Cabang Karawang;LOC-037;Branch;;;;;;;Karawang;Jawa Barat;;;;0;1;26/02/2026;
38;18;;Plant Serang;LOC-038;Plant;;;;;;;Serang;Banten;;;;1;1;26/02/2026;
39;19;;Plant Karawang;LOC-039;Plant;;;;;;;Karawang;Jawa Barat;;;;1;1;26/02/2026;
40;19;;Gudang GIIC;LOC-040;Warehouse;;;;;;;Bekasi;Jawa Barat;;;;0;1;26/02/2026;
41;20;;Plant GIIC;LOC-041;Plant;;;;;;;Bekasi;Jawa Barat;;;;1;1;26/02/2026;
42;20;;Plant Jababeka;LOC-042;Plant;;;;;;;Bekasi;Jawa Barat;;;;0;1;26/02/2026;
43;21;;Head Office Medan;LOC-043;Head Office;;;;;;;Medan;Sumatera Utara;;;;1;1;26/02/2026;
44;22;;Head Office Pandaan;LOC-044;Head Office;;;;;;;Pasuruan;Jawa Timur;;;;1;1;26/02/2026;
45;23;;Plant Jababeka;LOC-045;Plant;;;;;;;Bekasi;Jawa Barat;;;;1;1;26/02/2026;
46;23;;Cabang Bogor;LOC-046;Branch;;;;;;;Bogor;Jawa Barat;;;;0;1;26/02/2026;
47;24;;Plant Cileungsi;LOC-047;Plant;;;;;;;Bogor;Jawa Barat;;;;1;1;26/02/2026;
48;25;;Plant Bogor;LOC-048;Plant;;;;;;;Bogor;Jawa Barat;;;;1;1;26/02/2026;
49;25;;Cabang Karawang;LOC-049;Branch;;;;;;;Karawang;Jawa Barat;;;;0;1;26/02/2026;
50;26;;Plant Karawang;LOC-050;Plant;;;;;;;Karawang;Jawa Barat;;;;1;1;26/02/2026;
51;26;;Plant Cibitung;LOC-051;Plant;;;;;;;Bekasi;Jawa Barat;;;;0;1;26/02/2026;
52;27;;Plant Karawang;LOC-052;Plant;;;;;;;Karawang;Jawa Barat;;;;1;1;26/02/2026;
53;28;;Plant Karawang;LOC-053;Plant;;;;;;;Karawang;Jawa Barat;;;;1;1;26/02/2026;
54;28;;Gudang Cibitung;LOC-054;Warehouse;;;;;;;Bekasi;Jawa Barat;;;;0;1;26/02/2026;
55;29;;Head Office Daan Mogot;LOC-055;Head Office;;;;;;;Jakarta Barat;DKI Jakarta;;;;1;1;26/02/2026;
56;30;;Plant Bayah;LOC-056;Plant;;;;;;;Lebak;Banten;;;;1;1;26/02/2026;
57;31;;Plant Pasuruan;LOC-057;Plant;;;;;;;Pasuruan;Jawa Timur;;;;1;1;26/02/2026;
58;32;;Plant Delta Silicon;LOC-058;Plant;;;;;;;Bekasi;Jawa Barat;;;;1;1;26/02/2026;
59;33;;Plant Purwosari;LOC-059;Plant;;;;;;;Pasuruan;Jawa Timur;;;;1;1;26/02/2026;
60;34;;Head Office Muara Enim;LOC-060;Head Office;;;;;;;Muara Enim;Sumatera Selatan;;;;1;1;26/02/2026;
61;35;;Gudang Cibitung;LOC-061;Warehouse;;;;;;;Bekasi;Jawa Barat;;;;1;1;26/02/2026;
62;36;;Plant Cibitung;LOC-062;Plant;;;;;;;Bekasi;Jawa Barat;;;;1;1;26/02/2026;
63;36;;Plant Gresik;LOC-063;Plant;;;;;;;Gresik;Jawa Timur;;;;0;1;26/02/2026;
64;36;;Plant Jawilan;LOC-064;Plant;;;;;;;Serang;Banten;;;;0;1;26/02/2026;
65;36;;Plant Semarang;LOC-065;Plant;;;;;;;Semarang;Jawa Tengah;;;;0;1;26/02/2026;
66;37;;Plant Tangerang;LOC-066;Plant;;;;;;;Tangerang;Banten;;;;1;1;26/02/2026;
67;38;;Cabang Surabaya;LOC-067;Branch;;;;;;;Surabaya;Jawa Timur;;;;1;1;26/02/2026;
68;38;;Cabang Bandung;LOC-068;Branch;;;;;;;Bandung;Jawa Barat;;;;0;1;26/02/2026;
69;38;;Cabang Cirebon;LOC-069;Branch;;;;;;;Cirebon;Jawa Barat;;;;0;1;26/02/2026;
70;38;;Cabang Gresik;LOC-070;Branch;;;;;;;Gresik;Jawa Timur;;;;0;1;26/02/2026;
71;38;;Cabang Indramayu;LOC-071;Branch;;;;;;;Indramayu;Jawa Barat;;;;0;1;26/02/2026;
72;38;;Cabang Kediri;LOC-072;Branch;;;;;;;Kediri;Jawa Timur;;;;0;1;26/02/2026;
73;38;;Cabang Malang;LOC-073;Branch;;;;;;;Malang;Jawa Timur;;;;0;1;26/02/2026;
74;38;;Cabang Jakarta;LOC-074;Branch;;;;;;;Jakarta Pusat;DKI Jakarta;;;;0;1;26/02/2026;
75;38;;Cabang Pekanbaru;LOC-075;Branch;;;;;;;Pekanbaru;Riau;;;;0;1;26/02/2026;
76;39;;Project Painan;LOC-076;Branch;;;;;;;Padang;Sumatera Barat;;;;1;1;26/02/2026;
77;40;;Gudang MM2100;LOC-077;Warehouse;;;;;;;Bekasi;Jawa Barat;;;;1;1;26/02/2026;
78;40;;Gudang Sidoarjo;LOC-078;Warehouse;;;;;;;Sidoarjo;Jawa Timur;;;;0;1;26/02/2026;
79;40;;Gudang Bandung;LOC-079;Warehouse;;;;;;;Bandung;Jawa Barat;;;;0;1;26/02/2026;
80;41;;Gudang Surabaya;LOC-080;Warehouse;;;;;;;Surabaya;Jawa Timur;;;;1;1;26/02/2026;
81;41;;Gudang Bandung;LOC-081;Warehouse;;;;;;;Bandung;Jawa Barat;;;;0;1;26/02/2026;
82;42;;Plant Subang;LOC-082;Plant;;;;;;;Subang;Jawa Barat;;;;1;1;26/02/2026;
83;43;;Plant Cikarang;LOC-083;Plant;;;;;;;Bekasi;Jawa Barat;;;;1;1;26/02/2026;
84;43;;Cabang Pandaan;LOC-084;Branch;;;;;;;Pasuruan;Jawa Timur;;;;0;1;26/02/2026;
85;44;;Plant Pandaan;LOC-085;Plant;;;;;;;Pasuruan;Jawa Timur;;;;1;1;26/02/2026;
86;44;;Cabang MM2100;LOC-086;Branch;;;;;;;Bekasi;Jawa Barat;;;;0;1;26/02/2026;
87;45;;Head Office Jakarta;LOC-087;Head Office;;;;;;;Jakarta Barat;DKI Jakarta;;;;1;1;26/02/2026;
88;46;;Plant Batang;LOC-088;Plant;;;;;;;Batang;Jawa Tengah;;;;1;1;26/02/2026;
89;46;;Cabang Cibitung;LOC-089;Branch;;;;;;;Bekasi;Jawa Barat;;;;0;1;26/02/2026;
90;47;;Plant Cibitung;LOC-090;Plant;;;;;;;Bekasi;Jawa Barat;;;;1;1;26/02/2026;
91;47;;Plant Daan Mogot;LOC-091;Plant;;;;;;;Tangerang;Banten;;;;0;1;26/02/2026;
92;47;;Plant Karawang;LOC-092;Plant;;;;;;;Karawang;Jawa Barat;;;;0;1;26/02/2026;
93;48;;Plant Delta Silicon;LOC-093;Plant;;;;;;;Bekasi;Jawa Barat;;;;1;1;26/02/2026;
94;48;;Plant Jababeka;LOC-094;Plant;;;;;;;Bekasi;Jawa Barat;;;;0;1;26/02/2026;
95;49;;Plant Cikarang;LOC-095;Plant;;;;;;;Bekasi;Jawa Barat;;;;1;1;26/02/2026;
96;50;;Gudang Delta Silicon;LOC-096;Warehouse;;;;;;;Bekasi;Jawa Barat;;;;1;1;26/02/2026;
97;50;;Gudang Cileungsi;LOC-097;Warehouse;;;;;;;Bogor;Jawa Barat;;;;0;1;26/02/2026;
98;50;;Gudang Karawang;LOC-098;Warehouse;;;;;;;Karawang;Jawa Barat;;;;0;1;26/02/2026;
99;50;;Gudang Osowilangun;LOC-099;Warehouse;;;;;;;Surabaya;Jawa Timur;;;;0;1;26/02/2026;
100;51;;Head Office Jakarta;LOC-100;Head Office;;;;;;;Jakarta Pusat;DKI Jakarta;;;;1;1;26/02/2026;
101;52;;Gudang Marunda;LOC-101;Warehouse;;;;;;;Jakarta Utara;DKI Jakarta;;;;1;1;26/02/2026;
102;52;;Gudang Cikarang;LOC-102;Warehouse;;;;;;;Bekasi;Jawa Barat;;;;0;1;26/02/2026;
103;53;;Gudang Bekasi;LOC-103;Warehouse;;;;;;;Bekasi;Jawa Barat;;;;1;1;26/02/2026;
104;54;;Plant Cikarang;LOC-104;Plant;;;;;;;Bekasi;Jawa Barat;;;;1;1;26/02/2026;
105;55;;Plant Dumai;LOC-105;Plant;;;;;;;Dumai;Riau;;;;1;1;26/02/2026;
106;55;;Cabang MM2100;LOC-106;Branch;;;;;;;Bekasi;Jawa Barat;;;;0;1;26/02/2026;
107;56;;Plant Cikarang;LOC-107;Plant;;;;;;;Bekasi;Jawa Barat;;;;1;1;26/02/2026;
108;57;;Plant Cikarang;LOC-108;Plant;;;;;;;Bekasi;Jawa Barat;;;;1;1;26/02/2026;
109;58;;Head Office Sidoarjo;LOC-109;Head Office;;;;;;;Sidoarjo;Jawa Timur;;;;1;1;26/02/2026;
110;59;;Plant Delta Silicon;LOC-110;Plant;;;;;;;Bekasi;Jawa Barat;;;;1;1;26/02/2026;
111;60;;Plant Cikarang;LOC-111;Plant;;;;;;;Bekasi;Jawa Barat;;;;1;1;26/02/2026;
112;60;;Cabang Bogor;LOC-112;Branch;;;;;;;Bogor;Jawa Barat;;;;0;1;26/02/2026;
113;61;;Plant Cileungsi;LOC-113;Plant;;;;;;;Bogor;Jawa Barat;;;;1;1;26/02/2026;
114;62;;Plant Setu;LOC-114;Plant;;;;;;;Bekasi;Jawa Barat;;;;1;1;26/02/2026;
115;63;;Plant Karawang;LOC-115;Plant;;;;;;;Karawang;Jawa Barat;;;;1;1;26/02/2026;
116;64;;Plant Gunung Putri;LOC-116;Plant;;;;;;;Bogor;Jawa Barat;;;;1;1;26/02/2026;
117;64;;Cabang Tangerang;LOC-117;Branch;;;;;;;Tangerang;Banten;;;;0;1;26/02/2026;
118;64;;Cabang Cikarang;LOC-118;Branch;;;;;;;Bekasi;Jawa Barat;;;;0;1;26/02/2026;
119;65;;Head Office EJIP;LOC-119;Head Office;;;;;;;Bekasi;Jawa Barat;;;;1;1;26/02/2026;
120;66;;Plant Delta Silicon;LOC-120;Plant;;;;;;;Bekasi;Jawa Barat;;;;1;1;26/02/2026;
121;67;;Plant Cibitung;LOC-121;Plant;;;;;;;Bekasi;Jawa Barat;;;;1;1;26/02/2026;
122;68;;Plant EJIP Cikarang;LOC-122;Plant;;;;;;;Bekasi;Jawa Barat;;;;1;1;26/02/2026;
123;68;;Cabang Karawang;LOC-123;Branch;;;;;;;Karawang;Jawa Barat;;;;0;1;26/02/2026;
124;68;;Cabang Jakarta;LOC-124;Branch;;;;;;;Jakarta Utara;DKI Jakarta;;;;0;1;26/02/2026;
125;69;;Head Office Jakarta;LOC-125;Head Office;;;;;;;Jakarta Pusat;DKI Jakarta;;;;1;1;26/02/2026;
126;70;;Head Office Cikarang;LOC-126;Head Office;;;;;;;Bekasi;Jawa Barat;;;;1;1;26/02/2026;
127;71;;Head Office Karawang;LOC-127;Head Office;;;;;;;Karawang;Jawa Barat;;;;1;1;26/02/2026;
128;72;;Plant Karawang;LOC-128;Plant;;;;;;;Karawang;Jawa Barat;;;;1;1;26/02/2026;
129;72;;Plant Pandaan;LOC-129;Plant;;;;;;;Pasuruan;Jawa Timur;;;;0;1;26/02/2026;
130;72;;Gudang Surabaya;LOC-130;Warehouse;;;;;;;Surabaya;Jawa Timur;;;;0;1;26/02/2026;
131;73;;Head Office Jakarta;LOC-131;Head Office;;;;;;;Jakarta Timur;DKI Jakarta;;;;1;1;26/02/2026;
132;73;;Cabang Karawang;LOC-132;Branch;;;;;;;Karawang;Jawa Barat;;;;0;1;26/02/2026;
133;74;;Head Office Tangerang;LOC-133;Head Office;;;;;;;Tangerang;Banten;;;;1;1;26/02/2026;
134;75;;Plant Cikampek;LOC-134;Plant;;;;;;;Karawang;Jawa Barat;;;;1;1;26/02/2026;
135;76;;Head Office Mojokerto;LOC-135;Head Office;;;;;;;Mojokerto;Jawa Timur;;;;1;1;26/02/2026;
136;77;;Plant Deltamas;LOC-136;Plant;;;;;;;Bekasi;Jawa Barat;;;;1;1;26/02/2026;
137;78;;Plant MM2100;LOC-137;Plant;;;;;;;Bekasi;Jawa Barat;;;;1;1;26/02/2026;
138;78;;Cabang Serpong;LOC-138;Branch;;;;;;;Tangerang Selatan;Banten;;;;0;1;26/02/2026;
139;79;;Plant Jababeka;LOC-139;Plant;;;;;;;Bekasi;Jawa Barat;;;;1;1;26/02/2026;
140;79;;Cabang Tangerang;LOC-140;Branch;;;;;;;Tangerang;Banten;;;;0;1;26/02/2026;
141;80;;Plant Klaten;LOC-141;Plant;;;;;;;Klaten;Jawa Tengah;;;;1;1;26/02/2026;
142;81;;Gudang Karawang;LOC-142;Warehouse;;;;;;;Karawang;Jawa Barat;;;;1;1;26/02/2026;
143;81;;Gudang Deltamas;LOC-143;Warehouse;;;;;;;Bekasi;Jawa Barat;;;;0;1;26/02/2026;
144;82;;Head Office Pluit;LOC-144;Head Office;;;;;;;Jakarta Utara;DKI Jakarta;;;;1;1;26/02/2026;
145;83;;Plant Perawang;LOC-145;Plant;;;;;;;Siak;Riau;;;;1;1;26/02/2026;
146;83;;Plant Serang;LOC-146;Plant;;;;;;;Serang;Banten;;;;0;1;26/02/2026;
147;83;;Plant Serpong;LOC-147;Plant;;;;;;;Tangerang Selatan;Banten;;;;0;1;26/02/2026;
148;84;;Plant Purwakarta;LOC-148;Plant;;;;;;;Purwakarta;Jawa Barat;;;;1;1;26/02/2026;
149;84;;Cabang Bogor;LOC-149;Branch;;;;;;;Bogor;Jawa Barat;;;;0;1;26/02/2026;
150;85;;Plant Citeureup;LOC-150;Plant;;;;;;;Bogor;Jawa Barat;;;;1;1;26/02/2026;
151;85;;Cabang Serang;LOC-151;Branch;;;;;;;Serang;Banten;;;;0;1;26/02/2026;
152;85;;Cabang Tangerang;LOC-152;Branch;;;;;;;Tangerang;Banten;;;;0;1;26/02/2026;
153;86;;Plant Karawang;LOC-153;Plant;;;;;;;Karawang;Jawa Barat;;;;1;1;26/02/2026;
154;87;;Plant Cikande;LOC-154;Plant;;;;;;;Serang;Banten;;;;1;1;26/02/2026;
155;87;;Cabang Cibitung;LOC-155;Branch;;;;;;;Bekasi;Jawa Barat;;;;0;1;26/02/2026;
156;88;;Plant Citeureup;LOC-156;Plant;;;;;;;Bogor;Jawa Barat;;;;1;1;26/02/2026;
157;89;;Plant Cikarang;LOC-157;Plant;;;;;;;Bekasi;Jawa Barat;;;;1;1;26/02/2026;
158;90;;Plant Cibitung;LOC-158;Plant;;;;;;;Bekasi;Jawa Barat;;;;1;1;26/02/2026;
159;90;;Plant Padalarang;LOC-159;Plant;;;;;;;Bandung Barat;Jawa Barat;;;;0;1;26/02/2026;
160;90;;Plant Cakung;LOC-160;Plant;;;;;;;Jakarta Timur;DKI Jakarta;;;;0;1;26/02/2026;
161;90;;Cabang Jababeka;LOC-161;Branch;;;;;;;Bekasi;Jawa Barat;;;;0;1;26/02/2026;
162;91;;Plant Delta Silicon;LOC-162;Plant;;;;;;;Bekasi;Jawa Barat;;;;1;1;26/02/2026;
163;91;;Cabang Sukabumi;LOC-163;Branch;;;;;;;Sukabumi;Jawa Barat;;;;0;1;26/02/2026;
164;92;;Plant Cicurug;LOC-164;Plant;;;;;;;Sukabumi;Jawa Barat;;;;1;1;26/02/2026;
165;92;;Plant Ciracas;LOC-165;Plant;;;;;;;Jakarta Timur;DKI Jakarta;;;;0;1;26/02/2026;
166;92;;Plant Purwosari;LOC-166;Plant;;;;;;;Pasuruan;Jawa Timur;;;;0;1;26/02/2026;
167;92;;Plant Citeureup;LOC-167;Plant;;;;;;;Bogor;Jawa Barat;;;;0;1;26/02/2026;
168;93;;Plant EJIP Cikarang;LOC-168;Plant;;;;;;;Bekasi;Jawa Barat;;;;1;1;26/02/2026;
169;94;;Plant Pulogadung;LOC-169;Plant;;;;;;;Jakarta Timur;DKI Jakarta;;;;1;1;26/02/2026;
170;94;;Cabang Deltamas;LOC-170;Branch;;;;;;;Bekasi;Jawa Barat;;;;0;1;26/02/2026;
171;95;;Plant Cikupa;LOC-171;Plant;;;;;;;Tangerang;Banten;;;;1;1;26/02/2026;
172;96;;Plant Delta Silicon;LOC-172;Plant;;;;;;;Bekasi;Jawa Barat;;;;1;1;26/02/2026;
173;97;;Plant Jababeka;LOC-173;Plant;;;;;;;Bekasi;Jawa Barat;;;;1;1;26/02/2026;
174;98;;Plant Jababeka;LOC-174;Plant;;;;;;;Bekasi;Jawa Barat;;;;1;1;26/02/2026;
175;99;;Gudang Cikampek;LOC-175;Warehouse;;;;;;;Karawang;Jawa Barat;;;;1;1;26/02/2026;
176;99;;Gudang Subang;LOC-176;Warehouse;;;;;;;Subang;Jawa Barat;;;;0;1;26/02/2026;
177;99;;Gudang Bandung;LOC-177;Warehouse;;;;;;;Bandung;Jawa Barat;;;;0;1;26/02/2026;
178;99;;Gudang Brebes;LOC-178;Warehouse;;;;;;;Brebes;Jawa Tengah;;;;0;1;26/02/2026;
179;100;;Head Office Bandung;LOC-179;Head Office;;;;;;;Bandung;Jawa Barat;;;;1;1;26/02/2026;
180;101;;Gudang Cakung;LOC-180;Warehouse;;;;;;;Jakarta Timur;DKI Jakarta;;;;1;1;26/02/2026;
181;101;;Gudang Cikarang;LOC-181;Warehouse;;;;;;;Bekasi;Jawa Barat;;;;0;1;26/02/2026;
182;101;;Cabang Medan;LOC-182;Branch;;;;;;;Medan;Sumatera Utara;;;;0;1;26/02/2026;
183;102;;Plant Indramayu;LOC-183;Plant;;;;;;;Indramayu;Jawa Barat;;;;1;1;26/02/2026;
184;103;;Head Office Rancaekek;LOC-184;Head Office;;;;;;;Bandung;Jawa Barat;;;;1;1;26/02/2026;
185;104;;Head Office Rancaekek;LOC-185;Head Office;;;;;;;Bandung;Jawa Barat;;;;1;1;26/02/2026;
186;105;;Plant Rancaekek;LOC-186;Plant;;;;;;;Bandung;Jawa Barat;;;;1;1;26/02/2026;
187;105;;Plant Majalengka;LOC-187;Plant;;;;;;;Majalengka;Jawa Barat;;;;0;1;26/02/2026;
188;106;;Gudang Karawang;LOC-188;Warehouse;;;;;;;Karawang;Jawa Barat;;;;1;1;26/02/2026;
189;106;;Gudang Cibitung;LOC-189;Warehouse;;;;;;;Bekasi;Jawa Barat;;;;0;1;26/02/2026;
190;107;;Plant Cikarang;LOC-190;Plant;;;;;;;Bekasi;Jawa Barat;;;;1;1;26/02/2026;
191;108;;Head Office Bawen;LOC-191;Head Office;;;;;;;Semarang;Jawa Tengah;;;;1;1;26/02/2026;
192;109;;Plant Cikarang;LOC-192;Plant;;;;;;;Bekasi;Jawa Barat;;;;1;1;26/02/2026;
193;110;;Head Office Karawang;LOC-193;Head Office;;;;;;;Karawang;Jawa Barat;;;;1;1;26/02/2026;
194;110;;Cabang Klaten;LOC-194;Branch;;;;;;;Klaten;Jawa Tengah;;;;0;1;26/02/2026;
195;111;;Plant Sidoarjo;LOC-195;Plant;;;;;;;Sidoarjo;Jawa Timur;;;;1;1;26/02/2026;
196;111;;Cabang Bandung;LOC-196;Branch;;;;;;;Bandung;Jawa Barat;;;;0;1;26/02/2026;
197;112;;Head Office Karawaci;LOC-197;Head Office;;;;;;;Tangerang;Banten;;;;1;1;26/02/2026;
198;113;;Plant Batang;LOC-198;Plant;;;;;;;Batang;Jawa Tengah;;;;1;1;26/02/2026;
199;113;;Cabang Riau;LOC-199;Branch;;;;;;;Pekanbaru;Riau;;;;0;1;26/02/2026;
200;114;;Plant Karawang;LOC-200;Plant;;;;;;;Karawang;Jawa Barat;;;;1;1;26/02/2026;
201;114;;Cabang Cileungsi;LOC-201;Branch;;;;;;;Bogor;Jawa Barat;;;;0;1;26/02/2026;
202;115;;Plant Cikande;LOC-202;Plant;;;;;;;Serang;Banten;;;;1;1;26/02/2026;
203;115;;Plant Sukabumi;LOC-203;Plant;;;;;;;Sukabumi;Jawa Barat;;;;0;1;26/02/2026;
204;116;;Head Office Muara Angke;LOC-204;Head Office;;;;;;;Jakarta Utara;DKI Jakarta;;;;1;1;26/02/2026;
205;117;;Head Office Tangerang;LOC-205;Head Office;;;;;;;Tangerang;Banten;;;;1;1;26/02/2026;
206;118;;Plant Karawang;LOC-206;Plant;;;;;;;Karawang;Jawa Barat;;;;1;1;26/02/2026;
207;119;;Plant Cikarang;LOC-207;Plant;;;;;;;Bekasi;Jawa Barat;;;;1;1;26/02/2026;
208;120;;Head Office Cileungsi;LOC-208;Head Office;;;;;;;Bogor;Jawa Barat;;;;1;1;26/02/2026;
209;121;;Plant Delta Silicon;LOC-209;Plant;;;;;;;Bekasi;Jawa Barat;;;;1;1;26/02/2026;
210;122;;Plant Lampung;LOC-210;Plant;;;;;;;Bandar Lampung;Lampung;;;;1;1;26/02/2026;
211;123;;Head Office Bekasi;LOC-211;Head Office;;;;;;;Bekasi;Jawa Barat;;;;1;1;26/02/2026;
212;124;;Head Office Cikande;LOC-212;Head Office;;;;;;;Serang;Banten;;;;1;1;26/02/2026;
213;125;;Plant Karawang;LOC-213;Plant;;;;;;;Karawang;Jawa Barat;;;;1;1;26/02/2026;
214;126;;Plant Cikande;LOC-214;Plant;;;;;;;Serang;Banten;;;;1;1;26/02/2026;
215;126;;Cabang Tangerang;LOC-215;Branch;;;;;;;Tangerang;Banten;;;;0;1;26/02/2026;
216;127;;Head Office Daan Mogot;LOC-216;Head Office;;;;;;;Jakarta Barat;DKI Jakarta;;;;1;1;26/02/2026;
217;127;;Cabang Cirebon;LOC-217;Branch;;;;;;;Cirebon;Jawa Barat;;;;0;1;26/02/2026;
218;128;;Gudang Cimanggis;LOC-218;Warehouse;;;;;;;Depok;Jawa Barat;;;;1;1;26/02/2026;
219;128;;Gudang Surabaya;LOC-219;Warehouse;;;;;;;Surabaya;Jawa Timur;;;;0;1;26/02/2026;
220;129;;Head Office Jakarta;LOC-220;Head Office;;;;;;;Jakarta Barat;DKI Jakarta;;;;1;1;26/02/2026;
221;130;;Plant Tangerang;LOC-221;Plant;;;;;;;Tangerang;Banten;;;;1;1;26/02/2026;
222;130;;Plant Cibitung;LOC-222;Plant;;;;;;;Bekasi;Jawa Barat;;;;0;1;26/02/2026;
223;131;;Gudang Rancaekek;LOC-223;Warehouse;;;;;;;Bandung;Jawa Barat;;;;1;1;26/02/2026;
224;131;;Gudang Cikarang;LOC-224;Warehouse;;;;;;;Bekasi;Jawa Barat;;;;0;1;26/02/2026;
225;132;;Gudang Cold Storage;LOC-225;Warehouse;;;;;;;Bekasi;Jawa Barat;;;;1;1;26/02/2026;
226;133;;Gudang Cikarang;LOC-226;Warehouse;;;;;;;Bekasi;Jawa Barat;;;;1;1;26/02/2026;
227;134;;Cabang Medan;LOC-227;Branch;;;;;;;Medan;Sumatera Utara;;;;1;1;26/02/2026;
228;135;;Cabang Surabaya;LOC-228;Branch;;;;;;;Surabaya;Jawa Timur;;;;1;1;26/02/2026;
229;136;;Plant Jambi;LOC-229;Plant;;;;;;;Tanjung Jabung Barat;Jambi;;;;1;1;26/02/2026;
230;137;;Gudang Cibitung (Daiwa);LOC-230;Warehouse;;;;;;;Bekasi;Jawa Barat;;;;1;1;26/02/2026;
231;137;;Gudang Cakung (CSKD);LOC-231;Warehouse;;;;;;;Jakarta Timur;DKI Jakarta;;;;0;1;26/02/2026;
232;137;;Gudang Karawang (DS- HLI Green Power);LOC-232;Warehouse;;;;;;;Karawang;Jawa Barat;;;;0;1;26/02/2026;
233;138;;Plant Jababeka;LOC-233;Plant;;;;;;;Bekasi;Jawa Barat;;;;1;1;26/02/2026;
234;139;;Plant EJIP;LOC-234;Plant;;;;;;;Bekasi;Jawa Barat;;;;1;1;26/02/2026;
235;140;;Head Office Jakarta;LOC-235;Head Office;;;;;;;Jakarta Barat;DKI Jakarta;;;;1;1;26/02/2026;
236;141;;Plant EJIP;LOC-236;Plant;;;;;;;Bekasi;Jawa Barat;;;;1;1;26/02/2026;
237;142;;Plant Jababeka;LOC-237;Plant;;;;;;;Bekasi;Jawa Barat;;;;1;1;26/02/2026;
238;143;;Plant Karawang;LOC-238;Plant;;;;;;;Karawang;Jawa Barat;;;;1;1;26/02/2026;
239;144;;Plant Jababeka;LOC-239;Plant;;;;;;;Bekasi;Jawa Barat;;;;1;1;26/02/2026;
240;145;;Plant Cikarang;LOC-240;Plant;;;;;;;Bekasi;Jawa Barat;;;;1;1;26/02/2026;
241;146;;Plant Rancaekek;LOC-241;Plant;;;;;;;Bandung;Jawa Barat;;;;1;1;26/02/2026;
242;147;;Gudang Cikarang;LOC-242;Warehouse;;;;;;;Bekasi;Jawa Barat;;;;1;1;26/02/2026;
243;148;;Plant Cikarang;LOC-243;Plant;;;;;;;Bekasi;Jawa Barat;;;;1;1;26/02/2026;
244;149;;Plant Cikarang;LOC-244;Plant;;;;;;;Bekasi;Jawa Barat;;;;1;1;26/02/2026;
245;150;;Plant Karawang;LOC-245;Plant;;;;;;;Karawang;Jawa Barat;;;;1;1;26/02/2026;
246;150;;Plant EJIP;LOC-246;Plant;;;;;;;Bekasi;Jawa Barat;;;;0;1;26/02/2026;
247;151;;Plant Cikarang;LOC-247;Plant;;;;;;;Bekasi;Jawa Barat;;;;1;1;26/02/2026;
248;152;;Plant Cibitung;LOC-248;Plant;;;;;;;Bekasi;Jawa Barat;;;;1;1;26/02/2026;
249;152;;Cabang Deltamas;LOC-249;Branch;;;;;;;Bekasi;Jawa Barat;;;;0;1;26/02/2026;
250;153;;Plant Tangerang;LOC-250;Plant;;;;;;;Tangerang;Banten;;;;1;1;26/02/2026;
251;153;;Cabang Bogor;LOC-251;Branch;;;;;;;Bogor;Jawa Barat;;;;0;1;26/02/2026;
252;154;;Plant Cilegon;LOC-252;Plant;;;;;;;Cilegon;Banten;;;;1;1;26/02/2026;
253;155;;Gudang Marunda;LOC-253;Warehouse;;;;;;;Jakarta Utara;DKI Jakarta;;;;1;1;26/02/2026;
254;155;;Gudang Cibitung;LOC-254;Warehouse;;;;;;;Bekasi;Jawa Barat;;;;0;1;26/02/2026;
255;156;;Plant Deltamas;LOC-255;Plant;;;;;;;Bekasi;Jawa Barat;;;;1;1;26/02/2026;
256;156;;Cabang Bogor;LOC-256;Branch;;;;;;;Bogor;Jawa Barat;;;;0;1;26/02/2026;
257;157;;Plant Bogor;LOC-257;Plant;;;;;;;Bogor;Jawa Barat;;;;1;1;26/02/2026;
258;158;;Plant Deltamas;LOC-258;Plant;;;;;;;Bekasi;Jawa Barat;;;;1;1;26/02/2026;
259;159;;Gudang Cakung;LOC-259;Warehouse;;;;;;;Jakarta Timur;DKI Jakarta;;;;1;1;26/02/2026;
260;160;;Plant Palembang;LOC-260;Plant;;;;;;;Palembang;Sumatera Selatan;;;;1;1;26/02/2026;
261;161;;Depo Surakarta;LOC-261;Depot;;;;;;;Surakarta;Jawa Tengah;;;;1;1;26/02/2026;
262;161;;Depo Yogyakarta;LOC-262;Depot;;;;;;;Yogyakarta;DI Yogyakarta;;;;0;1;26/02/2026;
263;161;;Depo Surabaya;LOC-263;Depot;;;;;;;Surabaya;Jawa Timur;;;;0;1;26/02/2026;
264;161;;Depo Jakarta;LOC-264;Depot;;;;;;;Jakarta Pusat;DKI Jakarta;;;;0;1;26/02/2026;
265;162;;Head Office Malang;LOC-265;Head Office;;;;;;;Malang;Jawa Timur;;;;1;1;26/02/2026;
266;163;;Head Office Jakarta;LOC-266;Head Office;;;;;;;Jakarta Pusat;DKI Jakarta;;;;1;1;26/02/2026;
267;164;;Head Office Jakarta;LOC-267;Head Office;;;;;;;Jakarta Timur;DKI Jakarta;;;;1;1;26/02/2026;
268;165;;Plant Bandung;LOC-268;Plant;;;;;;;Bandung;Jawa Barat;;;;1;1;26/02/2026;
269;166;;Plant Cikampek;LOC-269;Plant;;;;;;;Karawang;Jawa Barat;;;;1;1;26/02/2026;
270;167;;Plant Subang;LOC-270;Plant;;;;;;;Subang;Jawa Barat;;;;1;1;26/02/2026;
271;168;;Plant Jakarta;LOC-271;Plant;;;;;;;Jakarta;Jawa Barat;;;;1;1;26/02/2026;
272;169;;Plant Tarakan;LOC-272;Plant;;;;;;;Tarakan;Kalimantan Utara;;;;1;1;26/02/2026;
273;170;;Plant Cikarang;LOC-273;Plant;;;;;;;Bekasi;Jawa Barat;;;;1;1;26/02/2026;
274;171;;Plant Perawang;LOC-274;Plant;;;;;;;Siak;Riau;;;;1;1;26/02/2026;
275;171;;Cabang Tj Priok;LOC-275;Branch;;;;;;;Jakarta Utara;DKI Jakarta;;;;0;1;26/02/2026;
276;172;;Head Office Semarang;LOC-276;Head Office;;;;;;;Semarang;Jawa Tengah;;;;1;1;26/02/2026;
277;173;;Plant Cikupa;LOC-277;Plant;;;;;;;Tangerang;Banten;;;;1;1;26/02/2026;
278;174;;Plant Cibitung;LOC-278;Plant;;;;;;;Bekasi;Jawa Barat;;;;1;1;26/02/2026;
279;174;;Cabang Cikarang;LOC-279;Branch;;;;;;;Bekasi;Jawa Barat;;;;0;1;26/02/2026;
280;175;;Plant Cikampek;LOC-280;Plant;;;;;;;Karawang;Jawa Barat;;;;1;1;26/02/2026;
281;175;;Cabang Surabaya;LOC-281;Branch;;;;;;;Surabaya;Jawa Timur;;;;0;1;26/02/2026;
282;176;;Plant Palembang;LOC-282;Plant;;;;;;;Palembang;Sumatera Selatan;;;;1;1;26/02/2026;
283;177;;Plant Bawen;LOC-283;Plant;;;;;;;Semarang;Jawa Tengah;;;;1;1;26/02/2026;
284;177;;Plant Subang;LOC-284;Plant;;;;;;;Subang;Jawa Barat;;;;0;1;26/02/2026;
285;177;;Plant Bandung;LOC-285;Plant;;;;;;;Bandung;Jawa Barat;;;;0;1;26/02/2026;
286;177;;Cabang Surabaya;LOC-286;Branch;;;;;;;Surabaya;Jawa Timur;;;;0;1;26/02/2026;
287;178;;Plant Deltamas;LOC-287;Plant;;;;;;;Bekasi;Jawa Barat;;;;1;1;26/02/2026;
288;179;;Plant Cileungsi;LOC-288;Plant;;;;;;;Bogor;Jawa Barat;;;;1;1;26/02/2026;
289;179;;Cabang Karawang;LOC-289;Branch;;;;;;;Karawang;Jawa Barat;;;;0;1;26/02/2026;
290;180;;Plant Cikarang;LOC-290;Plant;;;;;;;Bekasi;Jawa Barat;;;;1;1;26/02/2026;
291;181;;Plant Karawang;LOC-291;Plant;;;;;;;Karawang;Jawa Barat;;;;1;1;26/02/2026;
292;182;;Plant Pekanbaru;LOC-292;Plant;;;;;;;Pekanbaru;Riau;;;;1;1;26/02/2026;
293;183;;Plant Karawang;LOC-293;Plant;;;;;;;Karawang;Jawa Barat;;;;1;1;26/02/2026;
294;184;;Head Office Jakarta;LOC-294;Head Office;;;;;;;Jakarta Pusat;DKI Jakarta;;;;1;1;26/02/2026;
295;185;;Head Office Cikande;LOC-295;Head Office;;;;;;;Serang;Banten;;;;1;1;26/02/2026;
296;186;;Plant Karawang;LOC-296;Plant;;;;;;;Karawang;Jawa Barat;;;;1;1;26/02/2026;
297;187;;Gudang Surabaya;LOC-297;Warehouse;;;;;;;Surabaya;Jawa Timur;;;;1;1;26/02/2026;
298;188;;Gudang Deltamas;LOC-298;Warehouse;;;;;;;Bekasi;Jawa Barat;;;;1;1;26/02/2026;
299;188;;Gudang Delta Silicon;LOC-299;Warehouse;;;;;;;Bekasi;Jawa Barat;;;;0;1;26/02/2026;
300;188;;Cabang Sukabumi;LOC-300;Branch;;;;;;;Sukabumi;Jawa Barat;;;;0;1;26/02/2026;
301;189;;Plant Karawang;LOC-301;Plant;;;;;;;Karawang;Jawa Barat;;;;1;1;26/02/2026;
302;190;;Plant Karawang;LOC-302;Plant;;;;;;;Karawang;Jawa Barat;;;;1;1;26/02/2026;
303;191;;Plant Jababeka;LOC-303;Plant;;;;;;;Bekasi;Jawa Barat;;;;1;1;26/02/2026;
304;191;;Cabang Gresik;LOC-304;Branch;;;;;;;Gresik;Jawa Timur;;;;0;1;26/02/2026;
305;192;;Plant Cileungsi;LOC-305;Plant;;;;;;;Bogor;Jawa Barat;;;;1;1;26/02/2026;
306;193;;Plant Tuban;LOC-306;Plant;;;;;;;Tuban;Jawa Timur;;;;1;1;26/02/2026;
307;193;;Cabang Bogor;LOC-307;Branch;;;;;;;Bogor;Jawa Barat;;;;0;1;26/02/2026;
308;194;;Plant Sukabumi;LOC-308;Plant;;;;;;;Sukabumi;Jawa Barat;;;;1;1;26/02/2026;
309;194;;Cabang Bogor;LOC-309;Branch;;;;;;;Bogor;Jawa Barat;;;;0;1;26/02/2026;
310;195;;Gudang Deltamas;LOC-310;Warehouse;;;;;;;Bekasi;Jawa Barat;;;;1;1;26/02/2026;
311;196;;Head Office Jakarta;LOC-311;Head Office;;;;;;;Jakarta Pusat;DKI Jakarta;;;;1;1;26/02/2026;
312;197;;Plant Cileungsi;LOC-312;Plant;;;;;;;Bogor;Jawa Barat;;;;1;1;26/02/2026;
313;197;;Plant Gresik;LOC-313;Plant;;;;;;;Gresik;Jawa Timur;;;;0;1;26/02/2026;
314;197;;Cabang Cibitung;LOC-314;Branch;;;;;;;Bekasi;Jawa Barat;;;;0;1;26/02/2026;
315;198;;Head Office Jakarta;LOC-315;Head Office;;;;;;;Jakarta Pusat;DKI Jakarta;;;;1;1;26/02/2026;
316;199;;Cabang Cibitung;LOC-316;Branch;;;;;;;Bekasi;Jawa Barat;;;;1;1;26/02/2026;
317;199;;Cabang Karawang;LOC-317;Branch;;;;;;;Karawang;Jawa Barat;;;;0;1;26/02/2026;
318;199;;Cabang Medan;LOC-318;Branch;;;;;;;Medan;Sumatera Utara;;;;0;1;26/02/2026;
319;200;;Plant Karawang;LOC-319;Plant;;;;;;;Karawang;Jawa Barat;;;;1;1;26/02/2026;
320;201;;Plant Tangerang;LOC-320;Plant;;;;;;;Tangerang;Banten;;;;1;1;26/02/2026;
321;202;;Plant MM2100;LOC-321;Plant;;;;;;;Bekasi;Jawa Barat;;;;1;1;26/02/2026;
322;203;;Plant Purwakarta;LOC-322;Plant;;;;;;;Purwakarta;Jawa Barat;;;;1;1;26/02/2026;
323;204;;Plant Palembang;LOC-323;Plant;;;;;;;Palembang;Sumatera Selatan;;;;1;1;26/02/2026;
324;205;;Plant Jambi;LOC-324;Plant;;;;;;;Jambi;Jambi;;;;1;1;26/02/2026;
325;206;;Head Office Cikarang;LOC-325;Head Office;;;;;;;Bekasi;Jawa Barat;;;;1;1;26/02/2026;
326;207;;Plant Jakarta;LOC-326;Plant;;;;;;;Jakarta Pusat;DKI Jakarta;;;;1;1;26/02/2026;
327;208;;Plant Karawang;LOC-327;Plant;;;;;;;Karawang;Jawa Barat;;;;1;1;26/02/2026;
328;208;;Plant Cibitung;LOC-328;Plant;;;;;;;Bekasi;Jawa Barat;;;;0;1;26/02/2026;
329;209;;Cabang EJIP;LOC-329;Branch;;;;;;;Bekasi;Jawa Barat;;;;1;1;26/02/2026;
330;210;;Head Office Tangerang;LOC-330;Head Office;;;;;;;Tangerang;Banten;;;;1;1;26/02/2026;
331;210;;Cabang Cikarang;LOC-331;Branch;;;;;;;Bekasi;Jawa Barat;;;;0;1;26/02/2026;
332;211;;Plant Karawang;LOC-332;Plant;;;;;;;Karawang;Jawa Barat;;;;1;1;26/02/2026;
333;212;;Plant Deltamas;LOC-333;Plant;;;;;;;Bekasi;Jawa Barat;;;;1;1;26/02/2026;
334;213;;Head Office Tangerang;LOC-334;Head Office;;;;;;;Tangerang;Banten;;;;1;1;26/02/2026;
335;214;;Plant Subang;LOC-335;Plant;;;;;;;Subang;Jawa Barat;;;;1;1;26/02/2026;
336;214;;Cabang Karawang;LOC-336;Branch;;;;;;;Karawang;Jawa Barat;;;;0;1;26/02/2026;
337;215;;Plant Cikarang;LOC-337;Plant;;;;;;;Bekasi;Jawa Barat;;;;1;1;26/02/2026;
338;215;;Plant Ancol;LOC-338;Plant;;;;;;;Jakarta Utara;DKI Jakarta;;;;0;1;26/02/2026;
339;215;;Cabang Semarang;LOC-339;Branch;;;;;;;Semarang;Jawa Tengah;;;;0;1;26/02/2026;
340;216;;Plant Karawang;LOC-340;Plant;;;;;;;Karawang;Jawa Barat;;;;1;1;26/02/2026;
341;216;;Plant Semarang;LOC-341;Plant;;;;;;;Semarang;Jawa Tengah;;;;0;1;26/02/2026;
342;216;;Cabang Tangerang;LOC-342;Branch;;;;;;;Tangerang;Banten;;;;0;1;26/02/2026;
343;217;;Head Office Karawang;LOC-343;Head Office;;;;;;;Karawang;Jawa Barat;;;;1;1;26/02/2026;
344;218;;Plant Purwakarta;LOC-344;Plant;;;;;;;Purwakarta;Jawa Barat;;;;1;1;26/02/2026;
345;218;;Cabang Cikarang;LOC-345;Branch;;;;;;;Bekasi;Jawa Barat;;;;0;1;26/02/2026;
346;219;;Plant Cikarang;LOC-346;Plant;;;;;;;Bekasi;Jawa Barat;;;;1;1;26/02/2026;
347;220;;Plant Serang;LOC-347;Plant;;;;;;;Serang;Banten;;;;1;1;26/02/2026;
348;220;;Plant Cikupa;LOC-348;Plant;;;;;;;Tangerang;Banten;;;;0;1;26/02/2026;
349;220;;Plant Perawang;LOC-349;Plant;;;;;;;Siak;Riau;;;;0;1;26/02/2026;
350;220;;Plant Sidoarjo;LOC-350;Plant;;;;;;;Sidoarjo;Jawa Timur;;;;0;1;26/02/2026;
351;221;;Plant Cibitung;LOC-351;Plant;;;;;;;Bekasi;Jawa Barat;;;;1;1;26/02/2026;
352;222;;Plant Pandaan;LOC-352;Plant;;;;;;;Pasuruan;Jawa Timur;;;;1;1;26/02/2026;
353;222;;Cabang Padalarang;LOC-353;Branch;;;;;;;Bandung Barat;Jawa Barat;;;;0;1;26/02/2026;
354;223;;Plant Cibitung;LOC-354;Plant;;;;;;;Bekasi;Jawa Barat;;;;1;1;26/02/2026;
355;224;;Plant Cibitung;LOC-355;Plant;;;;;;;Bekasi;Jawa Barat;;;;1;1;26/02/2026;
356;225;;Plant Karawang;LOC-356;Plant;;;;;;;Karawang;Jawa Barat;;;;1;1;26/02/2026;
357;225;;Plant Subang;LOC-357;Plant;;;;;;;Subang;Jawa Barat;;;;0;1;26/02/2026;
358;226;;Plant Cikarang;LOC-358;Plant;;;;;;;Bekasi;Jawa Barat;;;;1;1;26/02/2026;
359;227;;Plant Delta Silicon;LOC-359;Plant;;;;;;;Bekasi;Jawa Barat;;;;1;1;26/02/2026;
360;228;;Plant Karawang;LOC-360;Plant;;;;;;;Karawang;Jawa Barat;;;;1;1;26/02/2026;
361;228;;Cabang Cikarang;LOC-361;Branch;;;;;;;Bekasi;Jawa Barat;;;;0;1;26/02/2026;
362;229;;Plant Klaten;LOC-362;Plant;;;;;;;Klaten;Jawa Tengah;;;;1;1;26/02/2026;
363;229;;Cabang Surabaya;LOC-363;Branch;;;;;;;Surabaya;Jawa Timur;;;;0;1;26/02/2026;
364;229;;Cabang Karawang;LOC-364;Branch;;;;;;;Karawang;Jawa Barat;;;;0;1;26/02/2026;
365;230;;Plant Klaten;LOC-365;Plant;;;;;;;Klaten;Jawa Tengah;;;;1;1;26/02/2026;
366;231;;Plant Karo;LOC-366;Plant;;;;;;;Karo;Sumatera Utara;;;;1;1;26/02/2026;
367;232;;Plant Padalarang;LOC-367;Plant;;;;;;;Bandung Barat;Jawa Barat;;;;1;1;26/02/2026;
368;232;;Plant Cibitung;LOC-368;Plant;;;;;;;Bekasi;Jawa Barat;;;;0;1;26/02/2026;
369;232;;Gudang Cimanggis;LOC-369;Warehouse;;;;;;;Depok;Jawa Barat;;;;0;1;26/02/2026;
370;232;;Cabang Surabaya;LOC-370;Branch;;;;;;;Surabaya;Jawa Timur;;;;0;1;26/02/2026;
371;233;;Plant Jababeka;LOC-371;Plant;;;;;;;Bekasi;Jawa Barat;;;;1;1;26/02/2026;
372;233;;Plant Medan;LOC-372;Plant;;;;;;;Medan;Sumatera Utara;;;;0;1;26/02/2026;
373;233;;Plant Subang;LOC-373;Plant;;;;;;;Subang;Jawa Barat;;;;0;1;26/02/2026;
374;234;;Plant Cikarang;LOC-374;Plant;;;;;;;Bekasi;Jawa Barat;;;;1;1;26/02/2026;
375;235;;Plant Karawang;LOC-375;Plant;;;;;;;Karawang;Jawa Barat;;;;1;1;26/02/2026;
376;236;;Plant Marunda;LOC-376;Plant;;;;;;;Jakarta Utara;DKI Jakarta;;;;1;1;26/02/2026;
377;237;;Plant Narogong;LOC-377;Plant;;;;;;;Bogor;Jawa Barat;;;;1;1;26/02/2026;
378;238;;Plant Narogong;LOC-378;Plant;;;;;;;Bogor;Jawa Barat;;;;1;1;26/02/2026;
379;238;;Cabang Balikpapan;LOC-379;Branch;;;;;;;Balikpapan;Kalimantan Timur;;;;0;1;26/02/2026;
380;239;;Head Office Jakarta;LOC-380;Head Office;;;;;;;Jakarta Pusat;DKI Jakarta;;;;1;1;26/02/2026;
381;240;;Project Karawang;LOC-381;Branch;;;;;;;Karawang;Jawa Barat;;;;1;1;26/02/2026;
382;241;;Plant EJIP;LOC-382;Plant;;;;;;;Bekasi;Jawa Barat;;;;1;1;26/02/2026;
383;242;;Gudang Cibitung;LOC-383;Warehouse;;;;;;;Bekasi;Jawa Barat;;;;1;1;26/02/2026;
384;242;;Gudang Deltamas;LOC-384;Warehouse;;;;;;;Bekasi;Jawa Barat;;;;0;1;26/02/2026;
385;242;;Gudang Pondok Ungu;LOC-385;Warehouse;;;;;;;Bekasi;Jawa Barat;;;;0;1;26/02/2026;
386;242;;Cabang Banten;LOC-386;Branch;;;;;;;Serang;Banten;;;;0;1;26/02/2026;
387;243;;Plant Jababeka;LOC-387;Plant;;;;;;;Bekasi;Jawa Barat;;;;1;1;26/02/2026;
388;244;;Plant Cikarang;LOC-388;Plant;;;;;;;Bekasi;Jawa Barat;;;;1;1;26/02/2026;
389;245;;Plant Jababeka;LOC-389;Plant;;;;;;;Bekasi;Jawa Barat;;;;1;1;26/02/2026;
390;246;;Plant Jatake;LOC-390;Plant;;;;;;;Tangerang;Banten;;;;1;1;26/02/2026;
391;106;;Kaldu sari Nabati Indonesia - Majalengka;LOC-391;Warehouse;;;;;;;Majalengka;Jawa Barat;;;;0;1;26/02/2026;
392;106;;Gudang Softex KIIC Karawang;LOC-392;Warehouse;;;;;;;Bekasi;Jawa Barat;;;;0;1;26/02/2026;
393;137;;Gudang Delta V;LOC-393;Warehouse;;;;;;;Bekasi;Jawa Barat;;;;1;1;26/02/2026;
394;120;;Cabang Karawang;LOC-394;Plant;;;;;;;Karawang;Jawa Barat;;;;1;1;26/02/2026;
395;120;;Cabang GIIC;LOC-395;Plant;;;;;;;Cikarang;Jawa Barat;;;;1;1;26/02/2026;
396;135;;Unilever Oleo Chemical - Medan;LOC-396;Plant;;;;;;;Medan;Sumatera Utara;;;;0;1;26/02/2026;
397;135;;Gotrans Logistics;LOC-397;Plant;;;;;;;Jakarta Timur;DKI Jakarta;;;;0;1;26/02/2026;
398;99;;Gudang Cikupa;LOC-398;Warehouse;;;;;;;Cikupa;DKI Jakarta;;;;0;1;26/02/2026;
399;134;;Cabang Jakarta;LOC-399;Plant;;;;;;;Jakarta;Jawa Barat;;;;1;1;26/02/2026;
