id_inventory_attachment;tipe_item;no_item;po_id;id_inventory_unit;attachment_id;sn_attachment;baterai_id;sn_baterai;charger_id;sn_charger;kondisi_fisik;kelengkapan;catatan_fisik;lokasi_penyimpanan;attachment_status;tanggal_masuk;catatan_inventory;created_at;updated_at
;attachment;ATT0001;;6265;34;ID-22I-0277;;;;;Baik;Lengkap;;ASPEK KUMBONG;IN_USE;28/09/2022;;;
;attachment;ATT0002;;6242;34;ID-22I-0275;;;;;Baik;Lengkap;;OJI SINARMAS;IN_USE;28/09/2022;;;
;attachment;ATT0003;;6216;34;ID-22I-0270;;;;;Baik;Lengkap;;PAJAR PAPER;IN_USE;28/09/2022;;;
;attachment;ATT0004;;5378;34;ID-22I-0274;;;;;Baik;Lengkap;;ILC KARAWANG;IN_USE;28/09/2022;;;
;attachment;ATT0005;;6287;34;ID-22I-0276;;;;;Baik;Lengkap;;IKPP PERAWANG;IN_USE;28/09/2022;;;
;attachment;ATT0006;;;34;ID-22J-0282;;;;;Baik;Lengkap;;IKPP PERAWANG;SPARE;18/10/2022;;;
;attachment;ATT0007;;;34;ID-22J-0279;;;;;Baik;Lengkap;;IKPP PERAWANG;SPARE;18/10/2022;;;
;attachment;ATT0008;;6024;34;ID-22I-0272;;;;;Baik;Lengkap;;MY PACK;IN_USE;28/09/2022;;;
;attachment;ATT0009;;6329;34;ID-22I-0273;;;;;Baik;Lengkap;;OJI SINARMAS;IN_USE;28/09/2022;;;
;attachment;ATT0010;;6348;34;ID-22J-0283;;;;;Baik;Lengkap;;IKPP PERAWANG;IN_USE;18/10/2022;;;
;attachment;ATT0011;;;38;22-10-13437;;;;;Baik;Lengkap;;IKPP PERAWANG/TANPA UNIT;SPARE;03/12/2022;;;
;attachment;ATT0012;;;38;22-09-12184;;;;;Baik;Lengkap;;IKPP PERAWANG/TANPA UNIT;SPARE;03/12/2022;;;
;attachment;ATT0013;;;38;22-09-12185;;;;;Baik;Lengkap;;IKPP PERAWANG/TANPA UNIT;SPARE;03/12/2022;;;
;attachment;ATT0014;;;38;22-09-12189;;;;;Baik;Lengkap;;IKPP PERAWANG/TANPA UNIT;SPARE;03/12/2022;;;
;attachment;ATT0015;;;38;22-09-12190;;;;;Baik;Lengkap;;IKPP PERAWANG/TANPA UNIT;SPARE;03/12/2022;;;
;attachment;ATT0016;;;38;22-10-13436;;;;;Baik;Lengkap;;IKPP PERAWANG/TANPA UNIT;SPARE;03/12/2022;;;
;attachment;ATT0017;;;38;22-09-12192;;;;;Baik;Lengkap;;IKPP PERAWANG/TANPA UNIT;SPARE;03/12/2022;;;
;attachment;ATT0018;;;38;22-09-12193;;;;;Baik;Lengkap;;IKPP PERAWANG/TANPA UNIT;SPARE;03/12/2022;;;
;attachment;ATT0019;;;38;22-09-12191;;;;;Baik;Lengkap;;IKPP PERAWANG/TANPA UNIT;SPARE;03/12/2022;;;
;attachment;ATT0020;;;38;22-09-12188;;;;;Baik;Lengkap;;IKPP PERAWANG/TANPA UNIT;SPARE;03/12/2022;;;
;attachment;ATT0021;;;35;ID-22K-285;;;;;Baik;Lengkap;;IKPP PERAWANG;SPARE;09/11/2022;;;
;attachment;ATT0022;;5706;35;ID-22K-289;;;;;Baik;Lengkap;;IKPP PERAWANG;IN_USE;09/11/2022;;;
;attachment;ATT0023;;;35;ID-22K-290;;;;;Baik;Lengkap;;IKPP PERAWANG;SPARE;09/11/2022;;;
;attachment;ATT0024;;;34;ID-22L-0293;;;;;Baik;Lengkap;;OKI PALEMBANG;SPARE;06/01/2023;;;
;attachment;ATT0025;;;34;ÌD-22J-0278;;;;;Baik;Lengkap;;IKPP PERAWANG;SPARE;18/10/2022;;;
;attachment;ATT0026;;;34;ID-22J-0280;;;;;Baik;Lengkap;;IKPP PERAWANG;SPARE;18/10/2022;;;
;attachment;ATT0027;;;34;ID-22J-0281;;;;;Baik;Lengkap;;IKPP PERAWANG;SPARE;18/10/2022;;;
;attachment;ATT0028;;1205;34;ID-22I-0271;;;;;Baik;Lengkap;;ILC KARAWANG;IN_USE;28/09/2022;;;
;attachment;ATT0029;;6316;41;0044;;;;;Baik;Lengkap;;IKPP PERAWANG;IN_USE;20/12/2023;;;
;attachment;ATT0030;;6403;41;0047;;;;;Baik;Lengkap;;IKPP PERAWANG;IN_USE;20/12/2023;;;
;attachment;ATT0031;;6365;41;0048;;;;;Baik;Lengkap;;IKPP PERAWANG;IN_USE;20/12/2023;;;
;attachment;ATT0032;;6402;41;0049;;;;;Baik;Lengkap;;IKPP PERAWANG;IN_USE;20/12/2023;;;
;attachment;ATT0033;;6398;41;0050;;;;;Baik;Lengkap;;IKPP PERAWANG;IN_USE;20/12/2023;;;
;attachment;ATT0034;;5312;39;0001;;;;;Baik;Lengkap;;INBUSKO SBY;IN_USE;20/12/2023;;;
;attachment;ATT0035;;6449;39;0003;;;;;Baik;Lengkap;;ILC KARAWANG;IN_USE;20/12/2023;;;
;attachment;ATT0036;;;34;ID-22J-0284;;;;;Baik;Lengkap;;IKPP PERAWANG;SPARE;18/10/2022;;;
;attachment;ATT0037;;5767;35;ID-22K-287;;;;;Baik;Lengkap;;IKPP PERAWANG;IN_USE;09/11/2022;;;
;attachment;ATT0038;;5768;35;ID-22K-288;;;;;Baik;Lengkap;;IKPP PERAWANG;IN_USE;09/11/2022;;;
;attachment;ATT0039;;5769;35;ID-22K-292;;;;;Baik;Lengkap;;IKPP PERAWANG;IN_USE;09/11/2022;;;
;attachment;ATT0040;;4902;34;ID-23C-303;;;;;Baik;Lengkap;;KMA;IN_USE;02/03/2023;;;
;attachment;ATT0041;;6406;34;ID-23C-304;;;;;Baik;Lengkap;;LONTAR;IN_USE;02/03/2023;;;
;attachment;ATT0042;;6407;34;ID-23C-305;;;;;Baik;Lengkap;;LONTAR;IN_USE;02/03/2023;;;
;attachment;ATT0043;;6572;34;ID-23C-312;;;;;Baik;Lengkap;;IKPP PERAWANG;IN_USE;14/04/2023;;;
;attachment;ATT0044;;5359;39;0004;;;;;Baik;Lengkap;;SINOTRANS;IN_USE;20/12/2023;;;
;attachment;ATT0045;;6582;40;0011;;;;;Baik;Lengkap;;IKPP PERAWANG;IN_USE;20/12/2023;;;
;attachment;ATT0046;;6586;40;0012;;;;;Baik;Lengkap;;IKPP PERAWANG;IN_USE;20/12/2023;;;
;attachment;ATT0047;;6486;40;0013;;;;;Baik;Lengkap;;IKPP PERAWANG;IN_USE;20/12/2023;;;
;attachment;ATT0048;;6585;40;0026;;;;;Baik;Lengkap;;IKPP PERAWANG;IN_USE;20/12/2023;;;
;attachment;ATT0049;;6579;40;0028;;;;;Baik;Lengkap;;IKPP PERAWANG;IN_USE;20/12/2023;;;
;attachment;ATT0050;;6584;40;0029;;;;;Baik;Lengkap;;IKPP PERAWANG;IN_USE;20/12/2023;;;
;attachment;ATT0051;;6581;40;0030;;;;;Baik;Lengkap;;IKPP PERAWANG;IN_USE;20/12/2023;;;
;attachment;ATT0052;;6580;40;0034;;;;;Baik;Lengkap;;IKPP PERAWANG;IN_USE;20/12/2023;;;
;attachment;ATT0053;;6583;40;0035;;;;;Baik;Lengkap;;IKPP PERAWANG;IN_USE;20/12/2023;;;
;attachment;ATT0054;;6599;29;0003;;;;;Baik;Lengkap;;IKPP PERAWANG;IN_USE;20/12/2023;;;
;attachment;ATT0055;;6605;29;0011;;;;;Baik;Lengkap;;IKPP PERAWANG;IN_USE;20/12/2023;;;
;attachment;ATT0056;;;41;0032;;;;;Baik;Lengkap;;IKPP PERAWANG/TANPA UNIT;SPARE;20/12/2023;;;
;attachment;ATT0057;;;41;0033;;;;;Baik;Lengkap;;IKPP PERAWANG/TANPA UNIT;SPARE;20/12/2023;;;
;attachment;ATT0058;;;41;0034;;;;;Baik;Lengkap;;IKPP PERAWANG/TANPA UNIT;SPARE;20/12/2023;;;
;attachment;ATT0059;;;41;0035;;;;;Baik;Lengkap;;IKPP PERAWANG/TANPA UNIT;SPARE;20/12/2023;;;
;attachment;ATT0060;;;41;0036;;;;;Baik;Lengkap;;IKPP PERAWANG/TANPA UNIT;SPARE;20/12/2023;;;
;attachment;ATT0061;;;41;0037;;;;;Baik;Lengkap;;IKPP PERAWANG/TANPA UNIT;SPARE;20/12/2023;;;
;attachment;ATT0062;;;41;0038;;;;;Baik;Lengkap;;IKPP PERAWANG/TANPA UNIT;SPARE;20/12/2023;;;
;attachment;ATT0063;;;41;0039;;;;;Baik;Lengkap;;IKPP PERAWANG/TANPA UNIT;SPARE;20/12/2023;;;
;attachment;ATT0064;;;41;0040;;;;;Baik;Lengkap;;IKPP PERAWANG/TANPA UNIT;SPARE;20/12/2023;;;
;attachment;ATT0065;;;41;0041;;;;;Baik;Lengkap;;IKPP PERAWANG/TANPA UNIT;SPARE;20/12/2023;;;
;attachment;ATT0066;;;41;0042;;;;;Baik;Lengkap;;IKPP PERAWANG/TANPA UNIT;SPARE;20/12/2023;;;
;attachment;ATT0067;;;41;0043;;;;;Baik;Lengkap;;IKPP PERAWANG/TANPA UNIT;SPARE;20/12/2023;;;
;attachment;ATT0068;;6621;40;0016;;;;;Baik;Lengkap;;IKPP PERAWANG;IN_USE;20/12/2023;;;
;attachment;ATT0069;;6623;40;0017;;;;;Baik;Lengkap;;IKPP PERAWANG;IN_USE;20/12/2023;;;
;attachment;ATT0070;;6609;40;0018;;;;;Baik;Lengkap;;IKPP PERAWANG;IN_USE;20/12/2023;;;
;attachment;ATT0071;;6622;40;0019;;;;;Baik;Lengkap;;IKPP PERAWANG;IN_USE;20/12/2023;;;
;attachment;ATT0072;;6587;40;0020;;;;;Baik;Lengkap;;IKPP PERAWANG;IN_USE;20/12/2023;;;
;attachment;ATT0073;;6607;29;0004;;;;;Baik;Lengkap;;IKPP PERAWANG;IN_USE;20/12/2023;;;
;attachment;ATT0074;;6608;29;0014;;;;;Baik;Lengkap;;IKPP PERAWANG;IN_USE;20/12/2023;;;
;attachment;ATT0075;;1205;0;2110BCAP0003;;;;;Baik;Lengkap;;INDOBARAT;IN_USE;30/05/2023;;;
;attachment;ATT0076;;6589;0;2110BCAP0004;;;;;Baik;Lengkap;;INDOBARAT;IN_USE;30/05/2023;;;
;attachment;ATT0077;;5204;7;BWKA3983;;;;;Baik;Lengkap;;INDOBARAT;IN_USE;31/05/2023;;;
;attachment;ATT0078;;5486;7;BWKA3984;;;;;Baik;Lengkap;;INDOBARAT;IN_USE;31/05/2023;;;
;attachment;ATT0079;;5206;7;BWKA8503;;;;;Baik;Lengkap;;INDOBARAT;IN_USE;31/05/2023;;;
;attachment;ATT0080;;5025;7;BWKA8981;;;;;Baik;Lengkap;;INDOBARAT;IN_USE;31/05/2023;;;
;attachment;ATT0081;;6593;7;BWKA8980;;;;;Baik;Lengkap;;INDOBARAT;IN_USE;31/05/2023;;;
;attachment;ATT0082;;5310;39;0006;;;;;Baik;Lengkap;;PT.NABATI;IN_USE;20/12/2023;;;
;attachment;ATT0083;;6397;41;0016;;;;;Baik;Lengkap;;IKPP PERAWANG;IN_USE;20/12/2023;;;
;attachment;ATT0084;;6399;41;0021;;;;;Baik;Lengkap;;IKPP PERAWANG;IN_USE;20/12/2023;;;
;attachment;ATT0085;;6353;41;0022;;;;;Baik;Lengkap;;IKPP PERAWANG;IN_USE;20/12/2023;;;
;attachment;ATT0086;;6354;41;0023;;;;;Baik;Lengkap;;IKPP PERAWANG;IN_USE;20/12/2023;;;
;attachment;ATT0087;;6356;41;0025;;;;;Baik;Lengkap;;IKPP PERAWANG;IN_USE;20/12/2023;;;
;attachment;ATT0088;;6357;41;0026;;;;;Baik;Lengkap;;IKPP PERAWANG;IN_USE;20/12/2023;;;
;attachment;ATT0089;;6358;41;0027;;;;;Baik;Lengkap;;IKPP PERAWANG;IN_USE;20/12/2023;;;
;attachment;ATT0090;;6359;41;0028;;;;;Baik;Lengkap;;IKPP PERAWANG;IN_USE;20/12/2023;;;
;attachment;ATT0091;;6360;41;0029;;;;;Baik;Lengkap;;IKPP PERAWANG;IN_USE;20/12/2023;;;
;attachment;ATT0092;;6361;41;0030;;;;;Baik;Lengkap;;IKPP PERAWANG;IN_USE;20/12/2023;;;
;attachment;ATT0093;;6362;41;0031;;;;;Baik;Lengkap;;IKPP PERAWANG;IN_USE;20/12/2023;;;
;attachment;ATT0094;;;40;0032;;;;;Baik;Lengkap;;IKPP PERAWANG;SPARE;20/12/2023;;;
;attachment;ATT0095;;6669;40;0014;;;;;Baik;Lengkap;;PT.SASA;IN_USE;20/12/2023;;;
;attachment;ATT0096;;;40;0019;;;;;Baik;Lengkap;;IKPP PERAWANG;SPARE;20/12/2023;;;
;attachment;ATT0097;;;40;0020;;;;;Baik;Lengkap;;IKPP PERAWANG;SPARE;20/12/2023;;;
;attachment;ATT0098;;6601;29;0009;;;;;Baik;Lengkap;;IKPP PERAWANG;IN_USE;20/12/2023;;;
;attachment;ATT0099;;6627;39;0005;;;;;Baik;Lengkap;;CNS MALANG;IN_USE;20/12/2023;;;
;attachment;ATT0100;;5546;41;0045;;;;;Baik;Lengkap;;BEKAERT;IN_USE;20/12/2023;;;
;attachment;ATT0101;;6270;36;22-10-13435;;;;;Baik;Lengkap;;FAJAR PAPER;IN_USE;13/03/2023;;;
;attachment;ATT0102;;;40;0031;;;;;Baik;Lengkap;;-;AVAILABLE;20/12/2023;;;
;attachment;ATT0103;;;40;0033;;;;;Baik;Lengkap;;;AVAILABLE;20/12/2023;;;
;attachment;ATT0104;;6627;40;0036;;;;;Baik;Lengkap;;POCARI SWEET;IN_USE;20/12/2023;;;
;attachment;ATT0105;;7543;35;ID-22K-291;;;;;Baik;Lengkap;;UNIVENUS SERANG;IN_USE;09/11/2022;;;
;attachment;ATT0106;;5142;40;0038;;;;;Baik;Lengkap;;AMERTA;IN_USE;20/12/2023;;;
;attachment;ATT0107;;5226;40;0027;;;;;Baik;Lengkap;;TEKPAK;IN_USE;20/12/2023;;;
;attachment;ATT0108;;6348;37;22-10-12609;;;;;Baik;Lengkap;;POOL SML;IN_USE;17/07/2023;;;
;attachment;ATT0109;;;33;XIA-2302600-1;;;;;Baik;Lengkap;;-;AVAILABLE;30/05/2023;;;
;attachment;ATT0110;;;40;0037;;;;;Baik;Lengkap;;-;AVAILABLE;20/12/2023;;;
;attachment;ATT0111;;6258;31;HZ-941114;;;;;Baik;Lengkap;;PRSYMIAN;IN_USE;06/09/2023;;;
;attachment;ATT0112;;6256;31;HZ-941115;;;;;Baik;Lengkap;;PRSYMIAN;IN_USE;06/09/2023;;;
;attachment;ATT0113;;5641;31;HZ-941132;;;;;Baik;Lengkap;;PRSYMIAN;IN_USE;06/09/2023;;;
;attachment;ATT0114;;6306;31;HZ-941131;;;;;Baik;Lengkap;;PRSYMIAN;IN_USE;06/09/2023;;;
;attachment;ATT0115;;5030;39;0009;;;;;Baik;Lengkap;;INBUCSO;IN_USE;20/12/2023;;;
;attachment;ATT0116;;5316;39;0011;;;;;Baik;Lengkap;;INBUCSO;IN_USE;20/12/2023;;;
;attachment;ATT0117;;6594;40;0021;;;;;Baik;Lengkap;;AMERTA;IN_USE;20/12/2023;;;
;attachment;ATT0118;;6666;40;0022;;;;;Baik;Lengkap;;AMERTA;IN_USE;20/12/2023;;;
;attachment;ATT0119;;6631;40;0023;;;;;Baik;Lengkap;;AMERTA;IN_USE;20/12/2023;;;
;attachment;ATT0120;;7028;40;0024;;;;;Baik;Lengkap;;AMERTA;IN_USE;20/12/2023;;;
;attachment;ATT0121;;6625;40;0025;;;;;Baik;Lengkap;;AMERTA;IN_USE;20/12/2023;;;
;attachment;ATT0122;;6665;40;0039;;;;;Baik;Lengkap;;AMERTA;IN_USE;20/12/2023;;;
;attachment;ATT0123;;;40;0040;;;;;Baik;Lengkap;;-;AVAILABLE;20/12/2023;;;
;attachment;ATT0124;;;34;ID-22L-0294;;;;;Baik;Lengkap;;IKPP PERAWANG;SPARE;06/01/2023;;;
;attachment;ATT0125;;;34;ID-22L-0295;;;;;Baik;Lengkap;;IKPP PERAWANG;SPARE;06/01/2023;;;
;attachment;ATT0126;;;34;ID-22L-0296;;;;;Baik;Lengkap;;IKPP PERAWANG;SPARE;06/01/2023;;;
;attachment;ATT0127;;;34;ID-22L-0297;;;;;Baik;Lengkap;;IKPP PERAWANG;SPARE;06/01/2023;;;
;attachment;ATT0128;;;34;ID-22L-0298;;;;;Baik;Lengkap;;IKPP PERAWANG;SPARE;06/01/2023;;;
;attachment;ATT0129;;;34;ID-22L-0299;;;;;Baik;Lengkap;;IKPP PERAWANG;SPARE;06/01/2023;;;
;attachment;ATT0130;;;34;ID-22L-0300;;;;;Baik;Lengkap;;IKPP PERAWANG;SPARE;06/01/2023;;;
;attachment;ATT0131;;;34;ID-22L-0301;;;;;Baik;Lengkap;;IKPP PERAWANG;SPARE;06/01/2023;;;
;attachment;ATT0132;;7544;26;0016;;;;;Baik;Lengkap;;SUPERNOVA;IN_USE;20/12/2023;;;
;attachment;ATT0133;;7072;26;0006;;;;;Baik;Lengkap;;AMERTA;IN_USE;20/12/2023;;;
;attachment;ATT0134;;7067;26;0007;;;;;Baik;Lengkap;;AMERTA;IN_USE;20/12/2023;;;
;attachment;ATT0135;;6625;26;0008;;;;;Baik;Lengkap;;AMERTA;IN_USE;20/12/2023;;;
;attachment;ATT0136;;6667;26;0009;;;;;Baik;Lengkap;;AMERTA;IN_USE;20/12/2023;;;
;attachment;ATT0137;;7071;26;0010;;;;;Baik;Lengkap;;AMERTA;IN_USE;20/12/2023;;;
;attachment;ATT0138;;7065;26;0011;;;;;Baik;Lengkap;;AMERTA;IN_USE;20/12/2023;;;
;attachment;ATT0139;;6668;26;0012;;;;;Baik;Lengkap;;AMERTA;IN_USE;20/12/2023;;;
;attachment;ATT0140;;7063;26;0014;;;;;Baik;Lengkap;;AMERTA;IN_USE;20/12/2023;;;
;attachment;ATT0141;;7066;26;0015;;;;;Baik;Lengkap;;AMERTA;IN_USE;20/12/2023;;;
;attachment;ATT0142;;7073;26;0013;;;;;Baik;Lengkap;;AMERTA ANCOL;IN_USE;20/12/2023;;;
;attachment;ATT0143;;6950;26;0036;;;;;Baik;Lengkap;;PT. THUBAS TUNGGAL PERKASA( DIJUAL 28.12.23);SOLD;20/12/2023;;;
;attachment;ATT0144;;6974;26;0037;;;;;Baik;Lengkap;;PT. THUBAS TUNGGAL PERKASA( DIJUAL 28.12.23);SOLD;20/12/2023;;;
;attachment;ATT0145;;6952;26;0038;;;;;Baik;Lengkap;;DIJUAL UP WINSTON;SOLD;20/12/2023;;;
;attachment;ATT0146;;6975;26;0039;;;;;Baik;Lengkap;;PT. THUBAS TUNGGAL PERKASA( DIJUAL 28.12.23);SOLD;20/12/2023;;;
;attachment;ATT0147;;6948;26;0040;;;;;Baik;Lengkap;;DIJUAL UP WINSTON;SOLD;20/12/2023;;;
;attachment;ATT0148;;5372;39;0007;;;;;Baik;Lengkap;;CML;IN_USE;20/12/2023;;;
;attachment;ATT0149;;5371;39;0008;;;;;Baik;Lengkap;;HEINZ ABC;IN_USE;20/12/2023;;;
;attachment;ATT0150;;;26;0043;;;;;Baik;Lengkap;;LOGISAL;SPARE;20/12/2023;;;
;attachment;ATT0151;;7075;26;0044;;;;;Baik;Lengkap;;LOGISAL;IN_USE;20/12/2023;;;
;attachment;ATT0152;;7076;26;0045;;;;;Baik;Lengkap;;LOGISAL;IN_USE;20/12/2023;;;
;attachment;ATT0153;;7077;26;0046;;;;;Baik;Lengkap;;LOGISAL;IN_USE;20/12/2023;;;
;attachment;ATT0154;;7196;34;ID-23C-313;;;;;Baik;Lengkap;;DAYA CIPTA;IN_USE;14/04/2023;;;
;attachment;ATT0155;;7197;34;ID-23C-316;;;;;Baik;Lengkap;;DAYA CIPTA;IN_USE;14/04/2023;;;
;attachment;ATT0156;;7198;34;ID-23C-308;;;;;Baik;Lengkap;;-;IN_USE;02/03/2023;;;
;attachment;ATT0157;;7195;34;ID-23C-310;;;;;Baik;Lengkap;;-;IN_USE;02/03/2023;;;
;attachment;ATT0158;;6836;29;0001;;;;;Baik;Lengkap;;PT. ZHONG SHENG MACHINERY( DIJUAL 31.1.24);SOLD;20/12/2023;;;
;attachment;ATT0159;;;13;WTC2304026;;;;;Baik;Lengkap;;-;AVAILABLE;31/05/2023;;;
;attachment;ATT0160;;5486;24;23-06-8524;;;;;Baik;Lengkap;;PT.INDOBARAT;IN_USE;20/07/2023;;;
;attachment;ATT0161;;6377;26;0042;;;;;Baik;Lengkap;;POS 2 KUSNO;IN_USE;20/12/2023;;;
;attachment;ATT0162;;6638;29;0005;;;;;Baik;Lengkap;;POS 5 KUSNO;IN_USE;20/12/2023;;;
;attachment;ATT0163;;6640;29;0006;;;;;Baik;Lengkap;;POS 5 KUSNO;IN_USE;20/12/2023;;;
;attachment;ATT0164;;7211;23;23226600ADC;;;;;Baik;Lengkap;;PRYSMIAN;IN_USE;26/02/2025;;;
;attachment;ATT0165;;6063;18;24-02-2339;;;;;Baik;Lengkap;;PAPER;IN_USE;06/04/2024;;;
;attachment;ATT0166;;7111;27;23-09-12178;;;;;Baik;Lengkap;;-;IN_USE;20/12/2023;;;
;attachment;ATT0167;;7112;20;24-02-1900;;;;;Baik;Lengkap;;;IN_USE;06/04/2024;;;
;attachment;ATT0168;;;26;0047;;;;;Baik;Lengkap;;;AVAILABLE;20/12/2023;;;
;attachment;ATT0169;;6809;48;24-02-2413;;;;;Baik;Lengkap;;PURINUSA;IN_USE;06/04/2024;;;
;attachment;ATT0170;;6935;48;24-02-2410;;;;;Baik;Lengkap;;PURINUSA;IN_USE;06/04/2024;;;
;attachment;ATT0171;;;29;0013;;;;;Baik;Lengkap;;DIJUAL PAK WINSTON;SOLD;20/12/2023;;;
;attachment;ATT0172;;;26;0048;;;;;Baik;Lengkap;;DIJUAL PAK WINSTON;SOLD;20/12/2023;;;
;attachment;ATT0173;;6593;16;WT2407075;;;;;Baik;Lengkap;;IBR;IN_USE;#N/A;;;
;attachment;ATT0174;;6446;26;0049;;;;;Baik;Lengkap;;PT. BLUE SCOP;IN_USE;20/12/2023;;;
;attachment;ATT0175;;7321;16;WT2407076;;;;;Baik;Lengkap;;SPV PURWAKARTA;IN_USE;#N/A;;;
;attachment;ATT0176;;7163;29;0016;;;;;Baik;Lengkap;;PT PAPERPACK PRINTAMA INDONESIA( DIJUAL 15 MEI 2024);SOLD;20/12/2023;;;
;attachment;ATT0177;;1205;48;24-02-2409;;;;;Baik;Lengkap;;INDOBARAT;IN_USE;06/04/2024;;;
;attachment;ATT0178;;6641;29;0012;;;;;Baik;Lengkap;;PT.AOYAMA;IN_USE;20/12/2023;;;
;attachment;ATT0179;;;4;WT2401070;;;;;Baik;Lengkap;;NS BLUESCOPE;SPARE;05/06/2023;;;
;attachment;ATT0180;;6784;48;24-02-2411;;;;;Baik;Lengkap;;SPV;IN_USE;06/04/2024;;;
;attachment;ATT0181;;7287;48;24-02-2412;;;;;Baik;Lengkap;;SPV;IN_USE;06/04/2024;;;
;attachment;ATT0182;;7235;48;24-02-2414;;;;;Baik;Lengkap;;SPV;IN_USE;06/04/2024;;;
;attachment;ATT0183;;7234;48;24-02-2415;;;;;Baik;Lengkap;;SPV;IN_USE;06/04/2024;;;
;attachment;ATT0184;;6793;48;24-02-2416;;;;;Baik;Lengkap;;SPV;IN_USE;06/04/2024;;;
;attachment;ATT0185;;7242;48;24-02-2417;;;;;Baik;Lengkap;;SPV;IN_USE;06/04/2024;;;
;attachment;ATT0186;;7236;48;24-02-2418;;;;;Baik;Lengkap;;SPV;IN_USE;06/04/2024;;;
;attachment;ATT0187;;7286;16;WT2402037;;;;;Baik;Lengkap;;SPV;IN_USE;12/06/2024;;;
;attachment;ATT0188;;7235;16;WT2402038;;;;;Baik;Lengkap;;SPV;IN_USE;12/06/2024;;;
;attachment;ATT0189;;6706;27;23-10-14976;;;;;Baik;Lengkap;;MUSASI CIKARANG;IN_USE;20/12/2023;;;
;attachment;ATT0190;;7538;15;BWMA4334;;;;;Baik;Lengkap;;SPV;IN_USE;14/06/2024;;;
;attachment;ATT0191;;6784;15;BWMA4333;;;;;Baik;Lengkap;;SPV;IN_USE;#N/A;;;
;attachment;ATT0192;;7289;26;0050;;;;;Baik;Lengkap;;SUPERNOVA;IN_USE;20/12/2023;;;
;attachment;ATT0193;;7293;29;0032;;;;;Baik;Lengkap;;CV EXCELINDO ABADI ( ERIK) DIJUAL 28.6.24);SOLD;20/12/2023;;;
;attachment;ATT0194;;6804;29;0033;;;;;Baik;Lengkap;;PT ZHONG SHENG MACHINERY( Dijual 28.6.24);SOLD;20/12/2023;;;
;attachment;ATT0195;;5831;20;24-02-1899;;;;;Baik;Lengkap;;;IN_USE;06/04/2024;;;
;attachment;ATT0196;;7254;29;0031;;;;;Baik;Lengkap;;CV EXELINDO ABADI( DIJUAL 16.7.24);SOLD;20/12/2023;;;
;attachment;ATT0197;;6930;26;0001;;;;;Baik;Lengkap;;PT.MGC;IN_USE;20/12/2023;;;
;attachment;ATT0198;;6932;26;0002;;;;;Baik;Lengkap;;PT.MGC;IN_USE;20/12/2023;;;
;attachment;ATT0199;;7338;26;0004;;;;;Baik;Lengkap;;PT. SUSU INTI;IN_USE;20/12/2023;;;
;attachment;ATT0200;;7247;19;24-02-2327;;;;;Baik;Lengkap;;UNIVENUS SURABAYA;IN_USE;06/04/2024;;;
;attachment;ATT0201;;7103;29;0036;;;;;Baik;Lengkap;;BRIDON;IN_USE;20/12/2023;;;
;attachment;ATT0202;;7275;25;2349957 L/R;;;;;Baik;Lengkap;;PT. NABATI;IN_USE;29/02/2024;;;
;attachment;ATT0203;;7576;18;24-02-2337;;;;;Baik;Lengkap;;ASPEX KUMBONG;IN_USE;06/04/2024;;;
;attachment;ATT0204;;;20;23-06-8216;;;;;Baik;Lengkap;;;AVAILABLE;20/07/2023;;;
;attachment;ATT0205;;7445;48;24-08-14022;;;;;Baik;Lengkap;;SPV PURWAKARTA;IN_USE;11/09/2024;;;
;attachment;ATT0206;;7441;48;24-08-14027;;;;;Baik;Lengkap;;SPV PURWAKARTA;IN_USE;11/09/2024;;;
;attachment;ATT0207;;6768;48;24-08-14028;;;;;Baik;Lengkap;;SPV PURWAKARTA;IN_USE;11/09/2024;;;
;attachment;ATT0208;;7442;48;24-08-14035;;;;;Baik;Lengkap;;SPV PURWAKARTA;IN_USE;11/09/2024;;;
;attachment;ATT0209;;6711;48;24-08-14036;;;;;Baik;Lengkap;;SPV PURWAKARTA;IN_USE;11/09/2024;;;
;attachment;ATT0210;;7440;48;24-08-14037;;;;;Baik;Lengkap;;SPV PURWAKARTA;IN_USE;11/09/2024;;;
;attachment;ATT0211;;;20;23-06-8218;;;;;Baik;Lengkap;;;AVAILABLE;20/07/2023;;;
;attachment;ATT0212;;7447;48;24-08-14024;;;;;Baik;Lengkap;;SPV PURWAKARTA;IN_USE;11/09/2024;;;
;attachment;ATT0213;;7439;48;24-08-14025;;;;;Baik;Lengkap;;SPV PURWAKARTA;IN_USE;11/09/2024;;;
;attachment;ATT0214;;7443;48;24-08-14026;;;;;Baik;Lengkap;;SPV PURWAKARTA;IN_USE;11/09/2024;;;
;attachment;ATT0215;;7449;48;24-08-14029;;;;;Baik;Lengkap;;SPV PURWAKARTA;IN_USE;11/09/2024;;;
;attachment;ATT0216;;7444;48;24-08-14031;;;;;Baik;Lengkap;;SPV PURWAKARTA;IN_USE;11/09/2024;;;
;attachment;ATT0217;;7450;48;24-08-14032;;;;;Baik;Lengkap;;SPV PURWAKARTA;IN_USE;11/09/2024;;;
;attachment;ATT0218;;7446;48;24-08-14033;;;;;Baik;Lengkap;;SPV PURWAKARTA;IN_USE;11/09/2024;;;
;attachment;ATT0219;;7448;48;24-08-14034;;;;;Baik;Lengkap;;SPV PURWAKARTA;IN_USE;11/09/2024;;;
;attachment;ATT0220;;7314;29;0043;;;;;Baik;Lengkap;;KCC GLASS;IN_USE;20/12/2023;;;
;attachment;ATT0221;;7357;48;24-08-14023;;;;;Baik;Lengkap;;SPV PURWAKARTA;IN_USE;11/09/2024;;;
;attachment;ATT0222;;5302;10;8055;;;;;Baik;Lengkap;;;IN_USE;11/09/2024;;;
;attachment;ATT0223;;6643;29;0035;;;;;Baik;Lengkap;;COLOROBBIA;IN_USE;20/12/2023;;;
;attachment;ATT0224;;7421;26;0026;;;;;Baik;Lengkap;;PT.SINOTRANS;IN_USE;20/12/2023;;;
;attachment;ATT0225;;7032;19;24-02-3312;;;;;Baik;Lengkap;;PT. PURINUSA BAWEN;IN_USE;06/04/2024;;;
;attachment;ATT0226;;5199;10;8054;;;;;Baik;Lengkap;;POOL;IN_USE;11/09/2024;;;
;attachment;ATT0227;;6931;26;0005;;;;;Baik;Lengkap;;PURINUSA;IN_USE;20/12/2023;;;
;attachment;ATT0228;;;20;23-06-8221;;;;;Baik;Lengkap;;;AVAILABLE;20/07/2023;;;
;attachment;ATT0229;;;20;23-06-8220;;;;;Baik;Lengkap;;;AVAILABLE;20/07/2023;;;
;attachment;ATT0230;;;20;23-06-8217;;;;;Baik;Lengkap;;;AVAILABLE;20/07/2023;;;
;attachment;ATT0231;;;20;23-06-8219;;;;;Baik;Lengkap;;;AVAILABLE;20/07/2023;;;
;attachment;ATT0232;;;20;23-06-8525;;;;;Baik;Lengkap;;;AVAILABLE;20/07/2023;;;
;attachment;ATT0233;;7322;48;24-08-14030;;;;;Baik;Lengkap;;SPV PURWAKARTA;IN_USE;11/09/2024;;;
;attachment;ATT0234;;6406;10;8053;;;;;Baik;Lengkap;;POOL;IN_USE;11/09/2024;;;
;attachment;ATT0235;;;10;8056;;;;;Baik;Lengkap;;;AVAILABLE;11/09/2024;;;
;attachment;ATT0236;;7488;29;0044;;;;;Baik;Lengkap;;KCC GLASS;IN_USE;20/12/2023;;;
;attachment;ATT0237;;7356;26;0027;;;;;Baik;Lengkap;;CJ SURABAYA;IN_USE;20/12/2023;;;
;attachment;ATT0238;;7355;26;0028;;;;;Baik;Lengkap;;DIJUAL ELASTOMIX INDONESIA;SOLD;20/12/2023;;;
;attachment;ATT0239;;5359;29;0047;;;;;Baik;Lengkap;;SURABAYA;IN_USE;20/12/2023;;;
;attachment;ATT0240;;1367;25;2331172 L/R;;;;;Baik;Lengkap;;-;IN_USE;27/06/2023;;;
;attachment;ATT0241;;7810;26;0029;;;;;Baik;Lengkap;;PINDODELI KARAWANG;IN_USE;20/12/2023;;;
;attachment;ATT0242;;6097;22;24-03-4033;;;;;Baik;Lengkap;;;IN_USE;06/04/2024;;;
;attachment;ATT0243;;7231;22;24-03-4546;;;;;Baik;Lengkap;;;IN_USE;06/04/2024;;;
;attachment;ATT0244;;6147;22;24-03-4547;;;;;Baik;Lengkap;;;IN_USE;06/04/2024;;;
;attachment;ATT0245;;7297;29;0021;;;;;Baik;Lengkap;;PT. TOPIA ABADI;IN_USE;20/12/2023;;;
;attachment;ATT0246;;;29;0022;;;;;Baik;Lengkap;;DIJUAL;SOLD;20/12/2023;;;
;attachment;ATT0247;;7265;19;24-02-3310;;;;;Baik;Lengkap;;IKPP PERAWANG;IN_USE;06/04/2024;;;
;attachment;ATT0248;;5199;10;8057;;;;;Baik;Lengkap;;;IN_USE;11/09/2024;;;
;attachment;ATT0249;;7337;19;24-03-4297;;;;;Baik;Lengkap;;PT. PURINUSA SUBANG;IN_USE;06/04/2024;;;
;attachment;ATT0250;;;26;0022;;;;;Baik;Lengkap;;DIJUAL CV.EXCELINDO ABADI;SOLD;20/12/2023;;;
;attachment;ATT0251;;7452;26;0030;;;;;Baik;Lengkap;;ILC;IN_USE;20/12/2023;;;
;attachment;ATT0252;;7463;26;0031;;;;;Baik;Lengkap;;ABADI JAYA;IN_USE;20/12/2023;;;
;attachment;ATT0253;;7406;8;24-08-14066;;;;;Baik;Lengkap;;KCC GLASS;IN_USE;11/09/2024;;;
;attachment;ATT0254;;7568;9;24-08-14056;;;;;Baik;Lengkap;;OKI PALEMBANG;IN_USE;11/09/2024;;;
;attachment;ATT0255;;;5;AT20231229001;;;;;Baik;Lengkap;;-;AVAILABLE;10/12/2024;;;
;attachment;ATT0256;;7266;19;24-02-2332;;;;;Baik;Lengkap;;IKPP PERAWANG;IN_USE;06/04/2024;;;
;attachment;ATT0257;;5302;8;24-08-14064;;;;;Baik;Lengkap;;KCC GLASS;IN_USE;11/09/2024;;;
;attachment;ATT0258;;5199;8;24-08-14065;;;;;Baik;Lengkap;;KCC GLASS;IN_USE;11/09/2024;;;
;attachment;ATT0259;;;6;AT20220407001;;;;;Baik;Lengkap;;-;AVAILABLE;10/12/2024;;;
;attachment;ATT0260;;7501;29;0029;;;;;Baik;Lengkap;;SUI PALEMBANG;IN_USE;20/12/2023;;;
;attachment;ATT0261;;6729;9;24-08-14057;;;;;Baik;Lengkap;;WEATHERFOARD;IN_USE;11/09/2024;;;
;attachment;ATT0262;;6764;9;24-08-14055;;;;;Baik;Lengkap;;WEATHERFOARD;IN_USE;11/09/2024;;;
;attachment;ATT0263;;7591;26;0033;;;;;Baik;Lengkap;;PT. YCH;IN_USE;20/12/2023;;;
;attachment;ATT0264;;7593;26;0034;;;;;Baik;Lengkap;;PT. YCH;IN_USE;20/12/2023;;;
;attachment;ATT0265;;7592;26;0035;;;;;Baik;Lengkap;;PT. YCH;IN_USE;20/12/2023;;;
;attachment;ATT0266;;7587;29;0027;;;;;Baik;Lengkap;;PALEMBANG;IN_USE;20/12/2023;;;
;attachment;ATT0267;;7042;29;0030;;;;;Baik;Lengkap;;SUI PALEMBANG;IN_USE;20/12/2023;;;
;attachment;ATT0268;;7584;29;0050;;;;;Baik;Lengkap;;SUI PALEMBANG;IN_USE;20/12/2023;;;
;attachment;ATT0269;;7584;29;0028;;;;;Baik;Lengkap;;SUI PALEMBANG;IN_USE;20/12/2023;;;
;attachment;ATT0270;;7585;29;0049;;;;;Baik;Lengkap;;SRITANG PALEMBANG;IN_USE;20/12/2023;;;
;attachment;ATT0271;;6372;29;0041;;;;;Baik;Lengkap;;YCTI INDONESIA BANTEN;IN_USE;20/12/2023;;;
;attachment;ATT0272;;6973;29;0002;;;;;Baik;Lengkap;;IKPP PERAWANG;IN_USE;20/12/2023;;;
;attachment;ATT0273;;6715;9;24-08-14058;;;;;Baik;Lengkap;;WEATHERFOARD;IN_USE;11/09/2024;;;
;attachment;ATT0274;;7494;28;23-11-16366;;;;;Baik;Lengkap;;SRITRANG;IN_USE;20/12/2023;;;
;attachment;ATT0275;;7490;27;23-10-14449;;;;;Baik;Lengkap;;SRITRANG;IN_USE;20/12/2023;;;
;attachment;ATT0276;;7564;1;#REF!;;;;;Baik;Lengkap;;KCC GLAS;IN_USE;#REF!;;;
;attachment;ATT0277;;7565;1;88000249229/3;;;;;Baik;Lengkap;;KCC GLAS;IN_USE;10/01/2025;;;
;attachment;ATT0278;;7566;1;88000249229/2;;;;;Baik;Lengkap;;KCC GLAS;IN_USE;10/01/2025;;;
;attachment;ATT0279;;7564;1;88000249229/1;;;;;Baik;Lengkap;;KCC GLASS;IN_USE;10/01/2025;;;
;attachment;ATT0280;;7566;1;88000249229/2;;;;;Baik;Lengkap;;KCC GLASS;IN_USE;10/01/2025;;;
;attachment;ATT0281;;7565;1;88000249229/3;;;;;Baik;Lengkap;;KCC GLASS;IN_USE;10/01/2025;;;
;attachment;ATT0282;;;9;24-08-14059;;;;;Baik;Lengkap;;IKPP PERAWANG;IN_USE;11/09/2024;;;
;attachment;ATT0283;;5111;19;24-03-4298;;;;;Baik;Lengkap;;OKI PALEMBANG;IN_USE;06/04/2024;;;
;attachment;ATT0284;;4793;19;24-03-4300;;;;;Baik;Lengkap;;OKI PALEMBANG;IN_USE;06/04/2024;;;
;attachment;ATT0285;;6215;41;0024;;;;;Baik;Lengkap;;ENERGI SEJAHTERA MAS DUMAI;IN_USE;20/12/2023;;;
;attachment;ATT0286;;;29;0007;;;;;Baik;Lengkap;;-;AVAILABLE;20/12/2023;;;
;attachment;ATT0287;;7600;2;ID-25A-320;;;;;Baik;Lengkap;;PHOENIX TARAKAN;IN_USE;12/02/2025;;;
;attachment;ATT0288;;7599;2;ID-25A-318;;;;;Baik;Lengkap;;PHOENIX TARAKAN;IN_USE;12/02/2025;;;
;attachment;ATT0289;;5550;29;0008;;;;;Baik;Lengkap;;BEKAERT;IN_USE;20/12/2023;;;
;attachment;ATT0290;;7589;2;ID-25A-322;;;;;Baik;Lengkap;;OKI PALEMBANG;IN_USE;12/02/2025;;;
;attachment;ATT0291;;7588;2;ID-25A-321;;;;;Baik;Lengkap;;OKI PALEMBANG;IN_USE;12/02/2025;;;
;attachment;ATT0292;;7587;2;ID-25A-319;;;;;Baik;Lengkap;;OKI PALEMBANG;IN_USE;12/02/2025;;;
;attachment;ATT0293;;7420;26;0025;;;;;Baik;Lengkap;;ULTRA JAYA BANDUNG;IN_USE;20/12/2023;;;
;attachment;ATT0294;;7508;26;0024;;;;;Baik;Lengkap;;NGK KERAMIK;IN_USE;20/12/2023;;;
;attachment;ATT0295;;7239;26;0023;;;;;Baik;Lengkap;;PAPANDAYAN BANDUNG;IN_USE;20/12/2023;;;
;attachment;ATT0296;;7616;26;0022;;;;;Baik;Lengkap;;PAPANDAYAN BANDUNG;IN_USE;20/12/2023;;;
;attachment;ATT0297;;7653;19;24-02-3311;;;;;Baik;Lengkap;;RAPP;IN_USE;06/04/2024;;;
;attachment;ATT0298;;7654;19;24-03-4296;;;;;Baik;Lengkap;;RAPP;IN_USE;06/04/2024;;;
;attachment;ATT0299;;7655;19;24-03-4299;;;;;Baik;Lengkap;;RAPP;IN_USE;06/04/2024;;;
;attachment;ATT0300;;7601;2;ID-25A-324;;;;;Baik;Lengkap;;IKPP PÊRAWANG;IN_USE;13/02/2025;;;
;attachment;ATT0301;;7602;2;ID-25A-325;;;;;Baik;Lengkap;;IKPP PÊRAWANG;IN_USE;13/02/2025;;;
;attachment;ATT0302;;7590;2;ID-25A-333;;;;;Baik;Lengkap;;IKPP PÊRAWANG;IN_USE;13/02/2025;;;
;attachment;ATT0303;;7621;2;ID-25A-330;;;;;Baik;Lengkap;;IKPP PÊRAWANG;IN_USE;13/02/2025;;;
;attachment;ATT0304;;7603;2;ID-25A-327;;;;;Baik;Lengkap;;IKPP PÊRAWANG;IN_USE;13/02/2025;;;
;attachment;ATT0305;;7604;2;ID-25A-329;;;;;Baik;Lengkap;;IKPP PÊRAWANG;IN_USE;13/02/2025;;;
;attachment;ATT0306;;7658;26;0032;;;;;Baik;Lengkap;;NGK KERAMIK;IN_USE;20/12/2023;;;
;attachment;ATT0307;;7620;2;ID-25A-326;;;;;Baik;Lengkap;;IKPP PÊRAWANG;IN_USE;13/02/2025;;;
;attachment;ATT0308;;7625;2;ID-25A-332;;;;;Baik;Lengkap;;IKPP PÊRAWANG;IN_USE;13/02/2025;;;
;attachment;ATT0309;;7623;2;ID-25A-331;;;;;Baik;Lengkap;;IKPP PÊRAWANG;IN_USE;13/02/2025;;;
;attachment;ATT0310;;7622;2;ID-25A-328;;;;;Baik;Lengkap;;IKPP PÊRAWANG;IN_USE;13/02/2025;;;
;attachment;ATT0311;;7624;2;ID-25A-323;;;;;Baik;Lengkap;;IKPP PÊRAWANG;IN_USE;13/02/2025;;;
;attachment;ATT0312;;7503;19;24-02-2328;;;;;Baik;Lengkap;;UNIVENUS SERANG;IN_USE;06/04/2024;;;
;attachment;ATT0313;;7331;;WT-2412120;;;;;Baik;Lengkap;;OKI PALEMBANG;IN_USE;10/03/2025;;;
;attachment;ATT0314;;7332;;WT-2412121;;;;;Baik;Lengkap;;OKI PALEMBANG;IN_USE;10/03/2025;;;
;attachment;ATT0315;;7329;;WT-2412122;;;;;Baik;Lengkap;;OKI PALEMBANG;IN_USE;10/03/2025;;;
;attachment;ATT0316;;7456;3;BWPA3968;;;;;Baik;Lengkap;;INDOFOOD PADALARANG;IN_USE;05/03/2025;;;
;attachment;ATT0317;;7650;3;BWMA4077;;;;;Baik;Lengkap;;PAPANDAYAN;IN_USE;05/03/2025;;;
;attachment;ATT0318;;7651;3;BWMA4083;;;;;Baik;Lengkap;;PAPANDAYAN;IN_USE;05/03/2025;;;
;attachment;ATT0319;;7649;3;BWMA4084;;;;;Baik;Lengkap;;PAPANDAYAN BANDUNG;IN_USE;05/03/2025;;;
;attachment;ATT0320;;7662;25;2349964 L/R;;;;;Baik;Lengkap;;CJ LOGISTIK SIDOARJO;IN_USE;29/02/2024;;;
;attachment;ATT0321;;7663;25;2331165 L/R;;;;;Baik;Lengkap;;CJ LOGISTIK SIDOARJO;IN_USE;27/06/2023;;;
;attachment;ATT0322;;7448;13;WT2412092;;;;;Baik;Lengkap;;-;IN_USE;17/3/2025;;;
;attachment;ATT0323;;7495;28;23-09-12179;;;;;Baik;Lengkap;;SRITRANG;IN_USE;20/12/2023;;;
;attachment;ATT0324;;7666;19;24-02-2329;;;;;Baik;Lengkap;;PRIMACOR SERANG;IN_USE;06/04/2024;;;
;attachment;ATT0325;;7672;45;WT2407074;;;;;Baik;Lengkap;;OKI PALEMBANG;IN_USE;15/4/2025;;;
;attachment;ATT0326;;7673;45;WT2407072;;;;;Baik;Lengkap;;OKI PALEMBANG;IN_USE;15/4/2025;;;
;attachment;ATT0327;;;35;ID-25C-342;;;;;Baik;Lengkap;;UNIVENUS SERANG/TANPA UNIT;IN_USE;15/3/2025;;;
;attachment;ATT0328;;;35;ID-25C-343;;;;;Baik;Lengkap;;UNIVENUS SERANG/TANPA UNIT;IN_USE;15/3/2025;;;
;attachment;ATT0329;;6765;29;0009;;;;;Baik;Lengkap;;NUSANTARA PASAREBO;IN_USE;20/12/2023;;;
;attachment;ATT0330;;;19;24-02-2333;;;;;Baik;Lengkap;;IKPP PERAWANG;IN_USE;06/04/2024;;;
;attachment;ATT0331;;;3;BWMA7707;;;;;Baik;Lengkap;;SINOTRANS;IN_USE;05/03/2025;;;
;attachment;ATT0332;;;56;25-03-'03319;;;;;Baik;Lengkap;;UNIVENUS (TANPA UNIT);IN_USE;21/04/2025;;;
;attachment;ATT0333;;7669;35;ID-25C-340;;;;;Baik;Lengkap;;OKI PALEMBANG;IN_USE;15/3/2025;;;
;attachment;ATT0334;;7668;35;ID-25C-336;;;;;Baik;Lengkap;;OKI PALEMBANG;IN_USE;15/3/2025;;;
;attachment;ATT0335;;7670;35;ID-25C-335;;;;;Baik;Lengkap;;OKI PALEMBANG;IN_USE;15/3/2025;;;
;attachment;ATT0336;;7667;35;ID-25C-337;;;;;Baik;Lengkap;;OKI PALEMBANG;IN_USE;15/3/2025;;;
;attachment;ATT0337;;7320;3;BWMA7708;;;;;Baik;Lengkap;;UNIVENUS;IN_USE;05/03/2025;;;
;attachment;ATT0338;;5980;11;24-08-13944;;;;;Baik;Lengkap;;OKI PALEMBANG;IN_USE;11/09/2024;;;
;attachment;ATT0339;;7676;3;BWMA7706;;;;;Baik;Lengkap;;?;IN_USE;05/03/2025;;;
;attachment;ATT0340;;5008;21;25-03-'03641;;;;;Baik;Lengkap;;SPV PURWAKARTA;IN_USE;21/04/2025;;;
;attachment;ATT0341;;7290;48;24-08-14089;;;;;Baik;Lengkap;;LAMIPAK;IN_USE;21/04/2025;;;
;attachment;ATT0342;;;47;25-03-'04508;;;;;Baik;Lengkap;;LANGSUNG KIRIM OKI PALEMBANG;IN_USE;21/04/2025;;;
;attachment;ATT0343;;;47;25-03-'04510;;;;;Baik;Lengkap;;LANGSUNG KIRIM OKI PALEMBANG;IN_USE;21/04/2025;;;
;attachment;ATT0344;;5142;21;25-03-'03812;;;;;Baik;Lengkap;;SPV;IN_USE;21/04/2025;;;
;attachment;ATT0345;;5764;35;ID-25C-339;;;;;Baik;Lengkap;;UNIVENUS SERANG;IN_USE;15/3/2025;;;
;attachment;ATT0346;;7691;47;25-03-'04507;;;;;Baik;Lengkap;;LAMI PACKAGING;IN_USE;21/04/2025;;;
;attachment;ATT0347;;7263;29;0010;;;;;Baik;Lengkap;;PAPANDAYAN;IN_USE;20/12/2023;;;
;attachment;ATT0348;;7698;9;25-02-'01746;;;;;Baik;Lengkap;;OKI PALEMBANG;IN_USE;21/04/2025;;;
;attachment;ATT0349;;5686;29;0011;;;;;Baik;Lengkap;;SNF POLYMERS INDONESIA;IN_USE;20/12/2023;;;
;attachment;ATT0350;;7485;2;ID-25C-351;;;;;Baik;Lengkap;;IKT TANGGERANG;IN_USE;15/3/2025;;;
;attachment;ATT0351;;7228;29;0014;;;;;Baik;Lengkap;;PLAN YOUNEXA;IN_USE;20/12/2023;;;
;attachment;ATT0352;;7117;35;ID-25C-334;;;;;Baik;Lengkap;;TRANSKARYA;IN_USE;15/3/2025;;;
;attachment;ATT0353;;7749;25;2431459 L/R;;;;;Baik;Lengkap;;PT ASTRO TECHNOLOGIES;IN_USE;03/07/2024;;;
;attachment;ATT0354;;7723;2;ID-25C-350;;;;;Baik;Lengkap;;IKPP PERAWANG;IN_USE;15/3/2025;;;
;attachment;ATT0355;;7722;2;ID-25C-349;;;;;Baik;Lengkap;;IKPP PERAWANG;IN_USE;15/3/2025;;;
;attachment;ATT0356;;7727;2;ID-25C-347;;;;;Baik;Lengkap;;IKPP PERAWANG;IN_USE;15/3/2025;;;
;attachment;ATT0357;;7729;2;ID-25C-346;;;;;Baik;Lengkap;;IKPP PERAWANG;IN_USE;15/3/2025;;;
;attachment;ATT0358;;7728;2;ID-25C-344;;;;;Baik;Lengkap;;IKPP PERAWANG;IN_USE;15/3/2025;;;
;attachment;ATT0359;;;56;25-03-'03756;;;;;Baik;Lengkap;;IKPP PERAWANG;IN_USE;21/04/2025;;;
;attachment;ATT0360;;7748;25;2431445 L/R;;;;;Baik;Lengkap;;PT ASTRO TECHNOLOGIES;IN_USE;03/07/2024;;;
;attachment;ATT0361;;7564;51;-;;;;;Baik;Lengkap;;KCC GLASS;IN_USE;11/07/2025;;;
;attachment;ATT0362;;7566;51;-;;;;;Baik;Lengkap;;KCC GLASS;IN_USE;11/07/2025;;;
;attachment;ATT0363;;5849;19;24-02-2334;;;;;Baik;Lengkap;;PT. STARINDO MULTI INDUSTRI;IN_USE;06/04/2024;;;
;attachment;ATT0364;;;11;24-08-13945;;;;;Baik;Lengkap;;OKI PALEMBANG ( TANPA UNIT);IN_USE;11/09/2024;;;
;attachment;ATT0365;;7756;3;BWMA7701;;;;;Baik;Lengkap;;PT. SINOTRANS;IN_USE;05/03/2025;;;
;attachment;ATT0366;;7114;2;ID-25C-352;;;;;Baik;Lengkap;;OKI PALEMBANG;IN_USE;15/3/2025;;;
;attachment;ATT0367;;7758;8;25-03-'03190;;;;;Baik;Lengkap;;WEATHERFORD;IN_USE;21/04/2025;;;
;attachment;ATT0368;;7762;26;0995;;;;;Baik;Lengkap;;OKI PALEMBANG;IN_USE;21/04/2025;;;
;attachment;ATT0369;;7763;26;0994;;;;;Baik;Lengkap;;OKI PALEMBANG;IN_USE;21/04/2025;;;
;attachment;ATT0370;;7762;56;25-03-'03757;;;;;Baik;Lengkap;;OKI PALEMBANG;IN_USE;21/04/2025;;;
;attachment;ATT0371;;7763;56;25-03-'03318;;;;;Baik;Lengkap;;OKI PALEMBANG;IN_USE;21/04/2025;;;
;attachment;ATT0372;;7760;35;ID-25C-338;;;;;Baik;Lengkap;;PT.OKI PALEMBANG;IN_USE;15/3/2025;;;
;attachment;ATT0373;;6570;25;2431431 L/R;;;;;Baik;Lengkap;;PT ASTRO TECHNOLOGIES;IN_USE;03/07/2024;;;
;attachment;ATT0374;;7759;50;88000249231;;;;;Baik;Lengkap;;WEATHERFOARD;IN_USE;22/05/2025;;;
;attachment;ATT0375;;7776;56;25-03-'03320;;;;;Baik;Lengkap;;OKI PALEMBANG;IN_USE;21/04/2025;;;
;attachment;ATT0376;;;29;0023;;;;;Baik;Lengkap;;-;AVAILABLE;20/12/2023;;;
;attachment;ATT0377;;7777;9;25-02-'01745;;;;;Baik;Lengkap;;OKI PALEMBANG;IN_USE;21/04/2025;;;
;attachment;ATT0378;;7762;0;-;;;;;Baik;Lengkap;;OKI PALEMBANG;IN_USE;11/07/2025;;;
;attachment;ATT0379;;5946;25;2144784 L/R;;;;;Baik;Lengkap;;KALDU SARI NABATI;IN_USE;07/09/2022;;;
;attachment;ATT0380;;;18;24-02-2338;;;;;Baik;Lengkap;;PAPER;IN_USE;06/04/2024;;;
;attachment;ATT0381;;7633;19;24-02-3313;;;;;Baik;Lengkap;;UNIVENUS SERANG;IN_USE;06/04/2024;;;
;attachment;ATT0382;;;20;24-02-1898;;;;;Baik;Lengkap;;;AVAILABLE;06/04/2024;;;
;attachment;ATT0383;;6630;29;0024;;;;;Baik;Lengkap;;ENERGI SEJAHTERA;IN_USE;20/12/2023;;;
;attachment;ATT0384;;7301;29;0025;;;;;Baik;Lengkap;;SINOTRANS;IN_USE;20/12/2023;;;
;attachment;ATT0385;;6964;29;0040;;;;;Baik;Lengkap;;INTILOG;IN_USE;20/12/2023;;;
;attachment;ATT0386;;;22;24-03-4032;;;;;Baik;Lengkap;;;AVAILABLE;06/04/2024;;;
;attachment;ATT0387;;6573;34;ID-23C-311;;;;;Baik;Lengkap;;IKPP PERAWANG;IN_USE;14/04/2023;;;
;attachment;ATT0388;;5698;34;ID-23C-314;;;;;Baik;Lengkap;;POOL;IN_USE;14/04/2023;;;
;attachment;ATT0389;;6480;34;ID-23C-315;;;;;Baik;Lengkap;;ILC KARAWANG;IN_USE;14/04/2023;;;
;attachment;ATT0390;;5817;34;ID-23C-317;;;;;Baik;Lengkap;;ASPEK KUMBONG;IN_USE;14/04/2023;;;
;attachment;ATT0391;;;34;ID-23C-306;;;;;Baik;Lengkap;;IKPP PERAWANG;IN_USE;02/03/2023;;;
;attachment;ATT0392;;6477;34;ID-23C-307;;;;;Baik;Lengkap;;IKPP PERAWANG;IN_USE;02/03/2023;;;
;attachment;ATT0393;;6595;34;ID-23C-309;;;;;Baik;Lengkap;;IKPP PERAWANG;IN_USE;02/03/2023;;;
;attachment;ATT0394;;;40;0015;;;;;Baik;Lengkap;;-;AVAILABLE;20/12/2023;;;
;attachment;ATT0395;;7225;29;0048;;;;;Baik;Lengkap;;NUSANTARA PASAREBO;IN_USE;20/12/2023;;;
;attachment;ATT0396;;;6;AT20220407005;;;;;Baik;Lengkap;;-;AVAILABLE;13/12/2024;;;
;attachment;ATT0397;;;26;?;;;;;Baik;Lengkap;;?;AVAILABLE;11/07/2025;;;
;attachment;ATT0398;;;26;?;;;;;Baik;Lengkap;;?;AVAILABLE;11/07/2025;;;
;attachment;ATT0399;;;26;?;;;;;Baik;Lengkap;;?;AVAILABLE;11/07/2025;;;
;attachment;ATT0400;;7447;;25-03-'03813;;;;;Baik;Lengkap;;SPV PURWAKARTA;IN_USE;21/04/2025;;;
;attachment;ATT0401;;;26;?;;;;;Baik;Lengkap;;?;AVAILABLE;11/07/2025;;;
;attachment;ATT0402;;5524;19;24-02-3309;;;;;Baik;Lengkap;;KONVERTA MITRA ABADI;IN_USE;06/04/2024;;;
;attachment;ATT0403;;7774;19;24-02-2336;;;;;Baik;Lengkap;;SURYA RENGGO KARAWANG;IN_USE;06/04/2024;;;
;attachment;ATT0404;;7799;21;25-03-'03811;;;;;Baik;Lengkap;;PT. IBR;IN_USE;21/04/2025;;;
;attachment;ATT0405;;7800;21;25-03-'03643;;;;;Baik;Lengkap;;INDOBARAT;IN_USE;21/04/2025;;;
;attachment;ATT0406;;7801;21;25-03-'03815;;;;;Baik;Lengkap;;INDOBARAT;IN_USE;21/04/2025;;;
;attachment;ATT0407;;7743;52;WT2506064;;;;;Baik;Lengkap;;PT. HPPM;IN_USE;08/07/2025;;;
;attachment;ATT0408;;7742;52;WT2506061;;;;;Baik;Lengkap;;PT. HPPM;IN_USE;08/07/2025;;;
;attachment;ATT0409;;7744;45;WT2506052;;;;;Baik;Lengkap;;PT. HPPM;IN_USE;08/07/2025;;;
;attachment;ATT0410;;7745;45;WT2506053;;;;;Baik;Lengkap;;PT. HPPM;IN_USE;08/07/2025;;;
;attachment;ATT0411;;7798;26;0992;;;;;Baik;Lengkap;;PT. BEKAERT;IN_USE;21/04/2025;;;
;attachment;ATT0412;;6967;29;0045;;;;;Baik;Lengkap;;PT. YCH INDONESIA;IN_USE;20/12/2023;;;
;attachment;ATT0413;;7784;35;ID-25C-341;;;;;Baik;Lengkap;;PINDODELI PERAWANG;IN_USE;15/3/2025;;;
;attachment;ATT0414;;5385;26;0991;;;;;Baik;Lengkap;;UNILEVER SUBANG;IN_USE;21/04/2025;;;
;attachment;ATT0415;;7365;47;25-03-'04509;;;;;Baik;Lengkap;;IKPP KRAGGILAN;IN_USE;21/04/2025;;;
;attachment;ATT0416;;7213;47;25-03-'04506;;;;;Baik;Lengkap;;IKPP KRAGGILAN;IN_USE;21/04/2025;;;
;attachment;ATT0417;;6568;25;2431438 L/R;;;;;Baik;Lengkap;;DHL SUPPLY CHAIN;IN_USE;03/07/2024;;;
;attachment;ATT0418;;5357;26;0986;;;;;Baik;Lengkap;;CJ LOGISTIK BANDUNG;IN_USE;21/04/2025;;;
;attachment;ATT0419;;;55;25-06-11492;;;;;Baik;Lengkap;;DIJUAL SURABAYA P. WINSTON;SOLD;26/07/2025;;;
;attachment;ATT0420;;;55;25-06-11490;;;;;Baik;Lengkap;;DIJUAL SURABAYA P. WINSTON;SOLD;26/07/2025;;;
;attachment;ATT0421;;;55;25-06-11491;;;;;Baik;Lengkap;;DIJUAL SURABAYA P. WINSTON;SOLD;26/07/2025;;;
;attachment;ATT0422;;;54;25-06-11697;;;;;Baik;Lengkap;;DIJUAL SURABAYA P. WINSTON;SOLD;26/07/2025;;;
;attachment;ATT0423;;;54;25-06-11696;;;;;Baik;Lengkap;;DIJUAL SURABAYA P. WINSTON;SOLD;26/07/2025;;;
;attachment;ATT0424;;;54;25-06-11698;;;;;Baik;Lengkap;;DIJUAL SURABAYA P. WINSTON;SOLD;26/07/2025;;;
;attachment;ATT0425;;6345;18;24-02-2340;;;;;Baik;Lengkap;;IKPP SERANG;IN_USE;06/04/2024;;;
;attachment;ATT0426;;6063;48;24-08-14088;;;;;Baik;Lengkap;;PT. INDOBARAT;IN_USE;21/04/2025;;;
;attachment;ATT0427;;6408;26;0987;;;;;Baik;Lengkap;;PT. PRYSMIAN GROUP;IN_USE;21/04/2025;;;
;attachment;ATT0428;;7781;29;1236;;;;;Baik;Lengkap;;PT. STAR RUBBER PALEMBANG;IN_USE;21/04/2025;;;
;attachment;ATT0429;;7536;25;2431452 L/R;;;;;Baik;Lengkap;;PT. NABATI MAJALENGKA;IN_USE;03/07/2024;;;
;attachment;ATT0430;;7825;21;25-03-'03642;;;;;Baik;Lengkap;;PT. INDOBARAT;IN_USE;21/04/2025;;;
;attachment;ATT0431;;7826;21;25-03-'03814;;;;;Baik;Lengkap;;PT. INDOBARAT;IN_USE;21/04/2025;;;
;attachment;ATT0432;;7837;47;25-07-13296;;;;;Baik;Lengkap;;PT. KAMADJAYA;IN_USE;11/08/2025;;;
;attachment;ATT0433;;7838;47;25-07-13297;;;;;Baik;Lengkap;;PT. KAMADJAYA;IN_USE;11/08/2025;;;
;attachment;ATT0434;;6345;47;25-07-13295;;;;;Baik;Lengkap;;PT. IKPP KRAGILAN SERANG;IN_USE;11/08/2025;;;
;attachment;ATT0435;;6055;25;2331207 L/R;;;;;Baik;Lengkap;;PT. UNIVENUS SERANG;IN_USE;27/06/2023;;;
;attachment;ATT0436;;7881;26;0989;;;;;Baik;Lengkap;;ELECTRA DELTA;IN_USE;21/04/2025;;;
;attachment;ATT0437;;7814;26;0988;;;;;Baik;Lengkap;;RECKIT SEMARANG;IN_USE;21/04/2025;;;
;attachment;ATT0438;;7886;25;2360376 L/R;;;;;Baik;Lengkap;;PT. DHL;IN_USE;29/08/2025;;;
;attachment;ATT0439;;6971;19;24-02-2331;;;;;Baik;Lengkap;;INDOCOR PACKAGING;IN_USE;06/04/2024;;;
;attachment;ATT0440;;6109;26;0990;;;;;Baik;Lengkap;;PT. CIPTA NIAGA SEMESTA;IN_USE;21/04/2025;;;
;attachment;ATT0441;;;35;ID-25H-361;;;;;Baik;Lengkap;;PT. IKPP PERAWANG;IN_USE;16/09/2025;;;
;attachment;ATT0442;;;35;ID-25H-362;;;;;Baik;Lengkap;;PT. IKPP PERAWANG;IN_USE;16/09/2025;;;
;attachment;ATT0443;;;35;ID-25H-363;;;;;Baik;Lengkap;;PT. IKPP PERAWANG;IN_USE;16/09/2025;;;
;attachment;ATT0444;;;35;ID-25H-364;;;;;Baik;Lengkap;;PT. IKPP PERAWANG;IN_USE;16/09/2025;;;
;attachment;ATT0445;;;35;ID-25H-365;;;;;Baik;Lengkap;;PT. IKPP PERAWANG;IN_USE;16/09/2025;;;
;attachment;ATT0446;;;35;ID-25H-366;;;;;Baik;Lengkap;;PT. IKPP PERAWANG;IN_USE;16/09/2025;;;
;attachment;ATT0447;;;35;ID-25H-367;;;;;Baik;Lengkap;;PT. IKPP PERAWANG;IN_USE;16/09/2025;;;
;attachment;ATT0448;;;35;ID-25H-357;;;;;Baik;Lengkap;;PT. IKPP PERAWANG;IN_USE;11/09/2025;;;
;attachment;ATT0449;;;35;ID-25H-354;;;;;Baik;Lengkap;;PT. IKPP PERAWANG;IN_USE;11/09/2025;;;
;attachment;ATT0450;;;35;ID-25H-356;;;;;Baik;Lengkap;;PT. IKPP PERAWANG;IN_USE;11/09/2025;;;
;attachment;ATT0451;;;35;ID-25H-358;;;;;Baik;Lengkap;;PT. IKPP PERAWANG;IN_USE;11/09/2025;;;
;attachment;ATT0452;;;35;ID-25H-360;;;;;Baik;Lengkap;;PT. IKPP PERAWANG;IN_USE;11/09/2025;;;
;attachment;ATT0453;;;35;ID-25H-355;;;;;Baik;Lengkap;;PT. IKPP PERAWANG;IN_USE;11/09/2025;;;
;attachment;ATT0454;;7724;46;25-03-'04297;;;;;Baik;Lengkap;;PINDODELI PERAWANG;IN_USE;21/04/2025;;;
;attachment;ATT0455;;7241;3;BWMA4082;;;;;Baik;Lengkap;;INDOKORDSA;IN_USE;05/03/2025;;;
;attachment;ATT0456;;5384;26;0977;;;;;Baik;Lengkap;;PT. CIPTA NIAGA SEMESTA;IN_USE;21/04/2025;;;
;attachment;ATT0457;;7884;25;2360369 L/R;;;;;Baik;Lengkap;;SAMUDERA LOGISTIC;IN_USE;29/08/2025;;;
;attachment;ATT0458;;5530;29;0046;;;;;Baik;Lengkap;;PT. HEINZ ABC;IN_USE;20/12/2023;;;
;attachment;ATT0459;;7791;19;24-02-2330;;;;;Baik;Lengkap;;PRIMACOR MANDIRI;IN_USE;06/04/2024;;;
;attachment;ATT0460;;7466;26;0976;;;;;Baik;Lengkap;;PT. LG LEGOK;IN_USE;21/04/2025;;;
;attachment;ATT0461;;7867;35;ID-25H-359;;;;;Baik;Lengkap;;OKI PALEMBANG;IN_USE;11/09/2025;;;
;attachment;ATT0462;;7865;35;ID-25H-353;;;;;Baik;Lengkap;;OKI PALEMBANG;IN_USE;11/09/2025;;;
;attachment;ATT0463;;;35;ID-25H-361;;;;;Baik;Lengkap;;;AVAILABLE;16/09/2025;;;
;attachment;ATT0464;;7888;25;2360383 L/R;;;;;Baik;Lengkap;;SAMUDERA LOGISTIC;IN_USE;29/08/2025;;;
;attachment;ATT0465;;6787;26;0979;;;;;Baik;Lengkap;;PT. CIPTA NIAGA SEMESTA KEDIRI;IN_USE;21/04/2025;;;
;attachment;ATT0466;;7887;25;2360362 L/R;;;;;Baik;Lengkap;;SAMUDERA LOGISTIC;IN_USE;29/08/2025;;;
;attachment;ATT0467;;8081;26;0980;;;;;Baik;Lengkap;;PT. INDOKORDSA;IN_USE;21/04/2025;;;
;attachment;ATT0468;;8085;26;0968;;;;;Baik;Lengkap;;PT. INDOKORDSA;IN_USE;21/04/2025;;;
;attachment;ATT0469;;8084;26;0969;;;;;Baik;Lengkap;;PT. INDOKORDSA;IN_USE;21/04/2025;;;
;attachment;ATT0470;;8077;26;0967;;;;;Baik;Lengkap;;PT. INDOKORDSA;IN_USE;21/04/2025;;;
;attachment;ATT0471;;8082;26;0966;;;;;Baik;Lengkap;;PT. INDOKORDSA;IN_USE;21/04/2025;;;
;attachment;ATT0472;;8080;26;0973;;;;;Baik;Lengkap;;PT. INDOKORDSA;IN_USE;21/04/2025;;;
;attachment;ATT0473;;8079;26;0972;;;;;Baik;Lengkap;;PT. INDOKORDSA;IN_USE;21/04/2025;;;
;attachment;ATT0474;;8090;26;0974;;;;;Baik;Lengkap;;PT. INDOKORDSA;IN_USE;21/04/2025;;;
;attachment;ATT0475;;8091;29;0019;;;;;Baik;Lengkap;;PT. INDOKORDSA;IN_USE;20/12/2023;;;
;attachment;ATT0476;;8083;26;0970;;;;;Baik;Lengkap;;PT. INDOKORDSA;IN_USE;21/04/2025;;;
;attachment;ATT0477;;8078;26;0971;;;;;Baik;Lengkap;;PT. INDOKORDSA;IN_USE;21/04/2025;;;
;attachment;ATT0478;;6184;29;0026;;;;;Baik;Lengkap;;COLOROBIA;IN_USE;20/12/2023;;;
;attachment;ATT0479;;6645;29;0015;;;;;Baik;Lengkap;;COLOROBIA;IN_USE;20/12/2023;;;
;attachment;ATT0480;;7836;26;0978;;;;;Baik;Lengkap;;SAMUDERA LOGISTIC;IN_USE;21/04/2025;;;
;attachment;ATT0481;;8096;26;0983;;;;;Baik;Lengkap;;PT. INDOKORDSA;IN_USE;21/04/2025;;;
;attachment;ATT0482;;8095;29;0018;;;;;Baik;Lengkap;;PT. INDOKORDSA;IN_USE;20/12/2023;;;
;attachment;ATT0483;;8098;26;0982;;;;;Baik;Lengkap;;PT. INDOKORDSA;IN_USE;21/04/2025;;;
;attachment;ATT0484;;8097;26;0984;;;;;Baik;Lengkap;;PT. INDOKORDSA;IN_USE;21/04/2025;;;
;attachment;ATT0485;;7993;26;0981;;;;;Baik;Lengkap;;SAMUDERA LOGISTIC;IN_USE;21/04/2025;;;
;attachment;ATT0486;;8103;26;0975;;;;;Baik;Lengkap;;INDOFOOD PURWOKERTO;IN_USE;21/04/2025;;;
;attachment;ATT0487;;7055;57;25-07-13157;;;;;Baik;Lengkap;;PT. STEEL TUBE;IN_USE;11/08/2025;;;
;attachment;ATT0488;;8119;29;1316;;;;;Baik;Lengkap;;PT BEKAERT;IN_USE;21/04/2025;;;
;attachment;ATT0489;;;26;0985;;;;;Baik;Lengkap;;DIJUAL PT. UNILIFT CAHAYA SEMESTA;SOLD;21/04/2025;;;
;attachment;ATT0490;;8122;59;XIA2511838-6;;;;;Baik;Lengkap;;PT. PURINUSA BANDUNG;IN_USE;20/10/2025;;;
;attachment;ATT0491;;8121;59;XIA2511838-10;;;;;Baik;Lengkap;;PT. PURINUSA BANDUNG;IN_USE;20/10/2025;;;
;attachment;ATT0492;;8118;29;1237;;;;;Baik;Lengkap;;PT. BRIDON;IN_USE;21/04/2025;;;
;attachment;ATT0493;;;29;1238;;;;;Baik;Lengkap;;DIJUAL PT. UNILIFT CAHAYA SEMESTA;SOLD;21/04/2025;;;
;attachment;ATT0494;;756;39;0002;;;;;Baik;Lengkap;;PT. YCH DELTAMAS;IN_USE;20/12/2023;;;
;attachment;ATT0495;;7381;57;25-07-13156;;;;;Baik;Lengkap;;PT. STEEL TUBE;IN_USE;11/08/2025;;;
;attachment;ATT0496;;8106;25;2331144 L/R;;;;;Baik;Lengkap;;PT. CJ LOGISTIK SURABAYA;IN_USE;27/06/2023;;;
;attachment;ATT0497;;5042;56;25-07-13080;;;;;Baik;Lengkap;;PT. LG CIBITUNG;IN_USE;11/08/2025;;;
;attachment;ATT0498;;7478;25;2331179 L/R;;;;;Baik;Lengkap;;PT. DHL CILENGSI;IN_USE;27/06/2023;;;
;attachment;ATT0499;;8140;47;25-11-22344;;;;;Baik;Lengkap;;PT. BUKIT MURIA JAYA;IN_USE;24/12/2025;;;
;attachment;ATT0500;;6820;29;0039;;;;;Baik;Lengkap;;PT. STAR RUBBER;IN_USE;20/12/2023;;;
;attachment;ATT0501;;7023;29;1239;;;;;Baik;Lengkap;;PT. BEKAERT;IN_USE;21/04/2025;;;
;attachment;ATT0502;;6444;26;0993;;;;;Baik;Lengkap;;PT. CNS KEMAYORAN TUBAN SURABAYA;IN_USE;21/04/2025;;;
;attachment;ATT0503;;8142;64;25-11-22179;;;;;Baik;Lengkap;;PT. LG LEGOK;IN_USE;24/12/2025;;;
;attachment;ATT0504;;7576;64;25-11-22178;;;;;Baik;Lengkap;;PT. LG LEGOK;IN_USE;24/12/2025;;;
;attachment;ATT0505;;;3;MC-2A;;;;;Baik;Lengkap;;;AVAILABLE;;;;
;attachment;ATT0506;;;3;MC-2A;;;;;Baik;Lengkap;;;AVAILABLE;;;;
;attachment;ATT0507;;;25;;;;;;Baik;Lengkap;;;AVAILABLE;;;;
;attachment;ATT0508;;;25;;;;;;Baik;Lengkap;;;AVAILABLE;;;;
;attachment;ATT0509;;;25;;;;;;Baik;Lengkap;;;AVAILABLE;;;;
;attachment;ATT0510;;;25;;;;;;Baik;Lengkap;;;AVAILABLE;;;;
;attachment;ATT0511;;;25;;;;;;Baik;Lengkap;;;AVAILABLE;;;;
;attachment;ATT0512;;;25;;;;;;Baik;Lengkap;;;AVAILABLE;;;;
;attachment;ATT0513;;;25;;;;;;Baik;Lengkap;;;AVAILABLE;;;;
;attachment;ATT0514;;;25;;;;;;Baik;Lengkap;;;AVAILABLE;;;;
;attachment;ATT0515;;;25;;;;;;Baik;Lengkap;;;AVAILABLE;;;;
;attachment;ATT0516;;;25;;;;;;Baik;Lengkap;;;AVAILABLE;;;;
;attachment;ATT0517;;;25;;;;;;Baik;Lengkap;;;AVAILABLE;;;;
;attachment;ATT0518;;;25;;;;;;Baik;Lengkap;;;AVAILABLE;;;;
;attachment;ATT0519;;;25;;;;;;Baik;Lengkap;;;AVAILABLE;;;;
;attachment;ATT0520;;;25;;;;;;Baik;Lengkap;;;AVAILABLE;;;;
;attachment;ATT0521;;;25;;;;;;Baik;Lengkap;;;AVAILABLE;;;;
;attachment;ATT0522;;;25;;;;;;Baik;Lengkap;;;AVAILABLE;;;;
;attachment;ATT0523;;;25;;;;;;Baik;Lengkap;;;AVAILABLE;;;;
;attachment;ATT0524;;;25;;;;;;Baik;Lengkap;;;AVAILABLE;;;;
;attachment;ATT0525;;;25;;;;;;Baik;Lengkap;;;AVAILABLE;;;;
;attachment;ATT0526;;;25;;;;;;Baik;Lengkap;;;AVAILABLE;;;;
;attachment;ATT0527;;;25;;;;;;Baik;Lengkap;;;AVAILABLE;;;;
