customer_id;no_kontrak;customer_po_number;rental_type;jenis_sewa;billing_method;tanggal_mulai;tanggal_berakhir;nilai_total;total_units;status;contract_key
1;"Pakai Penawaran : 365/SML/VIII/2024";"098/SP/AKD/XI/2025, 098/SML/XI/2025";CONTRACT;BULANAN;MONTHLY_FIXED;2025-08-19;2026-02-18;12000000;1;ACTIVE;"1|Pakai Penawaran : 365/SML/VIII/2024|19/08/2025|18/02/2026"
1;"SPOT RENTAL";;DAILY_SPOT;BULANAN;MONTHLY_FIXED;2025-09-19;2026-03-18;12000000;1;ACTIVE;SPOT_1
2;0025/AMA/01/26;0025/AMA/01/26;PO_ONLY;BULANAN;MONTHLY_FIXED;2026-01-10;2029-01-09;7500000;1;ACTIVE;2|0025/AMA/01/26|10/01/2026|09/01/2029
2;0278/AMA/05/25;0278/AMA/05/25;PO_ONLY;BULANAN;MONTHLY_FIXED;2025-05-09;2028-05-08;8500000;1;ACTIVE;2|0278/AMA/05/25|09/05/2025|08/05/2028
2;0600/AMA/10/24;0600/AMA/10/24;PO_ONLY;BULANAN;MONTHLY_FIXED;2024-11-04;2027-10-03;8500000;1;ACTIVE;2|0600/AMA/10/24|04/11/2024|03/10/2027
2;0424/AMA/08/24;0424/AMA/08/24;PO_ONLY;BULANAN;MONTHLY_FIXED;2024-09-01;2027-08-31;8500000;1;ACTIVE;2|0424/AMA/08/24|01/09/2024|31/08/2027
3;02/PJB/AGN-SML/VI/2025;;CONTRACT;BULANAN;MONTHLY_FIXED;2025-06-20;2028-06-19;390000000;10;ACTIVE;3|02/PJB/AGN-SML/VI/2025|20/06/2025|19/06/2028
3;03/PJB/AGN-SML/VIII/2025;;CONTRACT;BULANAN;MONTHLY_FIXED;2025-06-20;2028-06-19;90000000;2;ACTIVE;3|03/PJB/AGN-SML/VIII/2025|20/06/2025|19/06/2028
4;4212032259;4212032259;PO_ONLY;BULANAN;MONTHLY_FIXED;2026-01-01;2026-12-31;565250000;40;ACTIVE;4|4212032259|01/01/2026|31/12/2026
6;4525005918;4525005918;PO_ONLY;BULANAN;MONTHLY_FIXED;2025-12-15;2026-01-14;60000000;5;ACTIVE;6|4525005918|15/12/2025|14/01/2026
6;798/SML/XII/2024;SP25JN0840;CONTRACT;BULANAN;MONTHLY_FIXED;2024-12-20;2027-12-19;129000000;15;ACTIVE;6|798/SML/XII/2024|20/12/2024|19/12/2027
6;798/SML/XII/2024;SP25JN0840;CONTRACT;BULANAN;MONTHLY_FIXED;2024-09-21;2027-09-20;130700000;13;ACTIVE;6|798/SML/XII/2024|21/09/2024|20/09/2027
6;798/SML/XII/2024;SP25JN0840;CONTRACT;BULANAN;MONTHLY_FIXED;2024-11-22;2027-09-20;29800000;2;ACTIVE;6|798/SML/XII/2024|22/11/2024|20/09/2027
6;"Unit Baru (Belum terima PO Per Jan'26)";"Unit Baru (Belum terima PO Per Jan'26)";PO_ONLY;BULANAN;MONTHLY_FIXED;;;87500000;7;PENDING;"6|Unit Baru (Belum terima PO Per Jan'26)||"
7;202601-PO-0009;202601-PO-0009;PO_ONLY;BULANAN;MONTHLY_FIXED;2026-11-07;2025-12-06;11800000;1;ACTIVE;7|202601-PO-0009|07/11/2026|06/12/2025
9;"148/SML/X/2019 Addendum I";;CONTRACT;BULANAN;MONTHLY_FIXED;2022-10-14;2027-10-13;52500000;5;ACTIVE;"9|148/SML/X/2019 Addendum I|14/10/2022|13/10/2027"
9;"148/SML/X/2019 Addendum I";;CONTRACT;BULANAN;MONTHLY_FIXED;2021-10-06;2026-10-05;93400000;13;ACTIVE;"9|148/SML/X/2019 Addendum I|06/10/2021|05/10/2026"
9;"148/SML/X/2019 Addendum I";;CONTRACT;BULANAN;MONTHLY_FIXED;;;0;1;PENDING;"9|148/SML/X/2019 Addendum I||"
10;"user bpk.alfi";ACE-PO00062480/11/5/2025;CONTRACT;BULANAN;MONTHLY_FIXED;2025-06-21;2025-10-20;12500000;1;ACTIVE;"10|user bpk.alfi|21/06/2025|20/10/2025"
10;"user bpk.habibi";ACE-PO0061617/9/25/2025;CONTRACT;BULANAN;MONTHLY_FIXED;2025-10-01;2026-03-31;69150000;7;ACTIVE;"10|user bpk.habibi|01/10/2025|31/03/2026"
10;"user bpk.Habibi";JSH-PO00061618/9/25/2025;CONTRACT;BULANAN;MONTHLY_FIXED;2025-09-01;2026-02-28;82000000;7;ACTIVE;"10|user bpk.Habibi|01/09/2025|28/02/2026"
11;021/SML/IV/2025;;CONTRACT;BULANAN;MONTHLY_FIXED;2025-02-02;2027-02-01;15000000;1;ACTIVE;11|021/SML/IV/2025|02/02/2025|01/02/2027
11;652/SML/VI/2023;;CONTRACT;BULANAN;MONTHLY_FIXED;2024-01-04;2027-01-03;40800000;6;ACTIVE;11|652/SML/VI/2023|04/01/2024|03/01/2027
11;652/SML/VI/2023;;CONTRACT;BULANAN;MONTHLY_FIXED;2024-01-20;2027-01-19;58300000;5;ACTIVE;11|652/SML/VI/2023|20/01/2024|19/01/2027
12;"PO Perbulan";"PO Perbulan";PO_ONLY;BULANAN;MONTHLY_FIXED;;;331000000;9;PENDING;"12|PO Perbulan"
13;ID1/POR/251000000321;ID1/POR/251000000321;PO_ONLY;BULANAN;MONTHLY_FIXED;2025-10-24;2026-04-23;28000000;2;ACTIVE;13|ID1/POR/251000000321|24/10/2025|23/04/2026
13;ID1/POR/251000000322;ID1/POR/251000000322;PO_ONLY;BULANAN;MONTHLY_FIXED;2025-11-18;2026-05-17;62000000;4;ACTIVE;13|ID1/POR/251000000322|18/11/2025|17/05/2026
13;ID1/POR/251000000322;ID1/POR/251000000322;PO_ONLY;BULANAN;MONTHLY_FIXED;2025-11-21;2026-05-20;15500000;1;ACTIVE;13|ID1/POR/251000000322|21/11/2025|20/05/2026
13;ID1/POR/251000000322;ID1/POR/251000000322;PO_ONLY;BULANAN;MONTHLY_FIXED;2025-11-22;2026-05-21;31000000;2;ACTIVE;13|ID1/POR/251000000322|22/11/2025|21/05/2026
13;ID1/POR/251000000322;ID1/POR/251000000322;PO_ONLY;BULANAN;MONTHLY_FIXED;2025-11-28;2026-05-27;15500000;1;ACTIVE;13|ID1/POR/251000000322|28/11/2025|27/05/2026
13;ID1/POR/25050000000164;ID1/POR/25050000000164;PO_ONLY;BULANAN;MONTHLY_FIXED;2025-05-11;2026-05-10;15000000;1;ACTIVE;13|ID1/POR/25050000000164|11/05/2025|10/05/2026
13;ID1/POR/25050000002386;ID1/POR/25050000002386;PO_ONLY;BULANAN;MONTHLY_FIXED;2025-04-30;2026-05-29;31000000;2;ACTIVE;13|ID1/POR/25050000002386|30/04/2025|29/05/2026
13;ID1/POR/25050000006415;ID1/POR/25050000006415;PO_ONLY;BULANAN;MONTHLY_FIXED;2025-05-21;2026-05-20;45000000;3;ACTIVE;13|ID1/POR/25050000006415|21/05/2025|20/05/2026
13;ID1/POR/25050000008434;ID1/POR/25050000008434;PO_ONLY;BULANAN;MONTHLY_FIXED;2025-05-29;2026-05-28;42000000;2;ACTIVE;13|ID1/POR/25050000008434|29/05/2025|28/05/2026
13;ID1/POR/25050000013470;ID1/POR/25050000013470;PO_ONLY;BULANAN;MONTHLY_FIXED;2025-06-22;2025-06-21;21000000;1;ACTIVE;13|ID1/POR/25050000013470|22/06/2025|21/06/2025
13;ID1/POR/25050000013470;ID1/POR/25050000013470;PO_ONLY;BULANAN;MONTHLY_FIXED;2025-07-02;2026-01-01;24500000;1;ACTIVE;13|ID1/POR/25050000013470|02/07/2025|01/01/2026
15;22867/AFD-PUD/I/24;22867/AFD-PUD/I/24;PO_ONLY;BULANAN;MONTHLY_FIXED;2024-04-01;2027-03-31;29000000;2;ACTIVE;15|22867/AFD-PUD/I/24|01/04/2024|31/03/2027
17;820/SML-R/I/2024;S024158;CONTRACT;BULANAN;MONTHLY_FIXED;2025-02-17;2026-02-16;25000000;3;ACTIVE;17|820/SML-R/I/2024|17/02/2025|16/02/2026
17;"064 PSM-FORKLIFT BA SML VIII 2025";SPK/0825/011;CONTRACT;BULANAN;MONTHLY_FIXED;2025-09-01;2026-02-16;34000000;4;ACTIVE;"17|064 PSM-FORKLIFT BA SML VIII 2025|01/09/2025|16/02/2026"
19;2674135747;2674135747;PO_ONLY;BULANAN;MONTHLY_FIXED;;;18520200;2;PENDING;19|2674135747||
19;G400044249;G400044249;PO_ONLY;BULANAN;MONTHLY_FIXED;2023-07-11;2026-07-10;14000000;1;ACTIVE;19|G400044249|11/07/2023|10/07/2026
19;G400239894;G400239894;PO_ONLY;BULANAN;MONTHLY_FIXED;2025-11-01;2030-11-01;16600000;2;ACTIVE;19|G400239894|01/11/2025|01/11/2030
19;G400239895;G400239895;PO_ONLY;BULANAN;MONTHLY_FIXED;2025-11-01;2030-11-01;90650000;7;ACTIVE;19|G400239895|01/11/2025|01/11/2030
19;G400239896;G400239896;PO_ONLY;BULANAN;MONTHLY_FIXED;2025-11-01;2030-11-01;198000000;30;ACTIVE;19|G400239896|01/11/2025|01/11/2030
19;G400239897;G400239897;PO_ONLY;BULANAN;MONTHLY_FIXED;2025-11-01;2030-11-01;37000000;2;ACTIVE;19|G400239897|01/11/2025|01/11/2030
19;G400239898;G400239898;PO_ONLY;BULANAN;MONTHLY_FIXED;2025-11-01;2030-11-01;65700000;6;ACTIVE;19|G400239898|01/11/2025|01/11/2030
19;G400239899;G400239899;PO_ONLY;BULANAN;MONTHLY_FIXED;2025-11-01;2030-11-01;78000000;4;ACTIVE;19|G400239899|01/11/2025|01/11/2030
19;G400249522;G400249522;PO_ONLY;BULANAN;MONTHLY_FIXED;2025-11-01;2030-11-01;7100000;1;ACTIVE;19|G400249522|01/11/2025|01/11/2030
19;G400250082;G400250082;PO_ONLY;BULANAN;MONTHLY_FIXED;2025-11-01;2030-11-01;24900000;3;ACTIVE;19|G400250082|01/11/2025|01/11/2030
19;G400250084;G400250084;PO_ONLY;BULANAN;MONTHLY_FIXED;2025-11-01;2030-11-01;51800000;4;ACTIVE;19|G400250084|01/11/2025|01/11/2030
19;G400250085;G400250085;PO_ONLY;BULANAN;MONTHLY_FIXED;2025-11-01;2030-11-01;19500000;1;ACTIVE;19|G400250085|01/11/2025|01/11/2030
19;"SPOT RENTAL";;DAILY_SPOT;BULANAN;MONTHLY_FIXED;2025-11-01;2030-11-01;13700000;3;ACTIVE;SPOT_19
20;PO25-00927-1;PO25-00927-1;PO_ONLY;BULANAN;MONTHLY_FIXED;2025-10-05;2026-01-04;6000000;1;ACTIVE;20|PO25-00927-1|05/10/2025|04/01/2026
20;PO26-00050;PO26-00050;PO_ONLY;BULANAN;MONTHLY_FIXED;2026-01-01;2026-03-31;14000000;2;ACTIVE;20|PO26-00050|01/01/2026|31/03/2026
23;POC125004666;POC125004666;PO_ONLY;BULANAN;MONTHLY_FIXED;2025-09-01;2026-02-01;31000000;1;ACTIVE;23|POC125004666|01/09/2025|01/02/2026
23;POC125004757;POC125004757;PO_ONLY;BULANAN;MONTHLY_FIXED;2025-09-01;2026-02-01;31000000;1;ACTIVE;23|POC125004757|01/09/2025|01/02/2026
24;0002/BIK/I/2026;0002/BIK/I/2026;PO_ONLY;BULANAN;MONTHLY_FIXED;2026-01-01;2026-12-31;12000000;1;ACTIVE;24|0002/BIK/I/2026|01/01/2026|31/12/2026
25;103/SML/Add.1/XII/2025;;CONTRACT;BULANAN;MONTHLY_FIXED;2025-11-15;2026-11-14;9000000;1;ACTIVE;25|103/SML/Add.1/XII/2025|15/11/2025|14/11/2026
25;688/SML/II/2024;;CONTRACT;BULANAN;MONTHLY_FIXED;2024-02-16;2027-02-15;8000000;1;ACTIVE;25|688/SML/II/2024|16/02/2024|15/02/2027
26;G400033118;;CONTRACT;BULANAN;MONTHLY_FIXED;2022-12-01;2025-11-30;9000000;1;ACTIVE;26|G400033118|01/12/2022|30/11/2025
26;G400088439;;CONTRACT;BULANAN;MONTHLY_FIXED;2024-10-09;2025-10-08;37000000;2;ACTIVE;26|G400088439|09/10/2024|08/10/2025
26;G400165466;;CONTRACT;BULANAN;MONTHLY_FIXED;2024-10-01;2025-11-06;8000000;1;ACTIVE;26|G400165466|01/10/2024|06/11/2025
26;G400189107;;CONTRACT;BULANAN;MONTHLY_FIXED;2025-03-01;2026-03-01;10200000;1;ACTIVE;26|G400189107|01/03/2025|01/03/2026
26;G400213330;;CONTRACT;BULANAN;MONTHLY_FIXED;2025-06-19;2027-06-18;19000000;1;ACTIVE;26|G400213330|19/06/2025|18/06/2027
26;G400229280;;CONTRACT;BULANAN;MONTHLY_FIXED;2025-09-10;2026-08-10;9500000;1;ACTIVE;26|G400229280|10/09/2025|10/08/2026
27;001/SCBMJ/XI/24;;CONTRACT;BULANAN;MONTHLY_FIXED;2023-01-01;2025-12-31;96500000;8;ACTIVE;27|001/SCBMJ/XI/24|01/01/2023|31/12/2025
27;001/SCBMJ/XI/24;;CONTRACT;BULANAN;MONTHLY_FIXED;2025-01-01;2025-12-31;57600000;8;ACTIVE;27|001/SCBMJ/XI/24|01/01/2025|31/12/2025
27;001/SCBMJ/XI/24;;CONTRACT;BULANAN;MONTHLY_FIXED;2025-02-18;2026-02-17;7500000;1;ACTIVE;27|001/SCBMJ/XI/24|18/02/2025|17/02/2026
27;001/SCBMJ/XI/24;;CONTRACT;BULANAN;MONTHLY_FIXED;2024-01-01;2026-12-31;14500000;1;ACTIVE;27|001/SCBMJ/XI/24|01/01/2024|31/12/2026
27;001/SCBMJ/XI/24;;CONTRACT;BULANAN;MONTHLY_FIXED;2024-05-01;2028-04-30;33000000;1;ACTIVE;27|001/SCBMJ/XI/24|01/05/2024|30/04/2028
27;"SPOT RENTAL";;DAILY_SPOT;BULANAN;MONTHLY_FIXED;;;0;12;PENDING;SPOT_27
28;673/SML-D/I/2024;;CONTRACT;BULANAN;MONTHLY_FIXED;2022-12-21;2025-12-20;16000000;2;ACTIVE;28|673/SML-D/I/2024|21/12/2022|20/12/2025
28;673/SML-D/I/2024;;CONTRACT;BULANAN;MONTHLY_FIXED;2023-02-12;2026-02-13;16000000;2;ACTIVE;28|673/SML-D/I/2024|12/02/2023|13/02/2026
28;673/SML-D/I/2024;;CONTRACT;BULANAN;MONTHLY_FIXED;2023-08-01;;56000000;7;PENDING;28|673/SML-D/I/2024|01/08/2023|31/06/26
32;"po perbulan";"po perbulan";PO_ONLY;BULANAN;MONTHLY_FIXED;;;7500000;1;PENDING;"32|po perbulan"
35;6190000873;6190000873;PO_ONLY;BULANAN;MONTHLY_FIXED;2025-07-01;2026-06-30;37000000;2;ACTIVE;35|6190000873|01/07/2025|30/06/2026
35;6190000954;6190000954;PO_ONLY;BULANAN;MONTHLY_FIXED;2026-01-01;2026-01-31;13500000;1;ACTIVE;35|6190000954|01/01/2026|31/01/2026
36;065/PTCMU/XI/2022;5000005978;CONTRACT;BULANAN;MONTHLY_FIXED;2025-08-01;2026-07-31;206500000;16;ACTIVE;36|065/PTCMU/XI/2022|01/08/2025|31/07/2026
36;065/PTCMU/XI/2022;5000014948;CONTRACT;BULANAN;MONTHLY_FIXED;2025-11-01;2026-10-31;79500000;3;ACTIVE;36|065/PTCMU/XI/2022|01/11/2025|31/10/2026
36;5000013780;5000013780;PO_ONLY;BULANAN;MONTHLY_FIXED;2025-10-01;2026-09-30;13250000;1;ACTIVE;36|5000013780|01/10/2025|30/09/2026
36;065/PTCMU/XI/2022;5000013800;CONTRACT;BULANAN;MONTHLY_FIXED;2025-10-01;2026-09-30;13750000;1;ACTIVE;36|065/PTCMU/XI/2022|01/10/2025|30/09/2026
36;065/PTCMU/XI/2022;5000017579;CONTRACT;BULANAN;MONTHLY_FIXED;2024-11-01;2026-10-31;26500000;1;ACTIVE;36|065/PTCMU/XI/2022|01/11/2024|31/10/2026
36;065/PTCMU/XI/2022;5000017266;CONTRACT;BULANAN;MONTHLY_FIXED;2025-07-01;2026-06-30;27500000;2;ACTIVE;36|065/PTCMU/XI/2022|01/07/2025|30/06/2026
36;065/PTCMU/XI/2022;5000017394;CONTRACT;BULANAN;MONTHLY_FIXED;2026-01-01;2026-12-31;13750000;1;ACTIVE;36|065/PTCMU/XI/2022|01/01/2026|31/12/2026
37;02/PURC.CMBP/12/2025;02/PURC.CMBP/12/2025;PO_ONLY;BULANAN;MONTHLY_FIXED;2025-10-01;2027-09-30;21666667;1;ACTIVE;37|02/PURC.CMBP/12/2025|01/10/2025|30/09/2027
37;294/PURC.CMBP/9/2025;294/PURC.CMBP/9/2025;PO_ONLY;BULANAN;MONTHLY_FIXED;2025-10-23;2026-10-22;24000000;1;ACTIVE;37|294/PURC.CMBP/9/2025|23/10/2025|22/10/2026
37;295/PURC.CMBP/9/2025;295/PURC.CMBP/9/2025;PO_ONLY;BULANAN;MONTHLY_FIXED;2025-08-26;2026-08-25;25800000;2;ACTIVE;37|295/PURC.CMBP/9/2025|26/08/2025|25/08/2026
38;4501607251;4501607251;PO_ONLY;BULANAN;MONTHLY_FIXED;2025-02-28;2026-02-27;8000000;1;ACTIVE;38|4501607251|28/02/2025|27/02/2026
38;4501619671;4501619671;PO_ONLY;BULANAN;MONTHLY_FIXED;2025-01-15;2025-12-14;8000000;1;ACTIVE;38|4501619671|15/01/2025|14/12/2025
38;4501619672;4501619672;PO_ONLY;BULANAN;MONTHLY_FIXED;2025-03-25;2026-01-24;8000000;1;ACTIVE;38|4501619672|25/03/2025|24/01/2026
38;4501631334;4501631334;PO_ONLY;BULANAN;MONTHLY_FIXED;2025-01-20;2026-01-19;8000000;1;ACTIVE;38|4501631334|20/01/2025|19/01/2026
38;4501715413;4501715413;PO_ONLY;BULANAN;MONTHLY_FIXED;2025-05-15;2026-05-14;14500000;1;ACTIVE;38|4501715413|15/05/2025|14/05/2026
38;4501803894;4501803894;PO_ONLY;BULANAN;MONTHLY_FIXED;2025-06-01;2026-05-31;8000000;1;ACTIVE;38|4501803894|01/06/2025|31/05/2026
38;4501803896;4501803896;PO_ONLY;BULANAN;MONTHLY_FIXED;2025-05-28;2026-05-27;8000000;1;ACTIVE;38|4501803896|28/05/2025|27/05/2026
38;4501827853;4501827853;PO_ONLY;BULANAN;MONTHLY_FIXED;2025-07-13;2026-01-12;8000000;1;ACTIVE;38|4501827853|13/07/2025|12/01/2026
38;4501829496;4501829496;PO_ONLY;BULANAN;MONTHLY_FIXED;2025-07-04;2025-12-03;8000000;1;ACTIVE;38|4501829496|04/07/2025|03/12/2025
38;4501906925;4501906925;PO_ONLY;BULANAN;MONTHLY_FIXED;2025-07-29;2026-07-28;8000000;1;ACTIVE;38|4501906925|29/07/2025|28/07/2026
38;4501945653;4501945653;PO_ONLY;BULANAN;MONTHLY_FIXED;2025-02-15;2025-12-14;8000000;1;ACTIVE;38|4501945653|15/02/2025|14/12/2025
38;4501955707;4501955707;PO_ONLY;BULANAN;MONTHLY_FIXED;2025-08-26;2026-06-27;8000000;1;ACTIVE;38|4501955707|26/08/2025|27/06/2026
38;4501963218;4501963218;PO_ONLY;BULANAN;MONTHLY_FIXED;2025-09-26;2026-07-25;8000000;1;ACTIVE;38|4501963218|26/09/2025|25/07/2026
38;4502084914;4502084914;PO_ONLY;BULANAN;MONTHLY_FIXED;2025-10-07;2026-09-06;8000000;1;ACTIVE;38|4502084914|07/10/2025|06/09/2026
38;4502086604;4502086604;PO_ONLY;BULANAN;MONTHLY_FIXED;2025-10-21;2026-10-20;8000000;1;ACTIVE;38|4502086604|21/10/2025|20/10/2026
38;4502179559;4502179559;PO_ONLY;BULANAN;MONTHLY_FIXED;2026-02-01;2027-01-31;8000000;1;ACTIVE;38|4502179559|01/02/2026|31/01/2027
38;4502190179;4502190179;PO_ONLY;BULANAN;MONTHLY_FIXED;2025-12-20;2025-12-19;8000000;1;ACTIVE;38|4502190179|20/12/2025|19/12/2025
38;4502190181;4502190181;PO_ONLY;BULANAN;MONTHLY_FIXED;2025-12-24;2026-12-23;8000000;1;ACTIVE;38|4502190181|24/12/2025|23/12/2026
38;4502190183;4502190183;PO_ONLY;BULANAN;MONTHLY_FIXED;2026-01-27;2027-01-26;8000000;1;ACTIVE;38|4502190183|27/01/2026|26/01/2027
38;4502190202;4502190202;PO_ONLY;BULANAN;MONTHLY_FIXED;2025-10-07;2026-10-06;8500000;1;ACTIVE;38|4502190202|07/10/2025|06/10/2026
38;4502195148;4502195148;PO_ONLY;BULANAN;MONTHLY_FIXED;2026-02-21;2027-02-20;8000000;1;ACTIVE;38|4502195148|21/02/2026|20/02/2027
38;4502203662;4502203662;PO_ONLY;BULANAN;MONTHLY_FIXED;2026-01-23;2027-01-22;8000000;1;ACTIVE;38|4502203662|23/01/2026|22/01/2027
38;4502203661;4502203661;PO_ONLY;BULANAN;MONTHLY_FIXED;2026-02-26;2026-09-25;8000000;1;ACTIVE;38|4502203661|26/02/2026|25/09/2026
38;4501607265;4501607265;PO_ONLY;BULANAN;MONTHLY_FIXED;2025-02-16;2026-02-15;10500000;1;ACTIVE;38|4501607265|16/02/2025|15/02/2026
39;"Belum terima Kontrak/PO";;CONTRACT;BULANAN;MONTHLY_FIXED;;;0;16;PENDING;"39|Belum terima Kontrak/PO||"
40;GIT/26/010110;GIT/26/010110;PO_ONLY;BULANAN;MONTHLY_FIXED;2026-01-27;2027-01-26;22000000;1;ACTIVE;40|GIT/26/010110|27/01/2026|26/01/2027
41;GIT/25/110929;GIT/25/110929;PO_ONLY;BULANAN;MONTHLY_FIXED;2025-12-15;2026-12-14;22000000;1;ACTIVE;41|GIT/25/110929|15/12/2025|14/12/2026
41;GIT/25/020145;GIT/25/020145;PO_ONLY;BULANAN;MONTHLY_FIXED;2025-03-23;2027-03-22;20000000;1;ACTIVE;41|GIT/25/020145|23/03/2025|22/03/2027
41;GIT/25/020146;GIT/25/020146;PO_ONLY;BULANAN;MONTHLY_FIXED;2025-03-23;2027-03-22;20000000;1;ACTIVE;41|GIT/25/020146|23/03/2025|22/03/2027
41;GIT/25/080583;GIT/25/080583;PO_ONLY;BULANAN;MONTHLY_FIXED;2025-08-04;2026-08-03;6000000;1;ACTIVE;41|GIT/25/080583|04/08/2025|03/08/2026
41;GIT/25/080583;GIT/25/080583;PO_ONLY;BULANAN;MONTHLY_FIXED;2025-08-13;2025-08-12;21000000;1;ACTIVE;41|GIT/25/080583|13/08/2025|12/08/2025
41;GIT/25/080599;GIT/25/080599;PO_ONLY;BULANAN;MONTHLY_FIXED;2025-07-08;2026-07-07;12500000;1;ACTIVE;41|GIT/25/080599|08/07/2025|07/07/2026
41;GIT/25/121048;GIT/25/121048;PO_ONLY;BULANAN;MONTHLY_FIXED;2025-08-04;2026-08-03;6000000;1;ACTIVE;41|GIT/25/121048|04/08/2025|03/08/2026
41;"ada addendum";;CONTRACT;BULANAN;MONTHLY_FIXED;2025-11-11;2026-11-10;12500000;1;ACTIVE;"41|ada addendum|11/11/2025|10/11/2026"
41;"SPOT RENTAL";;DAILY_SPOT;BULANAN;MONTHLY_FIXED;;;0;1;PENDING;SPOT_41
41;GIT/25/050340;GIT/25/050340;PO_ONLY;BULANAN;MONTHLY_FIXED;2025-07-26;2026-07-25;30500000;1;ACTIVE;41|GIT/25/050340|26/07/2025|25/07/2026
41;GIT/25/050340;GIT/25/050340;PO_ONLY;BULANAN;MONTHLY_FIXED;2025-07-29;2026-07-02;13000000;1;ACTIVE;41|GIT/25/050340|29/07/2025|02/07/2026
43;112/SML/I/2026;PO/2024/01468;CONTRACT;BULANAN;MONTHLY_FIXED;2026-01-01;2026-12-31;91000000;10;ACTIVE;43|112/SML/I/2026|01/01/2026|31/12/2026
43;PO/2025/01486;PO/2025/01486;PO_ONLY;BULANAN;MONTHLY_FIXED;2025-12-11;2026-12-10;10000000;1;ACTIVE;43|PO/2025/01486|11/12/2025|10/12/2026
43;111/SML/I/2026;;CONTRACT;BULANAN;MONTHLY_FIXED;2026-01-01;2026-12-31;23000000;2;ACTIVE;43|111/SML/I/2026|01/01/2026|31/12/2026
44;"SPOT RENTAL";CS-200110814;CONTRACT;BULANAN;MONTHLY_FIXED;2025-03-19;2026-03-18;30000000;2;ACTIVE;SPOT_44
45;"INFO MBA DEIS AKAN PAKAI KONTRAK (6 BLN)";"INFO MBA DEIS AKAN PAKAI KONTRAK (6 BLN)";PO_ONLY;BULANAN;MONTHLY_FIXED;;;15000000;1;PENDING;"45|INFO MBA DEIS AKAN PAKAI KONTRAK (6 BLN)||"
46;069/SML-D/VIII/2025;;CONTRACT;BULANAN;MONTHLY_FIXED;2025-07-29;2026-08-28;9000000;1;ACTIVE;46|069/SML-D/VIII/2025|29/07/2025|28/08/2026
46;069/SML-D/VIII/2025;;CONTRACT;BULANAN;MONTHLY_FIXED;2025-04-21;2026-04-20;9000000;1;ACTIVE;46|069/SML-D/VIII/2025|21/04/2025|20/04/2026
47;709/SML/IV/2024;;CONTRACT;BULANAN;MONTHLY_FIXED;2024-04-29;2027-04-28;63000000;2;ACTIVE;47|709/SML/IV/2024|29/04/2024|28/04/2027
47;810/SML/I/2025;;CONTRACT;BULANAN;MONTHLY_FIXED;2025-01-07;2028-01-06;16500000;1;ACTIVE;47|810/SML/I/2025|07/01/2025|06/01/2028
47;810/SML/I/2025;;CONTRACT;BULANAN;MONTHLY_FIXED;2025-01-18;2028-01-17;16500000;1;ACTIVE;47|810/SML/I/2025|18/01/2025|17/01/2028
47;708/SML/IV/2024;;CONTRACT;BULANAN;MONTHLY_FIXED;2024-04-29;2027-04-28;63000000;2;ACTIVE;47|708/SML/IV/2024|29/04/2024|28/04/2027
47;791/SML/XII/2024;;CONTRACT;BULANAN;MONTHLY_FIXED;2024-12-04;2027-12-03;16500000;1;ACTIVE;47|791/SML/XII/2024|04/12/2024|03/12/2027
47;791/SML/XII/2024;;CONTRACT;BULANAN;MONTHLY_FIXED;2024-12-18;2027-12-17;16500000;1;ACTIVE;47|791/SML/XII/2024|18/12/2024|17/12/2027
47;036/SMl/VI/2025;;CONTRACT;BULANAN;MONTHLY_FIXED;2025-06-24;2028-06-23;10000000;1;ACTIVE;47|036/SMl/VI/2025|24/06/2025|23/06/2028
47;751/SML/IX/2024;;CONTRACT;BULANAN;MONTHLY_FIXED;2024-09-27;2027-09-26;10000000;1;ACTIVE;47|751/SML/IX/2024|27/09/2024|26/09/2027
47;782/SML/X/2024;;CONTRACT;BULANAN;MONTHLY_FIXED;2024-10-30;2027-10-29;17000000;1;ACTIVE;47|782/SML/X/2024|30/10/2024|29/10/2027
49;"604/SML/III/2023 addendum I";;CONTRACT;BULANAN;MONTHLY_FIXED;2023-03-15;2026-03-14;7000000;1;ACTIVE;"49|604/SML/III/2023 addendum I|15/03/2023|14/03/2026"
49;"604/SML/III/2023 addendum I";;CONTRACT;BULANAN;MONTHLY_FIXED;2023-03-16;2026-03-15;7300000;1;ACTIVE;"49|604/SML/III/2023 addendum I|16/03/2023|15/03/2026"
49;"604/SML/III/2023 addendum I";;CONTRACT;BULANAN;MONTHLY_FIXED;2023-03-17;2026-03-16;7300000;1;ACTIVE;"49|604/SML/III/2023 addendum I|17/03/2023|16/03/2026"
49;"604/SML/III/2023 addendum I";;CONTRACT;BULANAN;MONTHLY_FIXED;2023-05-01;2026-04-30;28000000;4;ACTIVE;"49|604/SML/III/2023 addendum I|01/05/2023|30/04/2026"
49;"604/SML/III/2023 addendum I";;CONTRACT;BULANAN;MONTHLY_FIXED;;;0;1;PENDING;"49|604/SML/III/2023 addendum I||"
50;IDN10030619;IDN10030619;PO_ONLY;BULANAN;MONTHLY_FIXED;2026-01-05;2026-12-06;0;1;ACTIVE;50|IDN10030619|05/01/2026|06/12/2026
50;IDN10030620;IDN10030620;PO_ONLY;BULANAN;MONTHLY_FIXED;2025-12-20;2026-11-19;0;1;ACTIVE;50|IDN10030620|20/12/2025|19/11/2026
50;IDN10030658;IDN10030658;PO_ONLY;BULANAN;MONTHLY_FIXED;2025-12-05;2026-11-04;9200000;1;ACTIVE;50|IDN10030658|05/12/2025|04/11/2026
50;IDN10025991;IDN10025991;PO_ONLY;BULANAN;MONTHLY_FIXED;2025-08-29;2025-12-28;16200000;1;ACTIVE;50|IDN10025991|29/08/2025|28/12/2025
50;IDN10026528;IDN10026528;PO_ONLY;BULANAN;MONTHLY_FIXED;2025-08-03;2026-02-02;10700000;1;ACTIVE;50|IDN10026528|03/08/2025|02/02/2026
50;IDN10026785;IDN10026785;PO_ONLY;BULANAN;MONTHLY_FIXED;2025-09-03;2026-08-02;16200000;1;ACTIVE;50|IDN10026785|03/09/2025|02/08/2026
50;IDN10026993;IDN10026993;PO_ONLY;BULANAN;MONTHLY_FIXED;2025-09-03;2026-02-02;16524000;1;ACTIVE;50|IDN10026993|03/09/2025|02/02/2026
50;IDN10029192;IDN10029192;PO_ONLY;BULANAN;MONTHLY_FIXED;2025-11-03;2026-01-02;10710000;1;ACTIVE;50|IDN10029192|03/11/2025|02/01/2026
50;IDN10029193;IDN10029193;PO_ONLY;BULANAN;MONTHLY_FIXED;2025-11-06;2026-01-05;33150000;1;ACTIVE;50|IDN10029193|06/11/2025|05/01/2026
50;IDN10029194;IDN10029194;PO_ONLY;BULANAN;MONTHLY_FIXED;2025-10-11;2025-12-10;10710000;1;ACTIVE;50|IDN10029194|11/10/2025|10/12/2025
50;"Belum Terima PO";"Belum Terima PO";PO_ONLY;BULANAN;MONTHLY_FIXED;;;0;2;PENDING;"50|Belum Terima PO||"
52;130/DSY/1106/25;130/DSY/1106/25;PO_ONLY;BULANAN;MONTHLY_FIXED;2025-06-17;2026-06-16;14000000;1;ACTIVE;52|130/DSY/1106/25|17/06/2025|16/06/2026
52;164/DSY/1907/25;164/DSY/1907/25;PO_ONLY;BULANAN;MONTHLY_FIXED;2025-07-23;2026-07-22;14100000;3;ACTIVE;52|164/DSY/1907/25|23/07/2025|22/07/2026
52;82/DSY/1404/25;82/DSY/1404/25;PO_ONLY;BULANAN;MONTHLY_FIXED;2025-05-06;2026-05-05;14000000;2;ACTIVE;52|82/DSY/1404/25|06/05/2025|05/05/2026
52;PO/DSY/2508/0008;PO/DSY/2508/0008;PO_ONLY;BULANAN;MONTHLY_FIXED;2025-08-11;2026-07-10;4250000;1;ACTIVE;52|PO/DSY/2508/0008|11/08/2025|10/07/2026
52;PO/DSY/2509/0016;PO/DSY/2509/0016;PO_ONLY;BULANAN;MONTHLY_FIXED;2025-10-15;2026-09-14;14000000;1;ACTIVE;52|PO/DSY/2509/0016|15/10/2025|14/09/2026
52;PO/DSY/2509/003;PO/DSY/2509/003;PO_ONLY;BULANAN;MONTHLY_FIXED;2025-09-16;2026-08-05;28000000;2;ACTIVE;52|PO/DSY/2509/003|16/09/2025|05/08/2026
52;PO/DSY/2511/0017;PO/DSY/2511/0017;PO_ONLY;BULANAN;MONTHLY_FIXED;2025-12-01;2026-11-30;24000000;6;ACTIVE;52|PO/DSY/2511/0017|01/12/2025|30/11/2026
52;PO/DSY/2512/0003;PO/DSY/2512/0003;PO_ONLY;BULANAN;MONTHLY_FIXED;2025-12-12;2026-11-11;18300000;6;ACTIVE;52|PO/DSY/2512/0003|12/12/2025|11/11/2026
52;PO/DSY/2601/0006;PO/DSY/2601/0006;PO_ONLY;BULANAN;MONTHLY_FIXED;2026-01-23;2027-01-22;4000000;4;ACTIVE;52|PO/DSY/2601/0006|23/01/2026|22/01/2027
53;52503918;52503918;PO_ONLY;BULANAN;MONTHLY_FIXED;2025-09-16;2026-01-15;10000000;1;ACTIVE;53|52503918|16/09/2025|15/01/2026
54;PO/BULAN;PO/BULAN;PO_ONLY;BULANAN;MONTHLY_FIXED;2025-08-27;2026-08-27;20800000;2;ACTIVE;54|PO/BULAN
55;3100015897;3100015897;PO_ONLY;BULANAN;MONTHLY_FIXED;2025-03-11;2026-03-10;30000000;1;ACTIVE;55|3100015897|11/03/2025|10/03/2026
56;"Po Perbulan";"Po Perbulan";PO_ONLY;BULANAN;MONTHLY_FIXED;;;40600000;3;PENDING;"56|Po Perbulan"
57;0006/PO/FUN/I/2026;0006/PO/FUN/I/2026;PO_ONLY;BULANAN;MONTHLY_FIXED;2026-01-27;2026-02-26;11000000;1;ACTIVE;57|0006/PO/FUN/I/2026|27/01/2026|26/02/2026
60;642/D-SML/I/2023;;CONTRACT;BULANAN;MONTHLY_FIXED;2023-01-01;2023-12-31;50050000;7;ACTIVE;60|642/D-SML/I/2023|01/01/2023|31/12/2023
62;015/GTL-PO/IX/2023;;CONTRACT;BULANAN;MONTHLY_FIXED;;;8000000;1;PENDING;62|015/GTL-PO/IX/2023||
62;612/SML/V/2023;;CONTRACT;BULANAN;MONTHLY_FIXED;;;9000000;1;PENDING;62|612/SML/V/2023||
63;"IDL / 75346052 / 1207";"IDL / 75346052 / 1207";PO_ONLY;BULANAN;MONTHLY_FIXED;;;9100000;1;PENDING;"63|IDL / 75346052 / 1207||"
63;"IDP / 75346054 / 1207";"IDP / 75346054 / 1207";PO_ONLY;BULANAN;MONTHLY_FIXED;;;14500000;1;PENDING;"63|IDP / 75346054 / 1207||"
63;"IDP / 75346057 / 1207";"IDP / 75346057 / 1207";PO_ONLY;BULANAN;MONTHLY_FIXED;;;9100000;1;PENDING;"63|IDP / 75346057 / 1207||"
64;055/SML/VII/2025;4600488975;CONTRACT;BULANAN;MONTHLY_FIXED;2025-09-01;2026-08-31;152100000;16;ACTIVE;64|055/SML/VII/2025|01/09/2025|31/08/2026
65;0741/GMP/11/24;0741/GMP/11/24;PO_ONLY;BULANAN;MONTHLY_FIXED;2024-12-04;2027-12-03;29000000;1;ACTIVE;65|0741/GMP/11/24|04/12/2024|03/12/2027
66;051/SML-R/VII/2025;;CONTRACT;BULANAN;MONTHLY_FIXED;2025-07-14;2026-01-13;9500000;1;ACTIVE;66|051/SML-R/VII/2025|14/07/2025|13/01/2026
67;745/SML-RI/IX/2024;;CONTRACT;BULANAN;MONTHLY_FIXED;2024-10-01;2025-09-30;42600000;4;ACTIVE;67|745/SML-RI/IX/2024|01/10/2024|30/09/2025
68;"D0.1-3700-1038-16 Add-15";"PO Perbulan";CONTRACT;BULANAN;MONTHLY_FIXED;2024-06-01;2027-05-31;60550000;10;ACTIVE;"68|D0.1-3700-1038-16 Add-15|01/06/2024|31/05/2027"
70;105/HPP/RM/MG/VII/25;105/HPP/RM/MG/VII/25;PO_ONLY;BULANAN;MONTHLY_FIXED;2026-07-01;2025-12-31;20000000;1;ACTIVE;70|105/HPP/RM/MG/VII/25|01/07/2026|31/12/2025
72;"PO Perbulan";"PO Perbulan";PO_ONLY;BULANAN;MONTHLY_FIXED;;;82800000;9;PENDING;"72|PO Perbulan"
72;"Agreement Heinz";"PO Perbulan";CONTRACT;BULANAN;MONTHLY_FIXED;2023-07-01;2025-06-30;23400000;3;ACTIVE;"72|Agreement Heinz|01/07/2023|30/06/2025"
73;3215005327;3215005327;PO_ONLY;BULANAN;MONTHLY_FIXED;2025-11-06;2026-10-05;8500000;1;ACTIVE;73|3215005327|06/11/2025|05/10/2026
74;PO;PO;PO_ONLY;BULANAN;MONTHLY_FIXED;2026-01-21;2026-04-21;14000000;1;ACTIVE;74|PO|21/01/2026|21/04/2026
75;0001/D-SML/2025;;CONTRACT;BULANAN;MONTHLY_FIXED;2025-07-14;2026-07-14;12500000;1;ACTIVE;75|0001/D-SML/2025|14/07/2025|14/07/2026
75;"SPOT RENTAL";;DAILY_SPOT;BULANAN;MONTHLY_FIXED;;;39000000;3;PENDING;SPOT_75
77;033/SML/V/2025;033/SML/V/2025;PO_ONLY;BULANAN;MONTHLY_FIXED;2025-06-05;2026-06-04;14800000;1;ACTIVE;77|033/SML/V/2025|05/06/2025|04/06/2026
77;"SPOT RENTAL";;DAILY_SPOT;BULANAN;MONTHLY_FIXED;;;0;1;PENDING;SPOT_77
78;594/SML/I/2023;;CONTRACT;BULANAN;MONTHLY_FIXED;2023-01-01;2025-12-31;62130000;6;ACTIVE;78|594/SML/I/2023|01/01/2023|31/12/2025
79;8080488987;8080488987;PO_ONLY;BULANAN;MONTHLY_FIXED;2025-10-20;2026-01-19;8500000;1;ACTIVE;79|8080488987|20/10/2025|19/01/2026
79;8080511797;8080511797;PO_ONLY;BULANAN;MONTHLY_FIXED;2025-10-26;2026-03-25;8000000;1;ACTIVE;79|8080511797|26/10/2025|25/03/2026
80;754/R-SML/X/2024;PO/BULAN;CONTRACT;BULANAN;MONTHLY_FIXED;2024-10-12;2025-10-11;12000000;1;ACTIVE;80|754/R-SML/X/2024|12/10/2024|11/10/2025
81;066/SML/X/2025;2510-0017/ILC-AUTO/X/2025;CONTRACT;BULANAN;MONTHLY_FIXED;2025-10-01;2026-09-30;31000000;2;ACTIVE;81|066/SML/X/2025|01/10/2025|30/09/2026
81;2512-0025/ILC-AUTO/X/2025;2512-0025/ILC-AUTO/X/2025;PO_ONLY;BULANAN;MONTHLY_FIXED;2026-01-01;2026-09-30;26500000;2;ACTIVE;81|2512-0025/ILC-AUTO/X/2025|01/01/2026|30/09/2026
81;2512-0025/ILC-AUTO/X/2025;2512-0025/ILC-AUTO/X/2025;PO_ONLY;BULANAN;MONTHLY_FIXED;2026-01-01;2026-12-31;10800000;1;ACTIVE;81|2512-0025/ILC-AUTO/X/2025|01/01/2026|31/12/2026
81;"Kontrak 016 Add-1";;CONTRACT;BULANAN;MONTHLY_FIXED;2025-04-01;2026-03-31;91900000;7;ACTIVE;"81|Kontrak 016 Add-1|01/04/2025|31/03/2026"
81;2510-0035/ILC-AUTO/X/2025;2510-0035/ILC-AUTO/X/2025;PO_ONLY;BULANAN;MONTHLY_FIXED;2025-11-01;2026-03-31;25000000;2;ACTIVE;81|2510-0035/ILC-AUTO/X/2025|01/11/2025|31/03/2026
81;2510-0035/ILC-AUTO/X/2025;2510-0035/ILC-AUTO/X/2025;PO_ONLY;BULANAN;MONTHLY_FIXED;2025-11-01;2026-05-31;11000000;1;ACTIVE;81|2510-0035/ILC-AUTO/X/2025|01/11/2025|31/05/2026
81;2510-0035/ILC-AUTO/X/2025;2510-0035/ILC-AUTO/X/2025;PO_ONLY;BULANAN;MONTHLY_FIXED;2025-11-01;2026-09-30;11000000;1;ACTIVE;81|2510-0035/ILC-AUTO/X/2025|01/11/2025|30/09/2026
82;52059178;52059178;PO_ONLY;BULANAN;MONTHLY_FIXED;2025-01-01;2026-01-31;27500000;1;ACTIVE;82|52059178|01/01/2025|31/01/2026
83;288/SPD/PL-SML/PSM/VI/2024-Add1;71112345;CONTRACT;BULANAN;MONTHLY_FIXED;2025-07-01;2026-06-30;105200000;4;ACTIVE;83|288/SPD/PL-SML/PSM/VI/2024-Add1|01/07/2025|30/06/2026
83;"298/SPD/EGD-SML/PSM/VIII/2024-ADD I";71112417;CONTRACT;BULANAN;MONTHLY_FIXED;2025-08-01;2026-07-31;58000000;1;ACTIVE;"83|298/SPD/EGD-SML/PSM/VIII/2024-ADD I|01/08/2025|31/07/2026"
83;"299/SPD/EGD-SML/PSM/VIII/2024-ADD I";71112418;CONTRACT;BULANAN;MONTHLY_FIXED;2025-08-01;2026-07-31;58000000;1;ACTIVE;"83|299/SPD/EGD-SML/PSM/VIII/2024-ADD I|01/08/2025|31/07/2026"
83;342/SPD/RM-SML/PSM/VII/2025;71113429;CONTRACT;BULANAN;MONTHLY_FIXED;2025-11-01;2028-10-31;51500000;2;ACTIVE;83|342/SPD/RM-SML/PSM/VII/2025|01/11/2025|31/10/2028
83;"340/SPD/SCM-SML/PSM/VI/2025- ADD 1";"(perpanjangn kontrak 017 per'Juli 25)";CONTRACT;BULANAN;MONTHLY_FIXED;2025-07-01;2028-06-30;0;16;ACTIVE;"83|340/SPD/SCM-SML/PSM/VI/2025- ADD 1|01/07/2025|30/06/2028"
83;158/PO/PAG-SML/PSM/II/2023;"USER : BPK ISMAIL";CONTRACT;BULANAN;MONTHLY_FIXED;2023-02-01;2026-01-31;431101500;12;ACTIVE;83|158/PO/PAG-SML/PSM/II/2023|01/02/2023|31/01/2026
83;"153/PO/AW-SML/PSM/XI/2022-Add 2";"USER (BPK SUGIANTO) - (4 INVOICE)";CONTRACT;BULANAN;MONTHLY_FIXED;2025-12-01;2026-10-31;697900000;15;ACTIVE;"83|153/PO/AW-SML/PSM/XI/2022-Add 2|01/12/2025|31/10/2026"
83;154/PO/AW-SML/PSM/XI/2022-Add2;"USER (BPK SUGIANTO)- (5 INVOICE)";CONTRACT;BULANAN;MONTHLY_FIXED;2025-12-01;2026-10-31;1062600000;26;ACTIVE;83|154/PO/AW-SML/PSM/XI/2022-Add2|01/12/2025|31/10/2026
83;093/PO/RM-SML/PSM/VIII/2022-ADD-2;;CONTRACT;BULANAN;MONTHLY_FIXED;2025-08-01;2027-07-31;58000000;2;ACTIVE;83|093/PO/RM-SML/PSM/VIII/2022-ADD-2|01/08/2025|31/07/2027
83;"155/PO/AW-SML/PSM/XI/2022/ ADD3";;CONTRACT;BULANAN;MONTHLY_FIXED;2025-12-01;2026-10-31;682300000;13;ACTIVE;"83|155/PO/AW-SML/PSM/XI/2022/ ADD3|01/12/2025|31/10/2026"
83;157/PO/PAG-SML/PSM/VI/2023;;CONTRACT;BULANAN;MONTHLY_FIXED;2023-06-01;2026-05-31;1805164000;45;ACTIVE;83|157/PO/PAG-SML/PSM/VI/2023|01/06/2023|31/05/2026
83;219/PO/RM-SML/PSM/VI/2023;;CONTRACT;BULANAN;MONTHLY_FIXED;2023-06-01;2026-05-31;59000000;2;ACTIVE;83|219/PO/RM-SML/PSM/VI/2023|01/06/2023|31/05/2026
83;4610022445/22628/IKS-SML/VII/2025;SIK-71113454;CONTRACT;BULANAN;MONTHLY_FIXED;2025-08-01;2028-07-31;0;8;ACTIVE;83|4610022445/22628/IKS-SML/VII/2025|01/08/2025|31/07/2028
83;4610018466;TGR-71110905;CONTRACT;BULANAN;MONTHLY_FIXED;2023-05-16;2026-05-16;11000000;1;ACTIVE;83|4610018466|16/05/2023|16/05/2026
83;461002198/21403/IKT-SML/XII/2024;TGR-71112849;CONTRACT;BULANAN;MONTHLY_FIXED;2025-01-01;2025-12-31;235850000;21;ACTIVE;83|461002198/21403/IKT-SML/XII/2024|01/01/2025|31/12/2025
84;2300047096;2300047096;PO_ONLY;BULANAN;MONTHLY_FIXED;;;330;1;PENDING;84|2300047096||
84;2300047298;2300047298;PO_ONLY;BULANAN;MONTHLY_FIXED;2025-08-01;2026-05-31;15000000;2;ACTIVE;84|2300047298|01/08/2025|31/05/2026
84;2300047324;2300047324;PO_ONLY;BULANAN;MONTHLY_FIXED;2025-08-01;2026-05-31;227300000;13;ACTIVE;84|2300047324|01/08/2025|31/05/2026
84;2300047648;2300047648;PO_ONLY;BULANAN;MONTHLY_FIXED;2025-09-01;2026-05-31;60000000;3;ACTIVE;84|2300047648|01/09/2025|31/05/2026
84;2300047871;2300047871;PO_ONLY;BULANAN;MONTHLY_FIXED;2025-09-14;2025-12-13;17800000;1;ACTIVE;84|2300047871|14/09/2025|13/12/2025
84;2300047978;2300047978;PO_ONLY;BULANAN;MONTHLY_FIXED;2025-10-01;2025-12-31;131500000;9;ACTIVE;84|2300047978|01/10/2025|31/12/2025
84;"SPOT RENTAL";;DAILY_SPOT;BULANAN;MONTHLY_FIXED;;;0;2;PENDING;SPOT_84
85;"PO Perbulan";"PO Perbulan";PO_ONLY;BULANAN;MONTHLY_FIXED;;;130300000;13;PENDING;"85|PO Perbulan"
87;01050/IMLI/09/24;01050/IMLI/09/24;PO_ONLY;BULANAN;MONTHLY_FIXED;2024-10-17;2027-10-16;8500000;1;ACTIVE;87|01050/IMLI/09/24|17/10/2024|16/10/2027
87;0231/IMLI/04/25;0231/IMLI/04/25;PO_ONLY;BULANAN;MONTHLY_FIXED;2025-04-17;2028-04-16;8500000;1;ACTIVE;87|0231/IMLI/04/25|17/04/2025|16/04/2028
87;0231/IMLI/04/25;0231/IMLI/04/25;PO_ONLY;BULANAN;MONTHLY_FIXED;2025-05-22;2028-05-24;8500000;1;ACTIVE;87|0231/IMLI/04/25|22/05/2025|24/05/2028
87;0748/IMLI/10/25;0748/IMLI/10/25;PO_ONLY;BULANAN;MONTHLY_FIXED;2025-10-10;2028-10-09;8500000;1;ACTIVE;87|0748/IMLI/10/25|10/10/2025|09/10/2028
89;00181/SCI/II/2025;00181/SCI/II/2025;PO_ONLY;BULANAN;MONTHLY_FIXED;2025-02-01;2028-01-31;9500000;1;ACTIVE;89|00181/SCI/II/2025|01/02/2025|31/01/2028
89;789/SML-R/XI/2024;01491/SCI/XII/2024;CONTRACT;BULANAN;MONTHLY_FIXED;2024-11-11;2027-11-10;9500000;1;ACTIVE;89|789/SML-R/XI/2024|11/11/2024|10/11/2027
90;"4506977779 (PIC PAK YAN)";"4506977779 (PIC PAK YAN)";PO_ONLY;BULANAN;MONTHLY_FIXED;2025-12-01;2026-03-01;8000000;1;ACTIVE;"90|4506977779 (PIC PAK YAN)|01/12/2025|01/03/2026"
90;4506906882;4506906882;PO_ONLY;BULANAN;MONTHLY_FIXED;2025-07-15;2026-01-14;8000000;1;ACTIVE;90|4506906882|15/07/2025|14/01/2026
90;4506926481;4506926481;PO_ONLY;BULANAN;MONTHLY_FIXED;2025-08-05;2026-01-04;8000000;1;ACTIVE;90|4506926481|05/08/2025|04/01/2026
90;4506977899;4506977899;PO_ONLY;BULANAN;MONTHLY_FIXED;2025-10-13;2026-02-12;8000000;1;ACTIVE;90|4506977899|13/10/2025|12/02/2026
90;"Sudah ada permintaan tarik email dari bu Paulina (7/1/26)";"4506625446 (PIC PAK YANSRI)";CONTRACT;BULANAN;MONTHLY_FIXED;2024-11-15;2025-10-01;9739681;1;ACTIVE;"90|Sudah ada permintaan tarik email dari bu Paulina (7/1/26)|15/11/2024|01/10/2025"
90;"716 /SML-R/V/2024";;CONTRACT;BULANAN;MONTHLY_FIXED;2024-06-09;2026-06-08;29000000;2;ACTIVE;"90|716 /SML-R/V/2024|09/06/2024|08/06/2026"
90;FS-1042/ICBP/PKG-JKT/IX/2025;;CONTRACT;BULANAN;MONTHLY_FIXED;2026-01-01;2026-06-30;24000000;2;ACTIVE;90|FS-1042/ICBP/PKG-JKT/IX/2025|01/01/2026|30/06/2026
91;003/LGL-0004/PTIL/WHS-CKR/III/2023;;CONTRACT;BULANAN;MONTHLY_FIXED;2023-04-01;2026-03-31;67650000;4;ACTIVE;91|003/LGL-0004/PTIL/WHS-CKR/III/2023|01/04/2023|31/03/2026
92;056/LGL-0254/PTIL/WHS-C1/VII/2025;;CONTRACT;BULANAN;MONTHLY_FIXED;2025-07-01;2028-06-30;195000000;6;ACTIVE;92|056/LGL-0254/PTIL/WHS-C1/VII/2025|01/07/2025|30/06/2028
92;133/LGL-0399/PTIL/WHS-C3/VII/2025;;CONTRACT;BULANAN;MONTHLY_FIXED;2025-04-01;2026-03-31;69500000;6;ACTIVE;92|133/LGL-0399/PTIL/WHS-C3/VII/2025|01/04/2025|31/03/2026
92;"AMD II-166/LGL-0193/PTIL/WHS-C1/VI/2024";;CONTRACT;BULANAN;MONTHLY_FIXED;2025-08-01;2026-03-31;17200000;2;ACTIVE;"92|AMD II-166/LGL-0193/PTIL/WHS-C1/VI/2024|01/08/2025|31/03/2026"
92;"AMD II-166/LGL-0193/PTIL/WHS-C1/VI/2024";;CONTRACT;BULANAN;MONTHLY_FIXED;2023-04-01;2026-03-31;143350000;17;ACTIVE;"92|AMD II-166/LGL-0193/PTIL/WHS-C1/VI/2024|01/04/2023|31/03/2026"
92;4507110660;;CONTRACT;BULANAN;MONTHLY_FIXED;2025-11-01;2026-04-01;10900000;1;ACTIVE;92|4507110660|01/11/2025|01/04/2026
92;"090/LGL-0124/PTIL/WHS-JKT/IV/2023 ~ AMD I-141/LGL-0392/PTIL/WHS-JKT/VII/2025";;CONTRACT;BULANAN;MONTHLY_FIXED;2025-06-01;2026-06-30;131200000;9;ACTIVE;"92|090/LGL-0124/PTIL/WHS-JKT/IV/2023 ~ AMD I-141/LGL-0392/PTIL/WHS-JKT/VII/2025|01/06/2025|30/06/2026"
92;"AMD I-157/LGL-0385/PTIL/WHS-PWS/VII/2025";;CONTRACT;BULANAN;MONTHLY_FIXED;2022-08-01;2026-07-31;163500000;14;ACTIVE;"92|AMD I-157/LGL-0385/PTIL/WHS-PWS/VII/2025|01/08/2022|31/07/2026"
92;"AMD I-181/LGL-0396/PTIL/WHS-PAN/VIII/2025";;CONTRACT;BULANAN;MONTHLY_FIXED;2022-08-01;2026-07-31;34850000;5;ACTIVE;"92|AMD I-181/LGL-0396/PTIL/WHS-PAN/VIII/2025|01/08/2022|31/07/2026"
92;4507039208;;CONTRACT;BULANAN;MONTHLY_FIXED;2025-11-01;2026-04-01;40400000;2;ACTIVE;92|4507039208|01/11/2025|01/04/2026
93;035/SML/VI/2025;;CONTRACT;BULANAN;MONTHLY_FIXED;2025-03-31;2026-03-30;6750000;1;ACTIVE;93|035/SML/VI/2025|31/03/2025|30/03/2026
94;PO-2512-0326;PO-2512-0326;PO_ONLY;BULANAN;MONTHLY_FIXED;;;14000000;1;PENDING;94|PO-2512-0326||
94;"SPOT RENTAL";;DAILY_SPOT;BULANAN;MONTHLY_FIXED;;;24500000;2;PENDING;SPOT_94
95;25/IRP/0283;25/IRP/0283;PO_ONLY;BULANAN;MONTHLY_FIXED;2025-04-28;2028-04-27;9500000;1;ACTIVE;95|25/IRP/0283|28/04/2025|27/04/2028
96;4800003535;4800003535;PO_ONLY;BULANAN;MONTHLY_FIXED;2023-01-16;2026-01-15;12000000;1;ACTIVE;96|4800003535|16/01/2023|15/01/2026
97;"Po Perbulan";"Po Perbulan";PO_ONLY;BULANAN;MONTHLY_FIXED;;;9000000;1;PENDING;"97|Po Perbulan"
98;028/SML/ADD.1/V/2025;2711/PB/IJMSIPCI08/2024;CONTRACT;BULANAN;MONTHLY_FIXED;2024-11-01;2027-10-31;16500000;1;ACTIVE;98|028/SML/ADD.1/V/2025|01/11/2024|31/10/2027
99;053/SML/VII/2025;;CONTRACT;BULANAN;MONTHLY_FIXED;2025-07-01;2026-06-30;28000000;2;ACTIVE;99|053/SML/VII/2025|01/07/2025|30/06/2026
99;"PAKAI PO PERBULAN";;CONTRACT;BULANAN;MONTHLY_FIXED;;;70000000;6;PENDING;"99|PAKAI PO PERBULAN"
99;011/SML-R/IX/2024;;CONTRACT;BULANAN;MONTHLY_FIXED;2024-09-15;2025-09-14;25000000;2;ACTIVE;99|011/SML-R/IX/2024|15/09/2024|14/09/2025
99;012/SML-R/X/2024;;CONTRACT;BULANAN;MONTHLY_FIXED;2024-10-25;2025-10-24;14000000;2;ACTIVE;99|012/SML-R/X/2024|25/10/2024|24/10/2025
99;054/SML-R/VII/2025;;CONTRACT;BULANAN;MONTHLY_FIXED;2025-07-17;2026-06-16;25000000;2;ACTIVE;99|054/SML-R/VII/2025|17/07/2025|16/06/2026
99;013/SML-R/II/2025;;CONTRACT;BULANAN;MONTHLY_FIXED;2025-02-08;2026-02-07;22000000;2;ACTIVE;99|013/SML-R/II/2025|08/02/2025|07/02/2026
100;"SPOT RENTAL";"PO PERBULAN";CONTRACT;BULANAN;MONTHLY_FIXED;;;14000000;1;PENDING;SPOT_100
100;"PO PERBULAN";"PO PERBULAN";PO_ONLY;BULANAN;MONTHLY_FIXED;;;14000000;1;PENDING;"100|PO PERBULAN"
101;045/SML-D/VII/2025;;CONTRACT;BULANAN;MONTHLY_FIXED;2025-07-01;2026-06-30;211000000;17;ACTIVE;101|045/SML-D/VII/2025|01/07/2025|30/06/2026
102;058/SML/VII/2025;;CONTRACT;BULANAN;MONTHLY_FIXED;2025-07-25;2028-07-26;13000000;1;ACTIVE;102|058/SML/VII/2025|25/07/2025|26/07/2028
104;001/RTL/SML-KAL/01/2026;;CONTRACT;BULANAN;MONTHLY_FIXED;;;8000000;1;PENDING;104|001/RTL/SML-KAL/01/2026||
105;"Belum terima PO";"Belum terima PO";PO_ONLY;BULANAN;MONTHLY_FIXED;;;13000000;1;PENDING;"105|Belum terima PO||"
105;C240013188;C240013188;PO_ONLY;BULANAN;MONTHLY_FIXED;2026-01-01;2025-12-01;12000000;1;ACTIVE;105|C240013188|01/01/2026|01/12/2025
105;C240016031;C240016031;PO_ONLY;BULANAN;MONTHLY_FIXED;2025-07-01;2025-12-01;40000000;2;ACTIVE;105|C240016031|01/07/2025|01/12/2025
105;C240016032;C240016032;PO_ONLY;BULANAN;MONTHLY_FIXED;2025-07-01;2025-09-01;20000000;1;ACTIVE;105|C240016032|01/07/2025|01/09/2025
105;C240016176;C240016176;PO_ONLY;BULANAN;MONTHLY_FIXED;2026-08-01;2025-12-01;24000000;2;ACTIVE;105|C240016176|01/08/2026|01/12/2025
105;C240016353;C240016353;PO_ONLY;BULANAN;MONTHLY_FIXED;2026-11-01;2025-12-01;20000000;1;ACTIVE;105|C240016353|01/11/2026|01/12/2025
105;C240016353;C240016353;PO_ONLY;BULANAN;MONTHLY_FIXED;2025-11-01;2025-12-01;60000000;3;ACTIVE;105|C240016353|01/11/2025|01/12/2025
105;C240018599;C240018599;PO_ONLY;BULANAN;MONTHLY_FIXED;2025-06-01;2025-12-01;13000000;1;ACTIVE;105|C240018599|01/06/2025|01/12/2025
105;C240019525;C240019525;PO_ONLY;BULANAN;MONTHLY_FIXED;2026-11-01;2025-12-01;48670000;8;ACTIVE;105|C240019525|01/11/2026|01/12/2025
105;C240019898;C240019898;PO_ONLY;BULANAN;MONTHLY_FIXED;2025-08-01;2025-12-01;13000000;2;ACTIVE;105|C240019898|01/08/2025|01/12/2025
105;C240022129;C240022129;PO_ONLY;BULANAN;MONTHLY_FIXED;2026-08-01;2025-12-01;13000000;1;ACTIVE;105|C240022129|01/08/2026|01/12/2025
105;C240023070;C240023070;PO_ONLY;BULANAN;MONTHLY_FIXED;2026-01-01;2026-06-01;13000000;1;ACTIVE;105|C240023070|01/01/2026|01/06/2026
105;C240023583;C240023583;PO_ONLY;BULANAN;MONTHLY_FIXED;2026-01-01;2026-06-01;13000000;1;ACTIVE;105|C240023583|01/01/2026|01/06/2026
105;C240023831;C240023831;PO_ONLY;BULANAN;MONTHLY_FIXED;2026-01-01;2026-06-01;6500000;1;ACTIVE;105|C240023831|01/01/2026|01/06/2026
105;C240023923;C240023923;PO_ONLY;BULANAN;MONTHLY_FIXED;2026-01-01;2026-05-01;90000000;4;ACTIVE;105|C240023923|01/01/2026|01/05/2026
105;C240023929;C240023929;PO_ONLY;BULANAN;MONTHLY_FIXED;2026-01-01;2026-06-01;52000000;8;ACTIVE;105|C240023929|01/01/2026|01/06/2026
105;C240023961;C240023961;PO_ONLY;BULANAN;MONTHLY_FIXED;2026-01-01;2026-06-01;13000000;2;ACTIVE;105|C240023961|01/01/2026|01/06/2026
105;C240023970;C240023970;PO_ONLY;BULANAN;MONTHLY_FIXED;2025-10-01;2025-12-01;26000000;2;ACTIVE;105|C240023970|01/10/2025|01/12/2025
105;4530171288;;CONTRACT;BULANAN;MONTHLY_FIXED;2024-06-01;2025-05-01;12000000;1;ACTIVE;105|4530171288|01/06/2024|01/05/2025
106;033/PCH-CORP/KRW-KCS/VIII/2024;;CONTRACT;BULANAN;MONTHLY_FIXED;2024-11-01;2026-08-01;71000000;7;ACTIVE;106|033/PCH-CORP/KRW-KCS/VIII/2024|01/11/2024|01/08/2026
106;038/PCH-BU/KRW/2025;;CONTRACT;BULANAN;MONTHLY_FIXED;2025-09-01;2026-08-01;114000000;11;ACTIVE;106|038/PCH-BU/KRW/2025|01/09/2025|01/08/2026
106;012/PCH-CORP/MJL-NAB/III/2024;;CONTRACT;BULANAN;MONTHLY_FIXED;2024-04-01;2027-03-01;344500000;29;ACTIVE;106|012/PCH-CORP/MJL-NAB/III/2024|01/04/2024|01/03/2027
107;PO-KPI-17616;PO-KPI-17616;PO_ONLY;BULANAN;MONTHLY_FIXED;2025-03-26;2027-03-26;12500000;1;ACTIVE;107|PO-KPI-17616|26/03/2025|26/03/2027
107;711/SML/V/2025;;CONTRACT;BULANAN;MONTHLY_FIXED;2024-05-04;2026-05-03;10000000;1;ACTIVE;107|711/SML/V/2025|04/05/2024|03/05/2026
107;817/SML/I/2025;;CONTRACT;BULANAN;MONTHLY_FIXED;2025-01-02;2026-01-01;10250000;1;ACTIVE;107|817/SML/I/2025|02/01/2025|01/01/2026
109;PO/BULAN;PO/BULAN;PO_ONLY;BULANAN;MONTHLY_FIXED;;;11500000;1;PENDING;109|PO/BULAN
110;PO/BULAN;PO/BULAN;PO_ONLY;BULANAN;MONTHLY_FIXED;;;35500000;4;PENDING;110|PO/BULAN
111;800/SML/XII/2024;;CONTRACT;BULANAN;MONTHLY_FIXED;2025-01-02;2026-01-01;78400000;8;ACTIVE;111|800/SML/XII/2024|02/01/2025|01/01/2026
112;71112519;71112519;PO_ONLY;BULANAN;MONTHLY_FIXED;2024-09-01;2027-08-01;41500000;1;ACTIVE;112|71112519|01/09/2024|01/08/2027
113;"Agreement KCC Glass Indonesia - SML Add-1";;CONTRACT;BULANAN;MONTHLY_FIXED;2025-11-01;2026-12-31;864700000;49;ACTIVE;"113|Agreement KCC Glass Indonesia - SML Add-1|01/11/2025|31/12/2026"
115;1160006705;1160006705;PO_ONLY;BULANAN;MONTHLY_FIXED;2025-11-07;2026-05-06;7000000;1;ACTIVE;115|1160006705|07/11/2025|06/05/2026
115;1160006433;1160006433;PO_ONLY;BULANAN;MONTHLY_FIXED;2025-07-28;2026-01-27;20000000;1;ACTIVE;115|1160006433|28/07/2025|27/01/2026
115;1160006435;1160006435;PO_ONLY;BULANAN;MONTHLY_FIXED;2025-06-26;2025-12-25;7000000;1;ACTIVE;115|1160006435|26/06/2025|25/12/2025
115;1160006557;1160006557;PO_ONLY;BULANAN;MONTHLY_FIXED;2025-10-20;2026-04-19;7000000;1;ACTIVE;115|1160006557|20/10/2025|19/04/2026
115;"SPOT RENTAL";;DAILY_SPOT;BULANAN;MONTHLY_FIXED;;;0;1;PENDING;SPOT_115
116;"mob-demob 7jt";PO/BULAN;CONTRACT;BULANAN;MONTHLY_FIXED;;;16000000;1;PENDING;"116|mob-demob 7jt||"
118;172/PO-1/KKI/PK/10-25;172/PO-1/KKI/PK/10-25;PO_ONLY;BULANAN;MONTHLY_FIXED;2025-06-23;2025-08-22;18000000;1;ACTIVE;118|172/PO-1/KKI/PK/10-25|23/06/2025|22/08/2025
118;172/PO-1/KKI/PK/10-25;172/PO-1/KKI/PK/10-25;PO_ONLY;BULANAN;MONTHLY_FIXED;2025-07-13;2025-09-12;13500000;1;ACTIVE;118|172/PO-1/KKI/PK/10-25|13/07/2025|12/09/2025
118;172/PO-1/KKI/PK/10-25;172/PO-1/KKI/PK/10-25;PO_ONLY;BULANAN;MONTHLY_FIXED;2025-07-16;2025-09-15;13500000;1;ACTIVE;118|172/PO-1/KKI/PK/10-25|16/07/2025|15/09/2025
119;4201175015IDJ2;4201175015IDJ2;PO_ONLY;BULANAN;MONTHLY_FIXED;2026-01-18;2026-06-17;37000000;1;ACTIVE;119|4201175015IDJ2|18/01/2026|17/06/2026
119;po/bln;po/bln;PO_ONLY;BULANAN;MONTHLY_FIXED;;;26500000;1;PENDING;119|po/bln||
120;4018011075;;CONTRACT;BULANAN;MONTHLY_FIXED;2025-06-01;2025-12-31;21900000;3;ACTIVE;120|4018011075|01/06/2025|31/12/2025
121;010/KALP/V/2024;;CONTRACT;BULANAN;MONTHLY_FIXED;;;7000000;1;PENDING;121|010/KALP/V/2024||
122;LPG-71112832;LPG-71112832;PO_ONLY;BULANAN;MONTHLY_FIXED;2026-01-01;2026-12-31;52781040;1;ACTIVE;122|LPG-71112832|01/01/2026|31/12/2026
125;050/D-SML/VII/2025;;CONTRACT;BULANAN;MONTHLY_FIXED;2025-05-15;2026-05-14;13500000;1;ACTIVE;125|050/D-SML/VII/2025|15/05/2025|14/05/2026
125;050/D-SML/VII/2025;;CONTRACT;BULANAN;MONTHLY_FIXED;2025-10-01;2026-10-01;27000000;2;ACTIVE;125|050/D-SML/VII/2025|01/10/2025|01/10/2026
126;450016829;450016829;PO_ONLY;BULANAN;MONTHLY_FIXED;2025-10-15;2026-01-14;11200000;1;ACTIVE;126|450016829|15/10/2025|14/01/2026
126;4500002422;4500002422;PO_ONLY;BULANAN;MONTHLY_FIXED;2024-05-17;2025-05-16;12000000;1;ACTIVE;126|4500002422|17/05/2024|16/05/2025
126;4500002422;4500002422;PO_ONLY;BULANAN;MONTHLY_FIXED;2024-05-17;2024-11-16;11000000;1;ACTIVE;126|4500002422|17/05/2024|16/11/2024
126;4500004748;4500004748;PO_ONLY;BULANAN;MONTHLY_FIXED;2024-08-27;2025-08-26;21600000;2;ACTIVE;126|4500004748|27/08/2024|26/08/2025
126;1,0181E+11;4500007162;CONTRACT;BULANAN;MONTHLY_FIXED;2024-12-01;2025-11-01;12000000;1;ACTIVE;126|1,0181E+11|01/12/2024|01/11/2025
126;4500007162;4500007162;PO_ONLY;BULANAN;MONTHLY_FIXED;2024-12-01;2025-11-01;12000000;1;ACTIVE;126|4500007162|01/12/2024|01/11/2025
126;4500011911;4500011911;PO_ONLY;BULANAN;MONTHLY_FIXED;2025-05-01;2026-04-01;85600000;6;ACTIVE;126|4500011911|01/05/2025|01/04/2026
126;4500017481;4500017481;PO_ONLY;BULANAN;MONTHLY_FIXED;2025-11-27;2026-10-26;12000000;2;ACTIVE;126|4500017481|27/11/2025|26/10/2026
127;067/LCI-SML/VII/2022;;CONTRACT;BULANAN;MONTHLY_FIXED;;;10500000;1;PENDING;127|067/LCI-SML/VII/2022||
128;"PO Perbulan";"PO Perbulan";PO_ONLY;BULANAN;MONTHLY_FIXED;;;107600000;8;PENDING;"128|PO Perbulan"
128;"SPOT RENTAL";;DAILY_SPOT;BULANAN;MONTHLY_FIXED;;;10500000;1;PENDING;SPOT_128
129;PO/001;PO/001;PO_ONLY;BULANAN;MONTHLY_FIXED;;;15000000;1;PENDING;129|PO/001||
130;193/LGEIN/EESH/IX-21/2020;193/LGEIN/EESH/IX-21/2020;PO_ONLY;BULANAN;MONTHLY_FIXED;2021-03-01;2026-02-01;311900000;33;ACTIVE;130|193/LGEIN/EESH/IX-21/2020|01/03/2021|01/02/2026
130;"Addendum Forklift 2025 - 2027";;CONTRACT;BULANAN;MONTHLY_FIXED;2025-12-01;2027-10-31;470500000;53;ACTIVE;"130|Addendum Forklift 2025 - 2027|01/12/2025|31/10/2027"
130;74/LGEIN/SHEE/V-06/2025;74/LGEIN/SHEE/V-06/2025;PO_ONLY;BULANAN;MONTHLY_FIXED;;;8000000;1;PENDING;130|74/LGEIN/SHEE/V-06/2025|monthly|
130;festive;festive;PO_ONLY;BULANAN;MONTHLY_FIXED;;;6000000;1;PENDING;130|festive||
131;078/SML/IX/2025;;CONTRACT;BULANAN;MONTHLY_FIXED;2025-09-23;2026-09-22;225000000;23;ACTIVE;131|078/SML/IX/2025|23/09/2025|22/09/2026
131;24007013;24007013;PO_ONLY;BULANAN;MONTHLY_FIXED;2025-11-21;2025-12-31;7800000;1;ACTIVE;131|24007013|21/11/2025|31/12/2025
131;24007014;24007014;PO_ONLY;BULANAN;MONTHLY_FIXED;2025-11-21;2025-12-31;7800000;1;ACTIVE;131|24007014|21/11/2025|31/12/2025
133;"SPOT RENTAL";;DAILY_SPOT;BULANAN;MONTHLY_FIXED;;;0;1;PENDING;SPOT_133
134;SLGI0067/02-24/MA0036;;CONTRACT;BULANAN;MONTHLY_FIXED;2024-01-09;2027-02-08;52000000;4;ACTIVE;134|SLGI0067/02-24/MA0036|09/01/2024|08/02/2027
135;SLSI0006/01-24/MA0001R;;CONTRACT;BULANAN;MONTHLY_FIXED;2024-01-26;2025-01-25;44000000;2;ACTIVE;135|SLSI0006/01-24/MA0001R|26/01/2024|25/01/2025
135;SLSI0006/10-24/MA0075;;CONTRACT;BULANAN;MONTHLY_FIXED;2024-10-30;2025-10-29;33000000;2;ACTIVE;135|SLSI0006/10-24/MA0075|30/10/2024|29/10/2025
137;"PO PERBULAN";"PO PERBULAN";PO_ONLY;BULANAN;MONTHLY_FIXED;;;361400000;42;PENDING;"137|PO PERBULAN"
138;"Po Perbulan";"Po Perbulan";PO_ONLY;BULANAN;MONTHLY_FIXED;;;7000000;1;PENDING;"138|Po Perbulan"
139;PORD-25P1-00006495;PORD-25P1-00006495;PO_ONLY;BULANAN;MONTHLY_FIXED;2026-01-01;2026-02-28;0;1;ACTIVE;139|PORD-25P1-00006495|01/01/2026|28/02/2026
142;085/SML/X/2025;25300702;CONTRACT;BULANAN;MONTHLY_FIXED;2025-10-10;2026-03-09;7000000;1;ACTIVE;142|085/SML/X/2025|10/10/2025|09/03/2026
142;085/SML/X/2025;26300070;CONTRACT;BULANAN;MONTHLY_FIXED;2025-12-02;2026-03-01;7000000;1;ACTIVE;142|085/SML/X/2025|02/12/2025|01/03/2026
144;007/X/SML/2023;;CONTRACT;BULANAN;MONTHLY_FIXED;;;13500000;1;PENDING;144|007/X/SML/2023||
145;690/D-SML/III/2024;;CONTRACT;BULANAN;MONTHLY_FIXED;2024-03-01;2027-03-01;13600000;2;ACTIVE;145|690/D-SML/III/2024|01/03/2024|01/03/2027
147;PO-JKT-ALL-2025-06-00206;021/MRA/JKT-LOG-PRO/;CONTRACT;BULANAN;MONTHLY_FIXED;2026-01-01;;67500000;3;PENDING;147|PO-JKT-ALL-2025-06-00206|01/01/2026|
147;PO-JKT-ALL-2025-06-00072;;CONTRACT;BULANAN;MONTHLY_FIXED;2026-01-01;;30000000;1;PENDING;147|PO-JKT-ALL-2025-06-00072|01/01/2026|
149;"007/PUR/MG/IV/2025 (Hanya lampirkan PO SAJA)";4720035009;CONTRACT;BULANAN;MONTHLY_FIXED;2025-01-01;2027-12-31;55000000;4;ACTIVE;"149|007/PUR/MG/IV/2025 (Hanya lampirkan PO SAJA)|01/01/2025|31/12/2027"
150;026/MAPIN/ADD.4/GA/2025;;CONTRACT;BULANAN;MONTHLY_FIXED;2025-06-01;2026-05-31;11000000;1;ACTIVE;150|026/MAPIN/ADD.4/GA/2025|01/06/2025|31/05/2026
150;026/MAPIN/ADD.4/GA/2025;;CONTRACT;BULANAN;MONTHLY_FIXED;2023-06-06;2026-06-05;26000000;2;ACTIVE;150|026/MAPIN/ADD.4/GA/2025|06/06/2023|05/06/2026
150;026/MAPIN/ADD.4/GA/2025;;CONTRACT;BULANAN;MONTHLY_FIXED;2025-07-12;2026-07-11;69900000;6;ACTIVE;150|026/MAPIN/ADD.4/GA/2025|12/07/2025|11/07/2026
150;026/MAPIN/ADD.4/GA/2025;;CONTRACT;BULANAN;MONTHLY_FIXED;2023-12-01;2028-11-30;85500000;7;ACTIVE;150|026/MAPIN/ADD.4/GA/2025|01/12/2023|30/11/2028
150;026/MAPIN/ADD.4/GA/2025;;CONTRACT;BULANAN;MONTHLY_FIXED;2024-06-01;2027-05-31;13000000;1;ACTIVE;150|026/MAPIN/ADD.4/GA/2025|01/06/2024|31/05/2027
150;026/MAPIN/ADD.4/GA/2025;;CONTRACT;BULANAN;MONTHLY_FIXED;2025-06-01;2028-05-31;14500000;1;ACTIVE;150|026/MAPIN/ADD.4/GA/2025|01/06/2025|31/05/2028
151;006/SML-NGK/II/2025;;CONTRACT;BULANAN;MONTHLY_FIXED;2025-03-01;2026-02-28;26400000;3;ACTIVE;151|006/SML-NGK/II/2025|01/03/2025|28/02/2026
151;006/SML-NGK/II/2025;;CONTRACT;BULANAN;MONTHLY_FIXED;2025-04-01;2026-03-31;8800000;1;ACTIVE;151|006/SML-NGK/II/2025|01/04/2025|31/03/2026
151;"SPOT RENTAL";;DAILY_SPOT;BULANAN;MONTHLY_FIXED;;;0;1;PENDING;SPOT_151
152;044/D-SML/VII/2025;;CONTRACT;BULANAN;MONTHLY_FIXED;2023-08-01;2026-07-31;57000000;4;ACTIVE;152|044/D-SML/VII/2025|01/08/2023|31/07/2026
152;"123/D-SML/I/2026 ADDENDUM V";;CONTRACT;BULANAN;MONTHLY_FIXED;2026-01-01;2026-12-31;34000000;2;ACTIVE;"152|123/D-SML/I/2026 ADDENDUM V|01/01/2026|31/12/2026"
152;639/D-SML/VII/2023;;CONTRACT;BULANAN;MONTHLY_FIXED;2023-07-03;2026-08-31;24000000;2;ACTIVE;152|639/D-SML/VII/2023|03/07/2023|31/08/2026
153;PO/BULAN;PO/BULAN;PO_ONLY;BULANAN;MONTHLY_FIXED;;;39000000;4;PENDING;153|PO/BULAN
154;PO/BULAN;PO/BULAN;PO_ONLY;BULANAN;MONTHLY_FIXED;;;140000000;4;PENDING;154|PO/BULAN
155;SPXID-PO-122390-1;SPXID-PO-122390-1;PO_ONLY;BULANAN;MONTHLY_FIXED;2025-03-01;2026-02-28;17550000;3;ACTIVE;155|SPXID-PO-122390-1|01/03/2025|28/02/2026
156;037/SML/VI/2025;;CONTRACT;BULANAN;MONTHLY_FIXED;2025-06-23;2029-06-22;2000000;1;ACTIVE;156|037/SML/VI/2025|23/06/2025|22/06/2029
156;184-OTR-UC0525;;CONTRACT;BULANAN;MONTHLY_FIXED;2025-05-05;2027-05-05;17000000;2;ACTIVE;156|184-OTR-UC0525|05/05/2025|05/05/2027
158;"SPOT RENTAL";;DAILY_SPOT;BULANAN;MONTHLY_FIXED;;;110200000;6;PENDING;SPOT_158
159;018/SML-R/III/2025;;CONTRACT;BULANAN;MONTHLY_FIXED;2025-03-02;2026-03-01;8000000;1;ACTIVE;159|018/SML-R/III/2025|02/03/2025|01/03/2026
160;3FRK/OKI2/HESC-SML/III/2023/ADD-III;OKP-52006515;CONTRACT;BULANAN;MONTHLY_FIXED;2024-07-15;2024-10-14;65000000;2;ACTIVE;160|3FRK/OKI2/HESC-SML/III/2023/ADD-III|15/07/2024|14/10/2024
160;4630000581/19716/OKI-SML/XI/2024;OKP-52006519;CONTRACT;BULANAN;MONTHLY_FIXED;2024-12-01;2026-11-30;107250000;3;ACTIVE;160|4630000581/19716/OKI-SML/XI/2024|01/12/2024|30/11/2026
160;461008566/16545/MMD-SML/V2023/ADD-III;OKP-52007030;CONTRACT;BULANAN;MONTHLY_FIXED;2025-02-01;2025-07-31;70000000;2;ACTIVE;160|461008566/16545/MMD-SML/V2023/ADD-III|01/02/2025|31/07/2025
160;133/ADD-VII/PDM-SML/III/2024;OKP-52007520;CONTRACT;BULANAN;MONTHLY_FIXED;2024-04-01;;27000000;1;PENDING;160|133/ADD-VII/PDM-SML/III/2024|01/04/2024|29/02/2026
160;4610018650/17637,17638/OKI2-SML/V/2023/ADD-II;OKP-52007640;CONTRACT;BULANAN;MONTHLY_FIXED;2024-11-29;2025-05-28;295350000;3;ACTIVE;160|4610018650/17637,17638/OKI2-SML/V/2023/ADD-II|29/11/2024|28/05/2025
160;061/ADD-IV/SEPORT-SML/IV/2023/ADD-5;OKP-52007671;CONTRACT;BULANAN;MONTHLY_FIXED;2025-02-01;2027-01-31;187500000;3;ACTIVE;160|061/ADD-IV/SEPORT-SML/IV/2023/ADD-5|01/02/2025|31/01/2027
160;"065/LGD-SML/OUTPUT/III/2024 ADD-I";OKP-52008251;CONTRACT;BULANAN;MONTHLY_FIXED;2025-04-01;2026-02-28;181500000;2;ACTIVE;"160|065/LGD-SML/OUTPUT/III/2024 ADD-I|01/04/2025|28/02/2026"
160;OKP-52008264;OKP-52008264;PO_ONLY;BULANAN;MONTHLY_FIXED;;;0;4;PENDING;160|OKP-52008264||
160;"016/RCD-SML/PUD-OKI/IX/2022 Add-1";OKP-52008412;CONTRACT;BULANAN;MONTHLY_FIXED;2025-09-01;2026-08-31;19200000;1;ACTIVE;"160|016/RCD-SML/PUD-OKI/IX/2022 Add-1|01/09/2025|31/08/2026"
160;4630000955/23540/OKI-SML/VI/2025;OKP-52008547;CONTRACT;BULANAN;MONTHLY_FIXED;;;40500000;1;PENDING;160|4630000955/23540/OKI-SML/VI/2025||
160;"4610018422/15530/TBU-SML/III/2023 ADD-III";OKT-52006262;CONTRACT;BULANAN;MONTHLY_FIXED;2024-09-01;2025-08-31;44400000;1;ACTIVE;"160|4610018422/15530/TBU-SML/III/2023 ADD-III|01/09/2024|31/08/2025"
160;4630000537/21146/OKI-SML/IX/2024;OKT-52006331;CONTRACT;BULANAN;MONTHLY_FIXED;2024-12-01;2025-11-30;53500000;1;ACTIVE;160|4630000537/21146/OKI-SML/IX/2024|01/12/2024|30/11/2025
160;4630000537/21633/OKI-SML/IX/2024;OKT-52006640;CONTRACT;BULANAN;MONTHLY_FIXED;2025-01-01;2025-11-30;75000000;1;ACTIVE;160|4630000537/21633/OKI-SML/IX/2024|01/01/2025|30/11/2025
160;4630000537/20874-22741/OKI-SML/IX/24;OKT-52007708;CONTRACT;BULANAN;MONTHLY_FIXED;2025-05-01;2026-04-30;614500000;9;ACTIVE;160|4630000537/20874-22741/OKI-SML/IX/24|01/05/2025|30/04/2026
160;130/ADD-VIII/TBU-SML/III/2024;OKT-52007734;CONTRACT;BULANAN;MONTHLY_FIXED;2025-01-16;;98500000;3;PENDING;160|130/ADD-VIII/TBU-SML/III/2024|16/01/2025|29/02/2026
160;4630000537/20874-22741/OKI-SML/IX/24;OKT-52007773;CONTRACT;BULANAN;MONTHLY_FIXED;2025-04-01;2026-03-31;389000000;8;ACTIVE;160|4630000537/20874-22741/OKI-SML/IX/24|01/04/2025|31/03/2026
160;134/ADD-X/TBU-SML/XII/2023;OKT-52007957;CONTRACT;BULANAN;MONTHLY_FIXED;2025-04-01;2025-08-31;81900000;2;ACTIVE;160|134/ADD-X/TBU-SML/XII/2023|01/04/2025|31/08/2025
160;"4610000016/16675/MMD-SML/III/2024 ADD-3";OKT-52008100;CONTRACT;BULANAN;MONTHLY_FIXED;2025-04-01;2025-07-31;55500000;1;ACTIVE;"160|4610000016/16675/MMD-SML/III/2024 ADD-3|01/04/2025|31/07/2025"
160;4630000867-20371/OKI-SML/V/2025;OKT-52008263;CONTRACT;BULANAN;MONTHLY_FIXED;2025-05-01;2025-07-31;128800000;2;ACTIVE;160|4630000867-20371/OKI-SML/V/2025|01/05/2025|31/07/2025
160;4630000867-20371/OKI-SML/V/2025;OKT-52008264;CONTRACT;BULANAN;MONTHLY_FIXED;2025-08-01;2026-04-30;241000000;4;ACTIVE;160|4630000867-20371/OKI-SML/V/2025|01/08/2025|30/04/2026
160;4630000537/20948/OKI-SML/IX/2024;OKT-52009202;CONTRACT;BULANAN;MONTHLY_FIXED;2025-12-01;2026-11-30;51500000;1;ACTIVE;160|4630000537/20948/OKI-SML/IX/2024|01/12/2025|30/11/2026
160;4630000952/23422/oki-sml/VIII/2025;;CONTRACT;BULANAN;MONTHLY_FIXED;2025-07-01;2026-06-30;49500000;1;ACTIVE;160|4630000952/23422/oki-sml/VIII/2025|01/07/2025|30/06/2026
161;4531003791;4531003791;PO_ONLY;BULANAN;MONTHLY_FIXED;2025-01-01;2025-12-31;6500000;1;ACTIVE;161|4531003791|01/01/2025|31/12/2025
161;4531003653;4531003653;PO_ONLY;BULANAN;MONTHLY_FIXED;2025-01-01;2025-12-31;6500000;1;ACTIVE;161|4531003653|01/01/2025|31/12/2025
161;4531003793;4531003793;PO_ONLY;BULANAN;MONTHLY_FIXED;2025-01-01;2025-12-31;6500000;1;ACTIVE;161|4531003793|01/01/2025|31/12/2025
161;4531003783;4531003783;PO_ONLY;BULANAN;MONTHLY_FIXED;2024-01-01;2024-12-31;6500000;1;ACTIVE;161|4531003783|01/01/2024|31/12/2024
161;4531003792;4531003792;PO_ONLY;BULANAN;MONTHLY_FIXED;2025-01-01;2025-12-31;6500000;1;ACTIVE;161|4531003792|01/01/2025|31/12/2025
161;4531003648;4531003648;PO_ONLY;BULANAN;MONTHLY_FIXED;2025-01-01;2025-12-31;6500000;1;ACTIVE;161|4531003648|01/01/2025|31/12/2025
161;4531003649;4531003649;PO_ONLY;BULANAN;MONTHLY_FIXED;2025-01-01;2025-12-31;6500000;1;ACTIVE;161|4531003649|01/01/2025|31/12/2025
161;4531003650;4531003650;PO_ONLY;BULANAN;MONTHLY_FIXED;2025-01-01;2025-12-31;6500000;1;ACTIVE;161|4531003650|01/01/2025|31/12/2025
161;4531003651;4531003651;PO_ONLY;BULANAN;MONTHLY_FIXED;2025-01-01;2025-12-31;6500000;1;ACTIVE;161|4531003651|01/01/2025|31/12/2025
161;4531003652;4531003652;PO_ONLY;BULANAN;MONTHLY_FIXED;2025-01-01;2025-12-31;6500000;1;ACTIVE;161|4531003652|01/01/2025|31/12/2025
161;4531003654;4531003654;PO_ONLY;BULANAN;MONTHLY_FIXED;2025-01-01;2025-12-31;6500000;1;ACTIVE;161|4531003654|01/01/2025|31/12/2025
161;4531003668;4531003668;PO_ONLY;BULANAN;MONTHLY_FIXED;2025-01-01;2025-12-31;6500000;1;ACTIVE;161|4531003668|01/01/2025|31/12/2025
161;4531003780;4531003780;PO_ONLY;BULANAN;MONTHLY_FIXED;2025-01-01;2025-12-31;6500000;1;ACTIVE;161|4531003780|01/01/2025|31/12/2025
161;4531003784;4531003784;PO_ONLY;BULANAN;MONTHLY_FIXED;2025-01-01;2025-12-31;6500000;1;ACTIVE;161|4531003784|01/01/2025|31/12/2025
165;4504774693-GL1;4504774693-GL1;PO_ONLY;BULANAN;MONTHLY_FIXED;;;44400000;3;PENDING;165|4504774693-GL1||
165;4504774696-GL1;4504774696-GL1;PO_ONLY;BULANAN;MONTHLY_FIXED;;;32600000;3;PENDING;165|4504774696-GL1||
165;"PO PER 1 thn aja";4504774699-GL1;CONTRACT;BULANAN;MONTHLY_FIXED;2025-06-01;2026-05-31;24800000;2;ACTIVE;"165|PO PER 1 thn aja|01/06/2025|31/05/2026"
165;4504774699-GL1;4504774699-GL1;PO_ONLY;BULANAN;MONTHLY_FIXED;;;37200000;3;PENDING;165|4504774699-GL1||
166;PO/PAP/23/0107;PO/PAP/23/0107;PO_ONLY;BULANAN;MONTHLY_FIXED;2023-06-01;2026-05-31;9800000;1;ACTIVE;166|PO/PAP/23/0107|01/06/2023|31/05/2026
167;4600069789;4600069789;PO_ONLY;BULANAN;MONTHLY_FIXED;2024-07-01;2026-05-31;7500000;1;ACTIVE;167|4600069789|01/07/2024|31/05/2026
167;4600069790;4600069790;PO_ONLY;BULANAN;MONTHLY_FIXED;2024-07-01;2026-05-31;7500000;1;ACTIVE;167|4600069790|01/07/2024|31/05/2026
167;4600069792;4600069792;PO_ONLY;BULANAN;MONTHLY_FIXED;2024-07-01;2026-05-31;7500000;1;ACTIVE;167|4600069792|01/07/2024|31/05/2026
167;4600069797;4600069797;PO_ONLY;BULANAN;MONTHLY_FIXED;2024-07-01;2026-05-31;7500000;1;ACTIVE;167|4600069797|01/07/2024|31/05/2026
167;732-SML-VII-2024;4600069828;CONTRACT;BULANAN;MONTHLY_FIXED;2024-07-01;2027-06-30;15000000;2;ACTIVE;167|732-SML-VII-2024|01/07/2024|30/06/2027
167;723-SML-VII-2024;4600070174;CONTRACT;BULANAN;MONTHLY_FIXED;2024-07-01;2027-06-30;23500000;3;ACTIVE;167|723-SML-VII-2024|01/07/2024|30/06/2027
167;732-SML-VII-2024;4600070294;CONTRACT;BULANAN;MONTHLY_FIXED;2024-08-01;2027-07-31;7000000;1;ACTIVE;167|732-SML-VII-2024|01/08/2024|31/07/2027
167;4600071612;4600071612;PO_ONLY;BULANAN;MONTHLY_FIXED;2024-09-20;2025-09-19;10300000;1;ACTIVE;167|4600071612|20/09/2024|19/09/2025
167;4600074960;4600074960;PO_ONLY;BULANAN;MONTHLY_FIXED;2025-05-01;2028-04-30;7500000;1;ACTIVE;167|4600074960|01/05/2025|30/04/2028
167;4600074961;4600074961;PO_ONLY;BULANAN;MONTHLY_FIXED;2025-05-01;2028-04-30;7500000;1;ACTIVE;167|4600074961|01/05/2025|30/04/2028
167;4600075415;4600075415;PO_ONLY;BULANAN;MONTHLY_FIXED;2025-05-21;2028-05-31;7500000;1;ACTIVE;167|4600075415|21/05/2025|31/05/2028
167;4600078198;4600078198;PO_ONLY;BULANAN;MONTHLY_FIXED;2025-10-01;2025-12-31;7000000;1;ACTIVE;167|4600078198|01/10/2025|31/12/2025
167;4600078212;4600078212;PO_ONLY;BULANAN;MONTHLY_FIXED;2025-11-01;2025-12-31;7000000;1;ACTIVE;167|4600078212|01/11/2025|31/12/2025
167;4600078213;4600078213;PO_ONLY;BULANAN;MONTHLY_FIXED;2025-09-07;2026-01-06;7000000;1;ACTIVE;167|4600078213|07/09/2025|06/01/2026
167;4600079099;4600079099;PO_ONLY;BULANAN;MONTHLY_FIXED;2025-11-01;2028-10-31;7500000;1;ACTIVE;167|4600079099|01/11/2025|31/10/2028
167;4600079101;4600079101;PO_ONLY;BULANAN;MONTHLY_FIXED;2025-11-01;2028-10-31;7500000;1;ACTIVE;167|4600079101|01/11/2025|31/10/2028
168;4700450479;4700450479;PO_ONLY;BULANAN;MONTHLY_FIXED;2026-02-08;2027-02-07;10200000;1;ACTIVE;168|4700450479|08/02/2026|07/02/2027
169;4800001899;4800001899;PO_ONLY;BULANAN;MONTHLY_FIXED;2026-01-01;2026-12-31;52000000;1;ACTIVE;169|4800001899|01/01/2026|31/12/2026
170;PII/2025/I/AGMT/HRGA/07;;CONTRACT;BULANAN;MONTHLY_FIXED;2026-01-01;2026-12-31;19400000;2;ACTIVE;170|PII/2025/I/AGMT/HRGA/07|01/01/2026|31/12/2026
171;156/PO/PINDO-SML/PSM/IV/2023;TPP-71111278;CONTRACT;BULANAN;MONTHLY_FIXED;2024-04-01;2026-03-31;800880000;15;ACTIVE;171|156/PO/PINDO-SML/PSM/IV/2023|01/04/2024|31/03/2026
171;320/SPD/PINDO-SML/PSM/I/2025;TPP-71113190;CONTRACT;BULANAN;MONTHLY_FIXED;2025-01-18;2026-12-17;52500000;1;ACTIVE;171|320/SPD/PINDO-SML/PSM/I/2025|18/01/2025|17/12/2026
171;"300/SPD/PINDO-SML/PSM/VIII/24 ADD-1";TPP-71113563;CONTRACT;BULANAN;MONTHLY_FIXED;2025-08-01;2026-07-31;58000000;1;ACTIVE;"171|300/SPD/PINDO-SML/PSM/VIII/24 ADD-1|01/08/2025|31/07/2026"
171;344-SPD-PINDO-SML-PSM-VIII-2025;TPP-71113585;CONTRACT;BULANAN;MONTHLY_FIXED;2025-10-01;2027-01-31;145000000;2;ACTIVE;171|344-SPD-PINDO-SML-PSM-VIII-2025|01/10/2025|31/01/2027
171;351/SPD/PINDO-SML/X/2025;TPP-71113851;CONTRACT;BULANAN;MONTHLY_FIXED;2025-10-01;2026-03-31;877500000;13;ACTIVE;171|351/SPD/PINDO-SML/X/2025|01/10/2025|31/03/2026
171;"096/PO/PINDO-SML/PSM/XI/2022 ADD*1";TPP-71113857;CONTRACT;BULANAN;MONTHLY_FIXED;2025-11-01;2026-03-31;58500000;1;ACTIVE;"171|096/PO/PINDO-SML/PSM/XI/2022 ADD*1|01/11/2025|31/03/2026"
171;345/SPD/PINDO-SML/VIII/2025;TPP-71113957;CONTRACT;BULANAN;MONTHLY_FIXED;2025-11-01;2026-06-30;192000000;3;ACTIVE;171|345/SPD/PINDO-SML/VIII/2025|01/11/2025|30/06/2026
171;"SPOT RENTAL";;DAILY_SPOT;BULANAN;MONTHLY_FIXED;;;0;1;PENDING;SPOT_171
173;1012313;1012313;PO_ONLY;BULANAN;MONTHLY_FIXED;2025-03-14;2028-03-13;25000000;1;ACTIVE;173|1012313|14/03/2025|13/03/2028
173;1014203;1014203;PO_ONLY;BULANAN;MONTHLY_FIXED;2026-01-01;;7500000;1;PENDING;173|1014203|01/01/2026|31/06/26
173;1013210/079/SML/X/2025;;CONTRACT;BULANAN;MONTHLY_FIXED;2025-10-07;2028-10-06;22000000;1;ACTIVE;173|1013210/079/SML/X/2025|07/10/2025|06/10/2028
174;"SPOT RENTAL";;DAILY_SPOT;BULANAN;MONTHLY_FIXED;;;182000000;11;PENDING;SPOT_174
175;715/SML/V/2024;4400868812;CONTRACT;BULANAN;MONTHLY_FIXED;2024-05-01;2029-04-30;57000000;1;ACTIVE;175|715/SML/V/2024|01/05/2024|30/04/2029
175;4400878745;4400878745;PO_ONLY;BULANAN;MONTHLY_FIXED;2026-11-13;2025-12-12;28000000;1;ACTIVE;175|4400878745|13/11/2026|12/12/2025
175;714/SML/V/2024;"4400868810 & 4400868811";CONTRACT;BULANAN;MONTHLY_FIXED;2023-04-01;2026-04-01;76500000;5;ACTIVE;175|714/SML/V/2024|01/04/2023|01/04/2026
175;"SPOT RENTAL";;DAILY_SPOT;BULANAN;MONTHLY_FIXED;;;0;1;PENDING;SPOT_175
176;"131/ADD-III/PSP-SML/X/2023 ADD-5";71113212;CONTRACT;BULANAN;MONTHLY_FIXED;2025-05-01;2025-12-31;108000000;2;ACTIVE;"176|131/ADD-III/PSP-SML/X/2023 ADD-5|01/05/2025|31/12/2025"
177;"kontrak smpe apr 2028";71113230;CONTRACT;BULANAN;MONTHLY_FIXED;2025-05-01;2027-04-30;31600000;2;ACTIVE;"177|kontrak smpe apr 2028|01/05/2025|30/04/2027"
177;71113301;71113301;PO_ONLY;BULANAN;MONTHLY_FIXED;2025-01-01;2025-12-31;48500000;1;ACTIVE;177|71113301|01/01/2025|31/12/2025
177;71113302;71113302;PO_ONLY;BULANAN;MONTHLY_FIXED;2025-01-01;2025-12-31;28500000;1;ACTIVE;177|71113302|01/01/2025|31/12/2025
177;71113303;71113303;PO_ONLY;BULANAN;MONTHLY_FIXED;2025-01-01;2025-12-31;48500000;1;ACTIVE;177|71113303|01/01/2025|31/12/2025
177;71112753;71112753;PO_ONLY;BULANAN;MONTHLY_FIXED;2024-11-01;2027-10-31;39900000;1;ACTIVE;177|71112753|01/11/2024|31/10/2027
177;71112754;71112754;PO_ONLY;BULANAN;MONTHLY_FIXED;2024-10-27;2027-10-26;60000000;1;ACTIVE;177|71112754|27/10/2024|26/10/2027
177;71113594;71113594;PO_ONLY;BULANAN;MONTHLY_FIXED;2025-06-01;2028-05-31;38900000;1;ACTIVE;177|71113594|01/06/2025|31/05/2028
177;71112786;71112786;PO_ONLY;BULANAN;MONTHLY_FIXED;;;116700000;3;PENDING;177|71112786||
177;"blm bisa tagih dari november, masalah perubahan harga";71113194;CONTRACT;BULANAN;MONTHLY_FIXED;2025-05-01;2028-04-30;13000000;1;ACTIVE;"177|blm bisa tagih dari november, masalah perubahan harga|01/05/2025|30/04/2028"
177;"kontrak smpe apr 2028";71113194;CONTRACT;BULANAN;MONTHLY_FIXED;2025-05-01;2028-04-30;7500000;1;ACTIVE;"177|kontrak smpe apr 2028|01/05/2025|30/04/2028"
177;71113941;71113941;PO_ONLY;BULANAN;MONTHLY_FIXED;2025-12-01;2028-11-30;36500000;1;ACTIVE;177|71113941|01/12/2025|30/11/2028
177;71113942;71113942;PO_ONLY;BULANAN;MONTHLY_FIXED;2025-12-01;2028-11-30;57500000;1;ACTIVE;177|71113942|01/12/2025|30/11/2028
177;71114021;71114021;PO_ONLY;BULANAN;MONTHLY_FIXED;2025-12-01;2026-02-28;36500000;1;ACTIVE;177|71114021|01/12/2025|28/02/2026
178;"Po Perbulan";"Po Perbulan";PO_ONLY;BULANAN;MONTHLY_FIXED;;;15000000;1;PENDING;"178|Po Perbulan"
179;78863;78863;PO_ONLY;BULANAN;MONTHLY_FIXED;2025-10-22;2026-01-21;17550000;3;ACTIVE;179|78863|22/10/2025|21/01/2026
179;po/bulan;po/bulan;PO_ONLY;BULANAN;MONTHLY_FIXED;;;173250000;15;PENDING;179|po/bulan
180;742/SML/VIII/2024;;CONTRACT;BULANAN;MONTHLY_FIXED;2024-08-26;2026-08-25;10600000;1;ACTIVE;180|742/SML/VIII/2024|26/08/2024|25/08/2026
181;841-RAN-PT.SML-BIP-III-2025;841-RAN-PT.SML-BIP-III-2025;PO_ONLY;BULANAN;MONTHLY_FIXED;2025-03-13;2026-03-12;10000000;1;ACTIVE;181|841-RAN-PT.SML-BIP-III-2025|13/03/2025|12/03/2026
182;"SPOT RENTAL";;DAILY_SPOT;BULANAN;MONTHLY_FIXED;;;0;35;PENDING;SPOT_182
183;"Po Perbulan";"Po Perbulan";PO_ONLY;BULANAN;MONTHLY_FIXED;;;17000000;2;PENDING;"183|Po Perbulan"
185;5000000827;5000000827;PO_ONLY;BULANAN;MONTHLY_FIXED;2026-01-01;2026-12-31;16500000;1;ACTIVE;185|5000000827|01/01/2026|31/12/2026
186;038/SML/VI/2025;;CONTRACT;BULANAN;MONTHLY_FIXED;2025-04-24;2028-04-23;10000000;1;ACTIVE;186|038/SML/VI/2025|24/04/2025|23/04/2028
187;"ada kontrak";;CONTRACT;BULANAN;MONTHLY_FIXED;2026-01-01;;5500000;1;PENDING;"187|ada kontrak|01/01/2026|31/212/27"
187;"SPOT RENTAL";;DAILY_SPOT;BULANAN;MONTHLY_FIXED;2026-01-01;;44500000;3;PENDING;SPOT_187
188;PO2025040111;PO2025040111;PO_ONLY;BULANAN;MONTHLY_FIXED;2025-03-22;2026-03-21;48000000;3;ACTIVE;188|PO2025040111|22/03/2025|21/03/2026
188;PO2025090054;PO2025090054;PO_ONLY;BULANAN;MONTHLY_FIXED;2025-11-01;2027-07-31;90000000;5;ACTIVE;188|PO2025090054|01/11/2025|31/07/2027
188;PO2025100047;PO2025100047;PO_ONLY;BULANAN;MONTHLY_FIXED;2025-11-01;2027-07-31;45200000;7;ACTIVE;188|PO2025100047|01/11/2025|31/07/2027
188;PO2025100102;PO2025100102;PO_ONLY;BULANAN;MONTHLY_FIXED;2025-11-01;2027-07-31;10500000;1;ACTIVE;188|PO2025100102|01/11/2025|31/07/2027
188;PO2025110245;PO2025110245;PO_ONLY;BULANAN;MONTHLY_FIXED;2025-11-10;2026-01-10;20000000;1;ACTIVE;188|PO2025110245|10/11/2025|10/01/2026
188;PO2026010064;PO2026010064;PO_ONLY;BULANAN;MONTHLY_FIXED;2026-01-11;2026-02-10;20000000;1;ACTIVE;188|PO2026010064|11/01/2026|10/02/2026
189;644/SML/VIII/2023;;CONTRACT;BULANAN;MONTHLY_FIXED;2023-08-23;2026-08-22;44800000;4;ACTIVE;189|644/SML/VIII/2023|23/08/2023|22/08/2026
189;RFQ/25/02/3152;;CONTRACT;BULANAN;MONTHLY_FIXED;2025-09-05;2028-08-07;30000000;2;ACTIVE;189|RFQ/25/02/3152|05/09/2025|07/08/2028
190;"po per bulan";"po per bulan";PO_ONLY;BULANAN;MONTHLY_FIXED;;;19800000;2;PENDING;"190|po per bulan"
191;4121132952;4121132952;PO_ONLY;BULANAN;MONTHLY_FIXED;2024-07-18;2026-01-17;12500000;1;ACTIVE;191|4121132952|18/07/2024|17/01/2026
191;4121133703;4121133703;PO_ONLY;BULANAN;MONTHLY_FIXED;2025-07-16;2026-01-15;12500000;1;ACTIVE;191|4121133703|16/07/2025|15/01/2026
191;4121146426;4121146426;PO_ONLY;BULANAN;MONTHLY_FIXED;2025-04-28;2025-12-27;12500000;1;ACTIVE;191|4121146426|28/04/2025|27/12/2025
192;102/SML/XII/2025;;CONTRACT;BULANAN;MONTHLY_FIXED;2025-12-16;2027-12-15;9000000;1;ACTIVE;192|102/SML/XII/2025|16/12/2025|15/12/2027
194;4031027828;4031027828;PO_ONLY;BULANAN;MONTHLY_FIXED;2025-12-01;2026-03-31;14250000;1;ACTIVE;194|4031027828|01/12/2025|31/03/2026
194;4032006550;4032006550;PO_ONLY;BULANAN;MONTHLY_FIXED;2025-08-06;2026-07-05;14000000;1;ACTIVE;194|4032006550|06/08/2025|05/07/2026
194;4032006550;4032006550;PO_ONLY;BULANAN;MONTHLY_FIXED;2025-08-07;2026-07-06;14000000;1;ACTIVE;194|4032006550|07/08/2025|06/07/2026
194;4032006550;4032006550;PO_ONLY;BULANAN;MONTHLY_FIXED;2025-08-20;2026-07-19;14000000;1;ACTIVE;194|4032006550|20/08/2025|19/07/2026
194;4033004598;4033004598;PO_ONLY;BULANAN;MONTHLY_FIXED;2025-03-01;2026-03-01;14000000;1;ACTIVE;194|4033004598|01/03/2025|01/03/2026
195;059/SENFU-SML/ADD/V/VII;;CONTRACT;BULANAN;MONTHLY_FIXED;2025-09-01;2026-03-01;75750000;6;ACTIVE;195|059/SENFU-SML/ADD/V/VII|01/09/2025|01/03/2026
197;PO00048274;PO00048274;PO_ONLY;BULANAN;MONTHLY_FIXED;2023-11-26;2026-11-25;17800000;1;ACTIVE;197|PO00048274|26/11/2023|25/11/2026
197;PO00060397;PO00060397;PO_ONLY;BULANAN;MONTHLY_FIXED;2023-07-15;2026-08-14;12900000;1;ACTIVE;197|PO00060397|15/07/2023|14/08/2026
197;PO00060397;PO00060397;PO_ONLY;BULANAN;MONTHLY_FIXED;2025-01-08;2026-08-07;12900000;1;ACTIVE;197|PO00060397|08/01/2025|07/08/2026
197;PO00060404;PO00060404;PO_ONLY;BULANAN;MONTHLY_FIXED;2025-03-04;2028-03-03;104200000;8;ACTIVE;197|PO00060404
197;"PO00068742- PO00065714";"PO00068742- PO00065714";PO_ONLY;BULANAN;MONTHLY_FIXED;2026-03-22;2029-03-21;21000000;1;ACTIVE;"197|PO00068742- PO00065714|22/03/2026|21/03/2029"
197;PO00046180;PO00046180;PO_ONLY;BULANAN;MONTHLY_FIXED;2023-02-27;2026-03-26;34000000;2;ACTIVE;197|PO00046180|27/02/2023|26/03/2026
197;"PO00068491 PO LANJUTAN PO00065715";"PO00068491 PO LANJUTAN PO00065715";PO_ONLY;BULANAN;MONTHLY_FIXED;2026-01-06;2026-04-05;19000000;1;ACTIVE;"197|PO00068491 PO LANJUTAN PO00065715|06/01/2026|05/04/2026"
197;PO00055394;PO00055394;PO_ONLY;BULANAN;MONTHLY_FIXED;2024-03-14;2027-04-13;23600000;2;ACTIVE;197|PO00055394|14/03/2024|13/04/2027
197;PO00065941;PO00065941;PO_ONLY;BULANAN;MONTHLY_FIXED;2025-12-27;2028-12-26;26500000;1;ACTIVE;197|PO00065941|27/12/2025|26/12/2028
199;041/PO/CL/SINO/XI/2025;041/PO/CL/SINO/XI/2025;PO_ONLY;BULANAN;MONTHLY_FIXED;2025-11-17;2026-02-16;6000000;1;ACTIVE;199|041/PO/CL/SINO/XI/2025|17/11/2025|16/02/2026
199;042/PO/CL/SINO/XI/2025;042/PO/CL/SINO/XI/2025;PO_ONLY;BULANAN;MONTHLY_FIXED;2025-11-26;2026-02-25;6000000;1;ACTIVE;199|042/PO/CL/SINO/XI/2025|26/11/2025|25/02/2026
199;043/PO/CL/SINO/XI/2025;043/PO/CL/SINO/XI/2025;PO_ONLY;BULANAN;MONTHLY_FIXED;2025-11-25;2026-02-24;12500000;1;ACTIVE;199|043/PO/CL/SINO/XI/2025|25/11/2025|24/02/2026
199;44/PO/CL/SINO/XII/2025;44/PO/CL/SINO/XII/2025;PO_ONLY;BULANAN;MONTHLY_FIXED;2025-12-06;2026-03-05;6000000;1;ACTIVE;199|44/PO/CL/SINO/XII/2025|06/12/2025|05/03/2026
199;45/PO/CL/SINO/XII/2025;45/PO/CL/SINO/XII/2025;PO_ONLY;BULANAN;MONTHLY_FIXED;2025-12-18;2026-06-17;12500000;1;ACTIVE;199|45/PO/CL/SINO/XII/2025|18/12/2025|17/06/2026
199;001/CL/VDR-AMD/SCI/06/25;;CONTRACT;BULANAN;MONTHLY_FIXED;;2026-06-13;19000000;2;PENDING;199|001/CL/VDR-AMD/SCI/06/25|14//25|13/06/2026
199;003/CL/VDR-AMD/SOI/12/25;;CONTRACT;BULANAN;MONTHLY_FIXED;2025-10-01;2026-09-30;49500000;5;ACTIVE;199|003/CL/VDR-AMD/SOI/12/25|01/10/2025|30/09/2026
199;004/CL/VDR/SCI/04/25;;CONTRACT;BULANAN;MONTHLY_FIXED;2025-04-08;2026-04-07;13500000;1;ACTIVE;199|004/CL/VDR/SCI/04/25|08/04/2025|07/04/2026
199;814/SML-R/XI/2024;;CONTRACT;BULANAN;MONTHLY_FIXED;2024-12-01;2025-11-30;12000000;1;ACTIVE;199|814/SML-R/XI/2024|01/12/2024|30/11/2025
199;CKR/PO/25/04/21/001;;CONTRACT;BULANAN;MONTHLY_FIXED;2025-07-23;;12000000;1;PENDING;199|CKR/PO/25/04/21/001|23/07/2025|
199;068/SML/VIII/2025;;CONTRACT;BULANAN;MONTHLY_FIXED;2025-07-23;2026-07-22;11000000;1;ACTIVE;199|068/SML/VIII/2025|23/07/2025|22/07/2026
200;063/SML/VIII/2025;;CONTRACT;BULANAN;MONTHLY_FIXED;2025-06-18;2026-06-17;5500000;1;ACTIVE;200|063/SML/VIII/2025|18/06/2025|17/06/2026
200;063/SML/VIII/2025;;CONTRACT;BULANAN;MONTHLY_FIXED;2025-07-01;2026-07-31;5500000;1;ACTIVE;200|063/SML/VIII/2025|01/07/2025|31/07/2026
200;063/SML/VIII/2025;;CONTRACT;BULANAN;MONTHLY_FIXED;2025-07-05;2026-07-04;5500000;1;ACTIVE;200|063/SML/VIII/2025|05/07/2025|04/07/2026
200;063/SML/VIII/2025;;CONTRACT;BULANAN;MONTHLY_FIXED;2025-06-13;2026-06-12;5500000;1;ACTIVE;200|063/SML/VIII/2025|13/06/2025|12/06/2026
201;2311/I/SML/26/P2;;CONTRACT;BULANAN;MONTHLY_FIXED;2026-01-01;2026-04-01;16500000;1;ACTIVE;201|2311/I/SML/26/P2|01/01/2026|01/04/2026
202;654/SML/X/2023;;CONTRACT;BULANAN;MONTHLY_FIXED;2023-10-04;2024-10-03;12500000;1;ACTIVE;202|654/SML/X/2023|04/10/2023|03/10/2024
202;692/SML-R/II/2024;;CONTRACT;BULANAN;MONTHLY_FIXED;2024-02-21;2025-02-20;14000000;1;ACTIVE;202|692/SML-R/II/2024|21/02/2024|20/02/2025
203;44929525;44929525;PO_ONLY;BULANAN;MONTHLY_FIXED;2024-10-01;2027-09-30;334000000;29;ACTIVE;203|44929525|01/10/2024|30/09/2027
203;44967667;44967667;PO_ONLY;BULANAN;MONTHLY_FIXED;2024-10-01;2027-09-30;119400000;13;ACTIVE;203|44967667|01/10/2024|30/09/2027
203;44967667;44967667;PO_ONLY;BULANAN;MONTHLY_FIXED;;;8000000;1;PENDING;203|44967667||
203;"SPOT RENTAL";;DAILY_SPOT;BULANAN;MONTHLY_FIXED;;;0;8;PENDING;SPOT_203
204;3800701821;3800701821;PO_ONLY;BULANAN;MONTHLY_FIXED;2025-02-01;2028-01-31;66750000;5;ACTIVE;204|3800701821|01/02/2025|31/01/2028
204;3800701913;3800701913;PO_ONLY;BULANAN;MONTHLY_FIXED;2025-02-01;2028-01-31;40850000;3;ACTIVE;204|3800701913|01/02/2025|31/01/2028
204;3800716136;3800716136;PO_ONLY;BULANAN;MONTHLY_FIXED;2025-05-01;2028-04-30;41850000;3;ACTIVE;204|3800716136|01/05/2025|30/04/2028
204;3800724317;3800724317;PO_ONLY;BULANAN;MONTHLY_FIXED;2025-06-01;2028-05-31;13950000;1;ACTIVE;204|3800724317|01/06/2025|31/05/2028
204;3800724340;3800724340;PO_ONLY;BULANAN;MONTHLY_FIXED;2025-08-01;2028-07-31;17600000;1;ACTIVE;204|3800724340|01/08/2025|31/07/2028
204;3800739180;3800739180;PO_ONLY;BULANAN;MONTHLY_FIXED;2025-08-01;2028-07-31;17600000;1;ACTIVE;204|3800739180|01/08/2025|31/07/2028
204;3800739766;3800739766;PO_ONLY;BULANAN;MONTHLY_FIXED;2025-08-01;2028-07-31;13900000;1;ACTIVE;204|3800739766|01/08/2025|31/07/2028
204;3800741862;3800741862;PO_ONLY;BULANAN;MONTHLY_FIXED;2025-08-01;2028-07-31;17600000;1;ACTIVE;204|3800741862|01/08/2025|31/07/2028
204;3800741863;3800741863;PO_ONLY;BULANAN;MONTHLY_FIXED;2025-08-01;2028-07-31;17600000;1;ACTIVE;204|3800741863|01/08/2025|31/07/2028
204;3800741864;3800741864;PO_ONLY;BULANAN;MONTHLY_FIXED;2025-08-01;2028-07-31;17600000;1;ACTIVE;204|3800741864|01/08/2025|31/07/2028
204;3800741865;3800741865;PO_ONLY;BULANAN;MONTHLY_FIXED;2025-08-01;2028-07-31;17600000;1;ACTIVE;204|3800741865|01/08/2025|31/07/2028
204;"3800594891 (SLI 3)";"3800594891 (SLI 3)";PO_ONLY;BULANAN;MONTHLY_FIXED;2023-08-01;2026-07-31;24000000;1;ACTIVE;"204|3800594891 (SLI 3)|01/08/2023|31/07/2026"
204;"SPOT RENTAL";;DAILY_SPOT;BULANAN;MONTHLY_FIXED;;;50400000;3;PENDING;SPOT_204
205;3800736347;3800736347;PO_ONLY;BULANAN;MONTHLY_FIXED;2025-02-01;2028-07-31;17500000;1;ACTIVE;205|3800736347|01/02/2025|31/07/2028
205;"SPOT RENTAL";;DAILY_SPOT;BULANAN;MONTHLY_FIXED;;;0;1;PENDING;SPOT_205
208;0244.300/SC/PUD/III/2023;;CONTRACT;BULANAN;MONTHLY_FIXED;2023-06-01;2026-05-01;157400000;15;ACTIVE;208|0244.300/SC/PUD/III/2023|01/06/2023|01/05/2026
208;"SPOT RENTAL";;DAILY_SPOT;BULANAN;MONTHLY_FIXED;;;0;1;PENDING;SPOT_208
209;"SPOT RENTAL";;DAILY_SPOT;BULANAN;MONTHLY_FIXED;2024-01-24;2026-01-23;12000000;1;ACTIVE;SPOT_209
210;0174/SNI/04/25;0174/SNI/04/25;PO_ONLY;BULANAN;MONTHLY_FIXED;2024-11-01;2027-10-31;8500000;1;ACTIVE;210|0174/SNI/04/25|01/11/2024|31/10/2027
210;0570/SNI/10/25;0570/SNI/10/25;PO_ONLY;BULANAN;MONTHLY_FIXED;2025-11-14;2028-11-13;7500000;1;ACTIVE;210|0570/SNI/10/25|14/11/2025|13/11/2028
210;0741/SNI/08/24;0741/SNI/08/24;PO_ONLY;BULANAN;MONTHLY_FIXED;2025-02-07;2028-02-06;29000000;1;ACTIVE;210|0741/SNI/08/24|07/02/2025|06/02/2028
210;0742/SNI/08/24;0742/SNI/08/24;PO_ONLY;BULANAN;MONTHLY_FIXED;2024-11-01;2027-10-31;17000000;2;ACTIVE;210|0742/SNI/08/24|01/11/2024|31/10/2027
212;PO-ID-0006687;PO-ID-0006687;PO_ONLY;BULANAN;MONTHLY_FIXED;2024-03-23;2025-12-22;11400000;1;ACTIVE;212|PO-ID-0006687|23/03/2024|22/12/2025
212;PO-ID-0006687;PO-ID-0006687;PO_ONLY;BULANAN;MONTHLY_FIXED;2025-04-01;2025-12-31;11400000;1;ACTIVE;212|PO-ID-0006687|01/04/2025|31/12/2025
214;PORD-25P1-00006495;PORD-25P1-00006495;PO_ONLY;BULANAN;MONTHLY_FIXED;2026-01-01;2026-02-28;24000000;2;ACTIVE;214|PORD-25P1-00006495|01/01/2026|28/02/2026
215;"001/K_DIR/R/I/2022 Add IV";;CONTRACT;BULANAN;MONTHLY_FIXED;2025-12-21;2026-12-20;10800000;1;ACTIVE;"215|001/K_DIR/R/I/2022 Add IV|21/12/2025|20/12/2026"
215;"010/K_DIR/I/2022 Add IV";;CONTRACT;BULANAN;MONTHLY_FIXED;2026-01-31;2027-01-30;32400000;3;ACTIVE;"215|010/K_DIR/I/2022 Add IV|31/01/2026|30/01/2027"
215;"013/K_DIR/R/V/2024- ADD1";;CONTRACT;BULANAN;MONTHLY_FIXED;2025-05-23;2026-05-22;98850000;8;ACTIVE;"215|013/K_DIR/R/V/2024- ADD1|23/05/2025|22/05/2026"
215;051/K_DIR/R/V/2025;;CONTRACT;BULANAN;MONTHLY_FIXED;2025-06-19;2026-06-18;52700000;5;ACTIVE;215|051/K_DIR/R/V/2025|19/06/2025|18/06/2026
215;051/K_DIR/R/V/2025;;CONTRACT;BULANAN;MONTHLY_FIXED;2025-01-24;2026-06-18;19550000;2;ACTIVE;215|051/K_DIR/R/V/2025|24/01/2025|18/06/2026
215;072/K_DIR/R/XII/2025;;CONTRACT;BULANAN;MONTHLY_FIXED;2025-12-02;2026-12-01;21550000;2;ACTIVE;215|072/K_DIR/R/XII/2025|02/12/2025|01/12/2026
215;072/K_DIR/R/XII/2025;;CONTRACT;BULANAN;MONTHLY_FIXED;2025-05-03;2026-12-01;10800000;1;ACTIVE;215|072/K_DIR/R/XII/2025|03/05/2025|01/12/2026
215;072/K_DIR/R/XII/2025;;CONTRACT;BULANAN;MONTHLY_FIXED;2025-12-04;2026-12-03;10050000;1;ACTIVE;215|072/K_DIR/R/XII/2025|04/12/2025|03/12/2026
215;"SFP-001/01/VII/19 Add-VIII";;CONTRACT;BULANAN;MONTHLY_FIXED;2025-07-01;2026-06-30;10900000;1;ACTIVE;"215|SFP-001/01/VII/19 Add-VIII|01/07/2025|30/06/2026"
215;"SFP-001/01/VII/19 Add-VIII";;CONTRACT;BULANAN;MONTHLY_FIXED;2025-09-01;2026-06-30;10900000;1;ACTIVE;"215|SFP-001/01/VII/19 Add-VIII|01/09/2025|30/06/2026"
215;"SFP-004/22/III/18 - Add VIII";;CONTRACT;BULANAN;MONTHLY_FIXED;2025-04-12;2026-04-11;7700000;1;ACTIVE;"215|SFP-004/22/III/18 - Add VIII|12/04/2025|11/04/2026"
215;"SFP-006/016/I/20 Add-VI";;CONTRACT;BULANAN;MONTHLY_FIXED;2025-01-31;2026-01-30;14800000;2;ACTIVE;"215|SFP-006/016/I/20 Add-VI|31/01/2025|30/01/2026"
215;"SPOT RENTAL";;DAILY_SPOT;BULANAN;MONTHLY_FIXED;;;0;1;PENDING;SPOT_215
215;"002/K_DIR/R/I/2022 - Add V";;CONTRACT;BULANAN;MONTHLY_FIXED;2026-01-07;2027-01-06;29300000;3;ACTIVE;"215|002/K_DIR/R/I/2022 - Add V|07/01/2026|06/01/2027"
215;"SFP-004/01/II/18 - Add VII";;CONTRACT;BULANAN;MONTHLY_FIXED;2025-02-05;2026-02-04;6800000;1;ACTIVE;"215|SFP-004/01/II/18 - Add VII|05/02/2025|04/02/2026"
216;4504968939;4504968939;PO_ONLY;BULANAN;MONTHLY_FIXED;2025-08-28;2030-08-29;8600000;1;ACTIVE;216|4504968939|28/08/2025|29/08/2030
216;4504995747;4504995747;PO_ONLY;BULANAN;MONTHLY_FIXED;2025-11-10;2030-11-11;7100000;1;ACTIVE;216|4504995747|10/11/2025|11/11/2030
216;4504999419;4504999419;PO_ONLY;BULANAN;MONTHLY_FIXED;2025-11-10;2030-11-11;14200000;2;ACTIVE;216|4504999419|10/11/2025|11/11/2030
216;4505478461;4505478461;PO_ONLY;BULANAN;MONTHLY_FIXED;2022-01-01;2027-01-01;7300000;1;ACTIVE;216|4505478461|01/01/2022|01/01/2027
216;4505664004;4505664004;PO_ONLY;BULANAN;MONTHLY_FIXED;2025-09-01;1930-09-01;21500000;1;ACTIVE;216|4505664004|01/09/2025|01/09/1930
216;4505945504;4505945504;PO_ONLY;BULANAN;MONTHLY_FIXED;2026-01-06;1931-01-05;22500000;1;ACTIVE;216|4505945504|06/01/2026|05/01/1931
216;4505945518;4505945518;PO_ONLY;BULANAN;MONTHLY_FIXED;2025-10-07;2030-10-08;21500000;1;ACTIVE;216|4505945518|07/10/2025|08/10/2030
216;4506056149;4506056149;PO_ONLY;BULANAN;MONTHLY_FIXED;2023-06-04;2026-06-03;10000000;1;ACTIVE;216|4506056149|04/06/2023|03/06/2026
216;4506056165;4506056165;PO_ONLY;BULANAN;MONTHLY_FIXED;2023-06-30;2026-06-29;10000000;1;ACTIVE;216|4506056165|30/06/2023|29/06/2026
216;4506056270;4506056270;PO_ONLY;BULANAN;MONTHLY_FIXED;2023-06-24;2028-06-23;10000000;1;ACTIVE;216|4506056270|24/06/2023|23/06/2028
216;4506056286;4506056286;PO_ONLY;BULANAN;MONTHLY_FIXED;2023-06-23;2028-05-22;10000000;1;ACTIVE;216|4506056286|23/06/2023|22/05/2028
216;4506056306;4506056306;PO_ONLY;BULANAN;MONTHLY_FIXED;2023-07-23;;10000000;1;PENDING;216|4506056306|23/07/2023|
216;4506322611;4506322611;PO_ONLY;BULANAN;MONTHLY_FIXED;2024-02-14;2029-02-13;10000000;1;ACTIVE;216|4506322611|14/02/2024|13/02/2029
216;4506322633;4506322633;PO_ONLY;BULANAN;MONTHLY_FIXED;2024-02-21;2029-02-20;10000000;1;ACTIVE;216|4506322633|21/02/2024|20/02/2029
216;4506052897;4506052897;PO_ONLY;BULANAN;MONTHLY_FIXED;2023-07-11;2026-07-10;20000000;2;ACTIVE;216|4506052897|11/07/2023|10/07/2026
216;4506052897;4506052897;PO_ONLY;BULANAN;MONTHLY_FIXED;2023-08-23;2026-08-22;10000000;1;ACTIVE;216|4506052897|23/08/2023|22/08/2026
216;4506151905;4506151905;PO_ONLY;BULANAN;MONTHLY_FIXED;2023-12-01;2028-12-31;22500000;1;ACTIVE;216|4506151905|01/12/2023|31/12/2028
216;4506974375;4506974375;PO_ONLY;BULANAN;MONTHLY_FIXED;2025-09-01;2030-09-01;17200000;2;ACTIVE;216|4506974375|01/09/2025|01/09/2030
216;4506049708;4506049708;PO_ONLY;BULANAN;MONTHLY_FIXED;2023-11-01;2026-10-31;10000000;1;ACTIVE;216|4506049708|01/11/2023|31/10/2026
216;4506049773;4506049773;PO_ONLY;BULANAN;MONTHLY_FIXED;2023-11-01;2026-10-31;10000000;1;ACTIVE;216|4506049773|01/11/2023|31/10/2026
216;4506072659;4506072659;PO_ONLY;BULANAN;MONTHLY_FIXED;2023-10-01;2026-09-30;10000000;1;ACTIVE;216|4506072659|01/10/2023|30/09/2026
216;4506310095;4506310095;PO_ONLY;BULANAN;MONTHLY_FIXED;2024-03-05;2027-03-04;10000000;1;ACTIVE;216|4506310095|05/03/2024|04/03/2027
216;4506310095;4506310095;PO_ONLY;BULANAN;MONTHLY_FIXED;2024-03-10;2027-03-09;10000000;1;ACTIVE;216|4506310095|10/03/2024|09/03/2027
216;4506534712;4506534712;PO_ONLY;BULANAN;MONTHLY_FIXED;2024-11-06;2027-11-05;22500000;1;ACTIVE;216|4506534712|06/11/2024|05/11/2027
218;POTOM0004;POTOM0004;PO_ONLY;BULANAN;MONTHLY_FIXED;2025-11-13;2026-02-12;16000000;1;ACTIVE;218|POTOM0004|13/11/2025|12/02/2026
218;POTOM0013;POTOM0013;PO_ONLY;BULANAN;MONTHLY_FIXED;2025-12-09;2026-12-08;23000000;2;ACTIVE;218|POTOM0013|09/12/2025|08/12/2026
219;"po per bulan";"po per bulan";PO_ONLY;BULANAN;MONTHLY_FIXED;;;32000000;4;PENDING;"219|po per bulan"
219;"SPOT RENTAL";;DAILY_SPOT;BULANAN;MONTHLY_FIXED;;;0;1;PENDING;SPOT_219
220;KBN-52056706;KBN-52056706;PO_ONLY;BULANAN;MONTHLY_FIXED;2025-02-01;2028-01-31;13975000;1;ACTIVE;220|KBN-52056706|01/02/2025|31/01/2028
220;KBN-52056709;KBN-52056709;PO_ONLY;BULANAN;MONTHLY_FIXED;2025-02-01;2028-01-31;24500000;1;ACTIVE;220|KBN-52056709|01/02/2025|31/01/2028
220;KBN-52056713;KBN-52056713;PO_ONLY;BULANAN;MONTHLY_FIXED;2025-02-01;2028-01-31;57000000;6;ACTIVE;220|KBN-52056713|01/02/2025|31/01/2028
220;KBN-52056717;KBN-52056717;PO_ONLY;BULANAN;MONTHLY_FIXED;2025-02-01;2028-01-31;32000000;4;ACTIVE;220|KBN-52056717|01/02/2025|31/01/2028
220;KBN-52056736;KBN-52056736;PO_ONLY;BULANAN;MONTHLY_FIXED;2025-02-01;2028-01-31;35000000;2;ACTIVE;220|KBN-52056736|01/02/2025|31/01/2028
220;KBN-52056741;KBN-52056741;PO_ONLY;BULANAN;MONTHLY_FIXED;2025-02-01;2028-01-31;38000000;4;ACTIVE;220|KBN-52056741|01/02/2025|31/01/2028
220;KBN-52056742;KBN-52056742;PO_ONLY;BULANAN;MONTHLY_FIXED;2025-02-01;2028-01-31;96000000;6;ACTIVE;220|KBN-52056742|01/02/2025|31/01/2028
220;KBN-52056749;KBN-52056749;PO_ONLY;BULANAN;MONTHLY_FIXED;2025-02-01;2028-01-31;39000000;3;ACTIVE;220|KBN-52056749|01/02/2025|31/01/2028
220;KBN-52056760;KBN-52056760;PO_ONLY;BULANAN;MONTHLY_FIXED;2025-02-01;2028-01-31;46000000;2;ACTIVE;220|KBN-52056760|01/02/2025|31/01/2028
220;KBN-52056762;KBN-52056762;PO_ONLY;BULANAN;MONTHLY_FIXED;2025-02-01;2028-01-31;13500000;1;ACTIVE;220|KBN-52056762|01/02/2025|31/01/2028
220;KBN-52056768;KBN-52056768;PO_ONLY;BULANAN;MONTHLY_FIXED;2025-02-01;2028-01-31;9500000;1;ACTIVE;220|KBN-52056768|01/02/2025|31/01/2028
220;KBN-52056777;KBN-52056777;PO_ONLY;BULANAN;MONTHLY_FIXED;2025-02-01;2028-01-31;16000000;1;ACTIVE;220|KBN-52056777|01/02/2025|31/01/2028
220;KBN-52056781;KBN-52056781;PO_ONLY;BULANAN;MONTHLY_FIXED;2025-02-01;2028-01-31;8000000;1;ACTIVE;220|KBN-52056781|01/02/2025|31/01/2028
220;CKP-71112936;CKP-71112936;PO_ONLY;BULANAN;MONTHLY_FIXED;2025-03-01;2028-02-29;9500000;1;ACTIVE;220|CKP-71112936|01/03/2025|29/02/2028
220;CKP-71112937;CKP-71112937;PO_ONLY;BULANAN;MONTHLY_FIXED;2025-03-01;2028-02-29;15500000;1;ACTIVE;220|CKP-71112937|01/03/2025|29/02/2028
220;CKP-71112943;CKP-71112943;PO_ONLY;BULANAN;MONTHLY_FIXED;2025-03-01;2028-02-29;13500000;1;ACTIVE;220|CKP-71112943|01/03/2025|29/02/2028
220;CKP-71112944;CKP-71112944;PO_ONLY;BULANAN;MONTHLY_FIXED;2025-03-01;2028-02-29;9400000;1;ACTIVE;220|CKP-71112944|01/03/2025|29/02/2028
220;PO16458612;PO16458612;PO_ONLY;BULANAN;MONTHLY_FIXED;2025-03-16;2025-12-15;8594795;1;ACTIVE;220|PO16458612|16/03/2025|15/12/2025
220;PO16706582;PO16706582;PO_ONLY;BULANAN;MONTHLY_FIXED;2025-05-01;2025-12-31;81700000;8;ACTIVE;220|PO16706582|01/05/2025|31/12/2025
220;PO16767295;PO16767295;PO_ONLY;BULANAN;MONTHLY_FIXED;2025-07-01;2025-12-31;23400000;3;ACTIVE;220|PO16767295|01/07/2025|31/12/2025
220;"123/PO/Univ-SML/PSM/VII/2022 ADD-1";SUV-71113411;CONTRACT;BULANAN;MONTHLY_FIXED;2025-07-01;2026-06-30;37300000;1;ACTIVE;"220|123/PO/Univ-SML/PSM/VII/2022 ADD-1|01/07/2025|30/06/2026"
220;52048488;52048488;PO_ONLY;BULANAN;MONTHLY_FIXED;2024-03-01;;16800000;1;PENDING;220|52048488|01/03/2024|29/02/2027
220;71112524;71112524;PO_ONLY;BULANAN;MONTHLY_FIXED;2024-11-01;2027-10-31;17500000;1;ACTIVE;220|71112524|01/11/2024|31/10/2027
220;71112528;71112528;PO_ONLY;BULANAN;MONTHLY_FIXED;2024-11-01;2027-10-31;16900000;1;ACTIVE;220|71112528|01/11/2024|31/10/2027
220;71112530;71112530;PO_ONLY;BULANAN;MONTHLY_FIXED;2024-11-01;2027-10-31;16900000;1;ACTIVE;220|71112530|01/11/2024|31/10/2027
220;71112533;71112533;PO_ONLY;BULANAN;MONTHLY_FIXED;2024-10-01;2027-09-30;11350000;1;ACTIVE;220|71112533|01/10/2024|30/09/2027
220;71113679;71113679;PO_ONLY;BULANAN;MONTHLY_FIXED;2025-09-01;2026-02-28;16900000;1;ACTIVE;220|71113679|01/09/2025|28/02/2026
220;71113680;71113680;PO_ONLY;BULANAN;MONTHLY_FIXED;2025-09-01;2028-08-31;7000000;1;ACTIVE;220|71113680|01/09/2025|31/08/2028
221;4540078005;4540078005;PO_ONLY;BULANAN;MONTHLY_FIXED;2025-12-26;2026-03-25;11300000;1;ACTIVE;221|4540078005|26/12/2025|25/03/2026
221;4540078045;4540078045;PO_ONLY;BULANAN;MONTHLY_FIXED;2025-11-13;2026-02-12;33000000;3;ACTIVE;221|4540078045|13/11/2025|12/02/2026
221;4540078045;4540078045;PO_ONLY;BULANAN;MONTHLY_FIXED;2025-11-14;2026-02-13;11000000;1;ACTIVE;221|4540078045|14/11/2025|13/02/2026
221;"SPOT RENTAL";;DAILY_SPOT;BULANAN;MONTHLY_FIXED;;;22000000;2;PENDING;SPOT_221
222;4506747847;4506747847;PO_ONLY;BULANAN;MONTHLY_FIXED;2025-03-16;2026-03-15;47000000;4;ACTIVE;222|4506747847|16/03/2025|15/03/2026
222;4507148105;4507148105;PO_ONLY;BULANAN;MONTHLY_FIXED;2026-01-23;2026-04-23;0;3;ACTIVE;222|4507148105|23/01/2026|23/04/2026
223;PO/BULAN;PO/BULAN;PO_ONLY;BULANAN;MONTHLY_FIXED;;;25500000;2;PENDING;223|PO/BULAN
224;136/PO/2025;136/PO/2025;PO_ONLY;BULANAN;MONTHLY_FIXED;2025-11-01;2026-10-31;5500000;1;ACTIVE;224|136/PO/2025|01/11/2025|31/10/2026
224;156/PO/2023;156/PO/2023;PO_ONLY;BULANAN;MONTHLY_FIXED;2023-10-02;2026-10-01;7500000;1;ACTIVE;224|156/PO/2023|02/10/2023|01/10/2026
225;PO/BULAN;PO/BULAN;PO_ONLY;BULANAN;MONTHLY_FIXED;;;31000000;3;PENDING;225|PO/BULAN
226;PO/BULAN;PO/BULAN;PO_ONLY;BULANAN;MONTHLY_FIXED;;;19500000;2;PENDING;226|PO/BULAN
227;TIM/2403/049;;CONTRACT;BULANAN;MONTHLY_FIXED;2024-01-28;2026-01-27;8000000;1;ACTIVE;227|TIM/2403/049|28/01/2024|27/01/2026
228;PO/TNA/IX/2025/1230;PO/TNA/IX/2025/1230;PO_ONLY;BULANAN;MONTHLY_FIXED;2024-09-07;2024-12-07;29500000;3;ACTIVE;228|PO/TNA/IX/2025/1230|07/09/2024|07/12/2024
229;462/SML/VII/2021;;CONTRACT;BULANAN;MONTHLY_FIXED;2021-08-13;2023-08-12;7150000;1;ACTIVE;229|462/SML/VII/2021|13/08/2021|12/08/2023
229;462/SML/VII/2021;;CONTRACT;BULANAN;MONTHLY_FIXED;2021-08-01;2023-07-31;7150000;1;ACTIVE;229|462/SML/VII/2021|01/08/2021|31/07/2023
229;DL-100151591;DL-100151591;PO_ONLY;BULANAN;MONTHLY_FIXED;2025-02-01;2026-01-31;6000000;1;ACTIVE;229|DL-100151591|01/02/2025|31/01/2026
229;"PO Perbulan";"PO Perbulan";PO_ONLY;BULANAN;MONTHLY_FIXED;;;12000000;2;PENDING;"229|PO Perbulan"
229;WF-100159385;WF-100159385;PO_ONLY;BULANAN;MONTHLY_FIXED;2025-01-23;2026-01-22;11200000;1;ACTIVE;229|WF-100159385|23/01/2025|22/01/2026
229;WF-100178525;WF-100178525;PO_ONLY;BULANAN;MONTHLY_FIXED;2026-01-27;2027-01-26;6000000;1;ACTIVE;229|WF-100178525|27/01/2026|26/01/2027
229;WF-100179491;WF-100179491;PO_ONLY;BULANAN;MONTHLY_FIXED;2026-01-01;2026-12-31;7500000;1;ACTIVE;229|WF-100179491|01/01/2026|31/12/2026
230;UPP-310025075;UPP-310025075;PO_ONLY;BULANAN;MONTHLY_FIXED;2024-07-20;2025-12-19;9500000;1;ACTIVE;230|UPP-310025075|20/07/2024|19/12/2025
232;804/SML/I/2025;432600015;CONTRACT;BULANAN;MONTHLY_FIXED;2026-01-01;2028-02-28;192300000;27;ACTIVE;232|804/SML/I/2025|01/01/2026|28/02/2028
232;432500640;432500640;PO_ONLY;BULANAN;MONTHLY_FIXED;2025-11-01;2026-09-01;13600000;2;ACTIVE;232|432500640|01/11/2025|01/09/2026
232;432600047;432600047;PO_ONLY;BULANAN;MONTHLY_FIXED;2025-12-18;2026-02-17;9250000;1;ACTIVE;232|432600047|18/12/2025|17/02/2026
234;"ADA PO";"ADA PO";PO_ONLY;BULANAN;MONTHLY_FIXED;;;0;1;PENDING;"234|ADA PO||"
236;25302068;25302068;PO_ONLY;BULANAN;MONTHLY_FIXED;2025-09-14;2026-03-13;23500000;1;ACTIVE;236|25302068|14/09/2025|13/03/2026
238;WFT/PROC/AGR/I/2025/001;;CONTRACT;BULANAN;MONTHLY_FIXED;2025-07-01;2028-06-30;117900000;5;ACTIVE;238|WFT/PROC/AGR/I/2025/001|01/07/2025|30/06/2028
241;014/SML-YANMAR/I/2025;;CONTRACT;BULANAN;MONTHLY_FIXED;2025-01-24;2026-01-23;7250000;1;ACTIVE;241|014/SML-YANMAR/I/2025|24/01/2025|23/01/2026
241;077/SML/IX/2025;;CONTRACT;BULANAN;MONTHLY_FIXED;2025-09-22;2026-09-21;7500000;1;ACTIVE;241|077/SML/IX/2025|22/09/2025|21/09/2026
241;100/SML/XII/2025;;CONTRACT;BULANAN;MONTHLY_FIXED;2025-11-01;2026-10-31;9500000;1;ACTIVE;241|100/SML/XII/2025|01/11/2025|31/10/2026
241;100/SML/XII/2025;;CONTRACT;BULANAN;MONTHLY_FIXED;2025-11-09;2026-10-08;9500000;1;ACTIVE;241|100/SML/XII/2025|09/11/2025|08/10/2026
242;23102014975;23102014975;PO_ONLY;BULANAN;MONTHLY_FIXED;2024-12-23;2025-12-22;6250000;1;ACTIVE;242|23102014975|23/12/2024|22/12/2025
242;23102015037;23102015037;PO_ONLY;BULANAN;MONTHLY_FIXED;2025-01-02;2026-01-01;6250000;1;ACTIVE;242|23102015037|02/01/2025|01/01/2026
242;23102015039;23102015039;PO_ONLY;BULANAN;MONTHLY_FIXED;2024-12-27;2025-12-26;6250000;1;ACTIVE;242|23102015039|27/12/2024|26/12/2025
242;23102015040;23102015040;PO_ONLY;BULANAN;MONTHLY_FIXED;2024-12-27;2025-12-26;6250000;1;ACTIVE;242|23102015040|27/12/2024|26/12/2025
242;23102015041;23102015041;PO_ONLY;BULANAN;MONTHLY_FIXED;2024-12-27;2025-12-26;6250000;1;ACTIVE;242|23102015041|27/12/2024|26/12/2025
242;23102015042;23102015042;PO_ONLY;BULANAN;MONTHLY_FIXED;2024-12-27;2025-12-26;6250000;1;ACTIVE;242|23102015042|27/12/2024|26/12/2025
242;23102015044;23102015044;PO_ONLY;BULANAN;MONTHLY_FIXED;2024-12-28;2025-12-27;6250000;1;ACTIVE;242|23102015044|28/12/2024|27/12/2025
242;23102015045;23102015045;PO_ONLY;BULANAN;MONTHLY_FIXED;2024-12-28;2025-12-27;6250000;1;ACTIVE;242|23102015045|28/12/2024|27/12/2025
242;23102015046;23102015046;PO_ONLY;BULANAN;MONTHLY_FIXED;2024-12-28;2025-12-27;6250000;1;ACTIVE;242|23102015046|28/12/2024|27/12/2025
242;23102015047;23102015047;PO_ONLY;BULANAN;MONTHLY_FIXED;2024-12-27;2025-12-26;10000000;1;ACTIVE;242|23102015047|27/12/2024|26/12/2025
242;23102015048;23102015048;PO_ONLY;BULANAN;MONTHLY_FIXED;2024-12-30;2025-12-29;10000000;1;ACTIVE;242|23102015048|30/12/2024|29/12/2025
242;23102015049;23102015049;PO_ONLY;BULANAN;MONTHLY_FIXED;2024-12-30;2025-12-29;10000000;1;ACTIVE;242|23102015049|30/12/2024|29/12/2025
242;23102015050;23102015050;PO_ONLY;BULANAN;MONTHLY_FIXED;2024-12-30;2025-12-29;10000000;1;ACTIVE;242|23102015050|30/12/2024|29/12/2025
242;23102017250;23102017250;PO_ONLY;BULANAN;MONTHLY_FIXED;2025-09-04;2026-03-03;7500000;1;ACTIVE;242|23102017250|04/09/2025|03/03/2026
242;23102017853;23102017853;PO_ONLY;BULANAN;MONTHLY_FIXED;2025-11-12;2026-02-11;6250000;1;ACTIVE;242|23102017853|12/11/2025|11/02/2026
242;23102017854;23102017854;PO_ONLY;BULANAN;MONTHLY_FIXED;2025-11-12;2026-02-11;6250000;1;ACTIVE;242|23102017854|12/11/2025|11/02/2026
242;23102017855;23102017855;PO_ONLY;BULANAN;MONTHLY_FIXED;2025-11-12;2026-02-11;6250000;1;ACTIVE;242|23102017855|12/11/2025|11/02/2026
242;23102017876;23102017876;PO_ONLY;BULANAN;MONTHLY_FIXED;2025-11-03;2030-11-02;14000000;1;ACTIVE;242|23102017876|03/11/2025|02/11/2030
242;23102017877;23102017877;PO_ONLY;BULANAN;MONTHLY_FIXED;2025-11-03;2030-11-02;14000000;1;ACTIVE;242|23102017877|03/11/2025|02/11/2030
242;23102017895;23102017895;PO_ONLY;BULANAN;MONTHLY_FIXED;2025-12-01;2026-11-30;10000000;1;ACTIVE;242|23102017895|01/12/2025|30/11/2026
242;23102018328;23102018328;PO_ONLY;BULANAN;MONTHLY_FIXED;2025-12-12;2026-02-11;6250000;1;ACTIVE;242|23102018328|12/12/2025|11/02/2026
242;23102018329;23102018329;PO_ONLY;BULANAN;MONTHLY_FIXED;2025-12-12;2026-02-11;6250000;1;ACTIVE;242|23102018329|12/12/2025|11/02/2026
242;23102018330;23102018330;PO_ONLY;BULANAN;MONTHLY_FIXED;2025-12-12;2026-02-11;6250000;1;ACTIVE;242|23102018330|12/12/2025|11/02/2026
242;23102018331;23102018331;PO_ONLY;BULANAN;MONTHLY_FIXED;2025-12-12;2026-02-11;6250000;1;ACTIVE;242|23102018331|12/12/2025|11/02/2026
242;23102018332;23102018332;PO_ONLY;BULANAN;MONTHLY_FIXED;2025-12-12;2026-02-11;10000000;1;ACTIVE;242|23102018332|12/12/2025|11/02/2026
242;23102018333;23102018333;PO_ONLY;BULANAN;MONTHLY_FIXED;2025-12-12;2026-02-11;10000000;1;ACTIVE;242|23102018333|12/12/2025|11/02/2026
242;23102014742;23102014742;PO_ONLY;BULANAN;MONTHLY_FIXED;2024-10-26;2025-10-25;14500000;1;ACTIVE;242|23102014742|26/10/2024|25/10/2025
242;23102016769;23102016769;PO_ONLY;BULANAN;MONTHLY_FIXED;2025-07-22;2025-10-21;14000000;1;ACTIVE;242|23102016769|22/07/2025|21/10/2025
242;23102017201;23102017201;PO_ONLY;BULANAN;MONTHLY_FIXED;2025-08-27;2026-08-26;12500000;1;ACTIVE;242|23102017201|27/08/2025|26/08/2026
242;23102017202;23102017202;PO_ONLY;BULANAN;MONTHLY_FIXED;2025-08-27;2026-08-26;12500000;1;ACTIVE;242|23102017202|27/08/2025|26/08/2026
243;088/YIDN-05/25;088/YIDN-05/25;PO_ONLY;BULANAN;MONTHLY_FIXED;;;10250000;1;PENDING;243|088/YIDN-05/25||
244;"Po Perbulan";"Po Perbulan";PO_ONLY;BULANAN;MONTHLY_FIXED;;;18000000;2;PENDING;"244|Po Perbulan"
245;PO04-251200117;PO04-251200117;PO_ONLY;BULANAN;MONTHLY_FIXED;2026-01-14;2026-12-14;7500000;1;ACTIVE;245|PO04-251200117|14/01/2026|14/12/2026
246;PO-2025/12-0531;PO-2025/12-0531;PO_ONLY;BULANAN;MONTHLY_FIXED;2025-12-23;2026-03-22;15000000;1;ACTIVE;246|PO-2025/12-0531|23/12/2025|22/03/2026
