ID_Unit;Serial_Number;Tahun_Unit;Nama_Customer;No_PO;No_Kontrak;Awal_Sewa;Akhir_Sewa;Harga_Bulan;Sumber_Data_Customer
638;227AC1442;2012;"PT SUPERNOVA";;;;;0;MARKETING
707;131A-G6735;2012;"KCC GLASS";;;;;0;MARKETING
908;CT18C-70718;2012;"PT LG Electronics Indonesia";;;;;0;MARKETING
1051;251AC1515;2012;"PT. LX Phantos Jakarta";;;;;0;MARKETING
1179;216ZT0944;2013;"BPK AMEL 04-01-2025";;;;;0;WAREHOUSE
1180;216ZT0945;2013;"11-03-2025 FR HEINZ ABC";;;;;0;WAREHOUSE
1258;SSBEB0003;2014;"PT Ultra Prima Abadi";;;;;0;MARKETING
1259;SSBEB0001;2014;"PT. LX Phantos Jakarta";;;;;0;MARKETING
1265;42880;2014;"PT LG Electronics Indonesia";;;;;0;MARKETING
1281;227AC3035;2013;"PT LG Electronics Indonesia";;;;;0;MARKETING
1337;B882R07044M;2014;"30-03-2022 FR INDOKLATO";;;;;0;WAREHOUSE
1358;91089634;2014;"PT LG Electronics Indonesia";;;;;0;MARKETING
1360;30E30358;2014;"PT LG Electronics Indonesia";;;;;0;MARKETING
1381;B882R07088M;2014;"PT LG Electronics Indonesia";;;;;0;MARKETING
1397;91089636;2014;"PT SUPERNOVA FLEXIBLE PACKAGING";;;;;0;MARKETING
1421;B882R07092M;2014;"PT LG Electronics Indonesia";;;;;0;MARKETING
1429;91089637;2014;"PT NISSIN JAYA INDONESIA";;;;;0;MARKETING
1467;511902F00140;2022;"PT LG Electronics Indonesia";;;;;0;MARKETING
1469;511801D00262;2022;"PT LG Electronics Indonesia";;;;;0;MARKETING
1500;1A428314;2015;"PT ILC LOGISTICS INDONESIA";;;;;0;MARKETING
1501;52282;2015;"PT UNILEVER INDONESIA Tbk";;;;;0;MARKETING
1513;52537;2015;"PT. LX Phantos Jakarta";;;;;0;MARKETING
1559;T1B2-400848;2015;"PT LG Electronics Indonesia";;;;;0;MARKETING
1636;63977;2015;"PT UNILEVER INDONESIA Tbk";;;;;0;MARKETING
1660;63735;2015;"PT LOGISALL SERVIS INDONESIA";;;;;0;MARKETING
1716;66643;2016;COLOROBIA;;;;;0;WAREHOUSE
1768;66955;2016;"PT Haier Electrical Appliaces Indonesia";;;;;0;MARKETING
1807;J1AG00969;2017;"PT Ultra Prima Abadi";;;;;0;MARKETING
1809;98143443;2017;"PT Haier Electrical Appliaces Indonesia";;;;;0;MARKETING
1933;10893;2018;"PT TRI CENTRUM FORTUNA";;;;;0;MARKETING
1934;10919;2018;"KONTRAK ILC LOGISTICS INDONESIA (08-03-2025)";;;;;0;WAREHOUSE
1944;43H31973;2017;"PT TRIMITRA CIKARANG";;;;;0;MARKETING
1946;43H31960;2017;"PT SINOTRANS OVERSEAS INDONESIA";;;;;0;MARKETING
1953;69937;2018;"AMERTA INDAH OTSUKA";;;;;0;MARKETING
1967;14148;2017;"OKI Pulp and Paper";;;;;0;MARKETING
1979;43E31244;2018;"PT CS2";;;;;0;MARKETING
1990;70167;2018;"03-12-2025 FR AMBIL UNIT INDOBARAT (TUKAR UNIT JD 3626)";;;;;0;WAREHOUSE
1993;70006;2018;"HEINZ ABC";;;;;0;WAREHOUSE
2013;CT18C-86521;2018;"PT RUSLI JAGAT UTAMA";;;;;0;MARKETING
2018;14326;2018;KADAKA;;;;;0;MARKETING
2019;"TIDAK ADA SN";2018;"PT UNILEVER INDONESIA Tbk";;;;;0;MARKETING
2052;71942;2018;"PROKEMAS ( MY PACK)";;;;;0;WAREHOUSE
2053;71946;2018;"PT SUPERNOVA FLEXIBLE PACKAGING";;;;;0;MARKETING
2058;71618;2018;"PT Kasmaji";;;;;0;MARKETING
2060;27143;2018;BEKAERT;;;;;0;WAREHOUSE
2062;27642;2018;"NON FERINDO";;;;;0;MARKETING
2066;71952;2018;"PT. LX Phantos Jakarta";;;;;0;MARKETING
2070;71532;2018;"PT LG Electronics Indonesia";;;;;0;MARKETING
2098;71937;2018;"PT. Asahimas Flat Glass Tbk";;;;;0;MARKETING
2111;D871R07169S;2018;"PT RUSLI JAGAT UTAMA";;;;;0;MARKETING
2112;D871R07170S;2018;"PT SURYA RENGO CONTAINERS";;;;;0;MARKETING
2113;D871R07171S;2018;"SANKO GOSEI SPARE";;;;;0;WAREHOUSE
2114;D871R07182S;2018;"PT ASIAN ISUZU CASTING CENTER";;;;;0;MARKETING
2115;D871R07183S;2018;"PT HEINZ ABC INDONESIA";;;;;0;MARKETING
2117;43H32046;2018;"PT Haier Electrical Appliaces Indonesia";;;;;0;MARKETING
2136;C881R01877S;2018;"PT BRIDON";;;;;0;MARKETING
2150;C881R01929S;2018;"Nusantara Ekpres Kilat (Shopee)";;;;;0;MARKETING
2155;C881R01905S;2018;"Nusantara Ekpres Kilat (Shopee)";;;;;0;MARKETING
2161;C881R01886S;2018;"PT SKK KAKEN INDONESIA";;;;;0;MARKETING
2162;C881R01896S;2018;"PT Kasmaji";;;;;0;MARKETING
2180;C881R01955S;2019;"Indo Bharat Rayon";;;;;0;MARKETING
2198;C881RO1970S;2019;"PT DHARMA POLIMETAL Tbk";;;;;0;MARKETING
2209;1A545908;2019;"PT INDOLAKTO";;;;;0;MARKETING
2214;1A-546007;2019;"PT FRIGOGLASS INDONESIA";;;;;0;MARKETING
2215;1A-546008;2019;"MULIA RAYA AGRIJAYA (24-06-2025)";;;;;0;WAREHOUSE
2217;57196;2019;"Indo Bharat Rayon";;;;;0;MARKETING
2228;J1AI03111;2019;"PT FRIGOGLASS INDONESIA";;;;;0;MARKETING
2229;J1AI03112;2019;"PT FRIGOGLASS INDONESIA";;;;;0;MARKETING
2232;C881R01999S;2019;Lamipak;;;;;0;MARKETING
2235;43H32427;2019;"PT. LX Phantos Jakarta";;;;;0;MARKETING
2236;43H32429;2019;"PT CIPTA NIAGA SEMESTA";4502203653;;;;0;MARKETING
2245;D861N05762T;2019;"PT. LX Phantos Jakarta";;;;;0;MARKETING
2250;72727;2019;"PT INGRESS TECHNOLOGIES INDONESIA";;;;;0;MARKETING
2251;73506;2019;"Sika Indonesia";;;;;0;MARKETING
2261;516329V00051;2019;"PT CIPTA NIAGA SEMESTA";4502195148;;;;0;MARKETING
2262;516329V00050;2019;"PT. Asahimas Flat Glass Tbk";;;;;0;MARKETING
2278;72396;2019;"PT SUPERNOVA FLEXIBLE PACKAGING";;;;;0;MARKETING
2282;CT18C-86527;2019;"CJ LOGISTIC SERVICE INDONESIA";;;;;0;MARKETING
2295;CT18C-86880;2019;"AMERTA INDAH OTSUKA";;;;;0;MARKETING
2305;FN952939;2019;"PT ILC LOGISTICS INDONESIA";;;;;0;MARKETING
2308;43H32514;2023;"PT CIPTA NIAGA SEMESTA";4501906925;;;;0;MARKETING
2309;43E31475;2019;"PT MULIA RAYA AGRIJAYA";;;;;0;MARKETING
2346;C881R03140T;2019;"PT JAKARTA SEREAL";;;;;0;MARKETING
2351;C881R03192T;2019;"PT MULIA RAYA AGRIJAYA";;;;;0;MARKETING
2352;C881R03172T;2019;"22-07-2025 FR OKI PALEMBANG";;;;;0;WAREHOUSE
2354;C881R03194T;2019;"PT UNILEVER INDONESIA Tbk";;;;;0;MARKETING
2360;73564;2019;"OKI Pulp and Paper";;;;;0;MARKETING
2361;73535;2019;"OKI Pulp and Paper";;;;;0;MARKETING
2365;73570;2019;"PT BERJAYA NAWAPLASTIC";;;;;0;MARKETING
2369;12229;2019;"Purinusa Eka Persada";;;;;0;MARKETING
2373;14068;2019;"KONTRAK UNIT KCC GLAS (10-01-2026)";;;;;0;WAREHOUSE
2374;14055;2019;"SURYA RENGO KARAWANG ANTAR SPARE (11-12-2025)";;;;;0;WAREHOUSE
2381;30561;2019;"Indah Kiat Pulp and Paper";;;;;0;MARKETING
2391;6666672;2019;"OKI Pulp and Paper";;;;;0;MARKETING
2395;6666677;2019;"PT Ultra Prima Abadi";;;;;0;MARKETING
2405;6667081;2019;"PT SUPERNOVA FLEXIBLE PACKAGING";;;;;0;MARKETING
2408;6666682;2019;"25-11-2025 FR AMBIL UNIT BEKAERT";;;;;0;WAREHOUSE
2410;6666684;2019;"KONTRAK YCH FFI PROJECT (12-12-2025)";;;;;0;WAREHOUSE
2411;6667091;2019;"PT SURYA RENGO CONTAINERS";;;;;0;MARKETING
2416;6667093;2019;"KCC GLASS";;;;;0;MARKETING
2430;6678355;2019;"28-11-2025 FR AMBIL UNIT BEKAERT";;;;;0;WAREHOUSE
2446;CT18C-86945;2019;"PT ILC LOGISTICS INDONESIA";;;;;0;MARKETING
2447;CT18C-86946;2019;"konverta Abadi";;;;;0;MARKETING
2451;FN957233;2019;"OKI Pulp and Paper";;;;;0;MARKETING
2453;1A557791;2019;"PT HEINZ ABC INDONESIA";;;;;0;MARKETING
2456;1A557794;2019;"PT INTILOG SUKSES ABADI";;;;;0;MARKETING
2460;43E31508;2019;"18-09-2025 FR AMBIL UNIT CAHAYA PUTRA";;;;;0;WAREHOUSE
2461;43H32511;2019;"Fajar Unggul Nusantara";;;;;0;MARKETING
2464;CT28C-51635;2022;"PRYSMIAN CABLES INDONESIA";;;;;0;WAREHOUSE
2470;FN957210;2019;YCH;;;;;0;WAREHOUSE
2472;FN957234;2019;NISSIN;;;;;0;WAREHOUSE
2473;FN957235;2019;"KCC GLASS";;;;;0;MARKETING
2474;1A557896;2019;"PT SURYA RENGO CONTAINERS";;;;;0;MARKETING
2476;1A557897;2019;"KCC GLASS";;;;;0;MARKETING
2480;FN957094;2019;"PT LG Electronics Indonesia";;;;;0;MARKETING
2485;FN957213;2019;"PT LG Electronics Indonesia";;;;;0;MARKETING
2487;FDC03-1130-02124;2019;"PT LG Electronics Indonesia";;;;;0;MARKETING
2488;6655485;2019;"PT ARISAMANDIRI PRATAMA";;;;;0;MARKETING
2494;C900R02427T;2019;"PT ARISAMANDIRI PRATAMA";;;;;0;MARKETING
2496;F20178G00052;2019;"PT ARISAMANDIRI PRATAMA";;;;;0;MARKETING
2505;C881R03159T;2019;"PT YCH INDONESIA";23102018328;;;;0;MARKETING
2507;43H32645;2019;"PT SINOTRANS OVERSEAS INDONESIA";;;;;0;MARKETING
2510;43H32606;2019;"PT YCH INDONESIA";23102018330;;;;0;MARKETING
2511;CT18C-86978;2019;"PT YCH INDONESIA";23102018329;;;;0;MARKETING
2512;CT18C-86979;2019;ASAHIMAS;;;;;0;WAREHOUSE
2513;CT18C-86980;2019;ASAHIMAS;;;;;0;WAREHOUSE
2522;567006LDPKN133039;2019;"PT YCH INDONESIA";23102018331;;;;0;MARKETING
2531;516329V00604;2019;"20-08-2025 FR PERAWANG";;;;;0;WAREHOUSE
2534;33831;2019;"KONTRAK PT. SINOTRANS PEMINDAHAN UNIT DARI GD. CIBITUNG KE GD. TAMBUN (25-02-2026)";;;;;0;WAREHOUSE
2535;74752;2019;"KCC GLASS";;;;;0;MARKETING
2539;30966;2019;"PT BAKRIE AUTOPARTS";;;;;0;MARKETING
2542;73009;2019;"PT Bitutek";;;;;0;MARKETING
2543;73060;2019;"PT BUKIT MURIA JAYA";;;;;0;MARKETING
2547;74693;2019;"PT. Asahimas Flat Glass Tbk";;;;;0;MARKETING
2549;62-8FD30-74699;2019;"PT. Asahimas Flat Glass Tbk";;;;;0;MARKETING
2550;511904F00345;2022;"PT. Asahimas Flat Glass Tbk";;;;;0;MARKETING
2551;63804;2019;"Astro Technologies Indonesia";;;;;0;MARKETING
2553;CT18C-87084;2019;"BMJ SPARE";;;;;0;WAREHOUSE
2554;CT18C-87033;2020;"PT INDOLAKTO";;;;;0;MARKETING
2564;CT14E-20560;2020;"PT Prysmian Cables Indonesia";;;;;0;MARKETING
2571;C900R04694T;2020;"PT KALDU SARI NABATI INDONESIA";;;;;0;MARKETING
2572;C900R04765T;2020;"PT NISSIN JAYA INDONESIA";;;;;0;MARKETING
2583;74928;2020;"PT KALDU SARI NABATI INDONESIA";;;;;0;MARKETING
2584;74929;2020;"10-02-2026 AMBIL UNIT FR JAKARTA SEREAL CAKUNG TUKAR UNIT JD 3054";;;;;0;WAREHOUSE
2586;FDC03-1130-02225;2021;"PT FRIGOGLASS INDONESIA";;;;;0;MARKETING
2593;516329V00736;2019;"PT. Musashi Auto Part";;;;;0;MARKETING
2594;FN962268;2020;"PT SUPERNOVA FLEXIBLE PACKAGING";;;;;0;MARKETING
2595;FN962269;2020;"PT SUPERNOVA FLEXIBLE PACKAGING";;;;;0;MARKETING
2613;HHKCFMM7VL0000272;2020;"PT. Asahimas Flat Glass Tbk";;;;;0;MARKETING
2614;HHKCFMM5KL0000489;2020;"PT. Asahimas Flat Glass Tbk";;;;;0;MARKETING
2621;1A553392;2020;"Purinusa Eka Persada";;;;;0;MARKETING
2622;1A553716;2020;"PT. CJ LOGISTIK SERVICE (26-07-2025)";;;;;0;WAREHOUSE
2635;62804;2020;"18-03-2025 FR TIRTA ALAM SEGAR";;;;;0;WAREHOUSE
2636;62807;2020;"11-04-2025 FR ADI JAYA MONTANA";;;;;0;WAREHOUSE
2638;75730;2020;"PT BERJAYA NAWAPLASTIC";;;;;0;MARKETING
2639;75507;2019;"Indah Kiat Pulp And Paper";;;;;0;MARKETING
2641;43H32960;2020;"PT CAHAYAPUTRA ASA KERAMIK Tbk";;;;;0;MARKETING
2642;43H62959;2020;"PT DHARMA POLIMETAL Tbk (PT KOMALA AGUNG)";;;;;0;MARKETING
2643;HHKHB107CL0000446;2020;"09-12-2025 FR AMBIL UNIT CJ LOGISTIK (SURABAYA)";;;;;0;WAREHOUSE
2644;75765;2020;"Indah Kiat Pulp and Paper";;;;;0;MARKETING
2645;75728;2020;"PT LINFOX LOGISTICS";;;;;0;MARKETING
2648;19071902;2020;"INDAH KIAT PULP AND PAPER";;;;;0;WAREHOUSE
2655;43E31687;2020;"CIPTA MULTI BUANA PERKASA";;;;;0;WAREHOUSE
2664;CT18C-87301;2020;"PT TEKPAK INDONESIA";;;;;0;MARKETING
2671;CT28C-51368;2021;"PT SUPERNOVA FLEXIBLE PACKAGING";;;;;0;MARKETING
2672;CT28C-51371;2021;"PT SUPERNOVA";;;;;0;MARKETING
2680;75860;2021;"11-03-2025 FR MY PACK";;;;;0;WAREHOUSE
2681;76332;2021;"Indah Kiat Pulp and Paper";;;;;0;MARKETING
2682;76333;2021;"Indah Kiat Pulp and Paper";;;;;0;MARKETING
2684;81342;2021;"PT JAKARTA SEREAL";;;;;0;MARKETING
2686;81795;2021;"KCC GLASS";;;;;0;MARKETING
2694;257D00577;2021;"Rapid Plast";;;;;0;MARKETING
2696;257D00579;2021;"PT CS2";;;;;0;MARKETING
2719;185F02115;2021;"PT SUPERNOVA FLEXIBLE PACKAGING";;;;;0;MARKETING
2722;322AC2952;2021;"CJ LOGISTIC SERVICE INDONESIA";;;;;0;MARKETING
2725;CT14E-21754;2021;"KOKO INTI";;;;;0;WAREHOUSE
2728;HHKHFP10PL0000426;2020;"PT HAB DONG INDO";;;;;0;MARKETING
2733;81819;2021;"PT PRIMACORR MANDIRI";;;;;0;MARKETING
2737;Q1BA06520;2021;"PT SURYA RENGO CONTAINERS";;;;;0;MARKETING
2739;Q1BA06523;2021;"PT DHARMA POLIMETAL Tbk";;;;;0;MARKETING
2740;Q1BA06530;2021;"PT ASPEX KUMBONG";;;;;0;MARKETING
2741;Q1BA06531;2021;"PT ASPEX KUMBONG";;;;;0;MARKETING
2742;Q1BA06532;2021;"PT ASPEX KUMBONG";;;;;0;MARKETING
2744;Q1BA06534;2021;"PT ASPEX KUMBONG";;;;;0;MARKETING
2748;82396;2021;"KONTRAK KIRANA PERMATA (15-12-2025)";;;;;0;WAREHOUSE
2749;82397;2021;"PT CAHAYAPUTRA ASA KERAMIK Tbk";;;;;0;MARKETING
2750;82408;2021;"PT KALDU SARI NABATI INDONESIA";;;;;0;MARKETING
2754;CT18C-87661;2021;"Indo Bharat Rayon";;;;;0;MARKETING
2755;CT18C-87658;2021;"Cipta Multi Buana";;;;;0;MARKETING
2763;HHKCFMM3JF0000478;2021;"09-12-2025 FR AMBIL UNIT UPA SURABAYA (TUKAR UNIT JD 3156)";;;;;0;WAREHOUSE
2764;HHKCFMM3KF0000480;2021;SUPERNOVA;;;;;0;WAREHOUSE
2766;82457;2021;"PT. Asahimas Flat Glass Tbk";;;;;0;MARKETING
2771;FN981904;2021;"PT ASIAN ISUZU CASTING CENTER";;;;;0;MARKETING
2777;CT14E-21915;2021;"PT ASIAN ISUZU CASTING CENTER";;;;;0;MARKETING
2781;CT14E-21916;2021;"PT MARUHACHI INDONESIA";;;;;0;MARKETING
2784;T8BA00035;2021;"PT GEORG FISCHER INDONESIA";;;;;0;MARKETING
2785;I9BA06339;2021;"PT ASPEX KUMBONG";;;;;0;MARKETING
2794;CT14E-22377;2022;"PT LG Electronics Indonesia";;;;;0;MARKETING
2795;30E32664;2021;"PT LG Electronics Indonesia";;;;;0;MARKETING
2796;30E32696;2021;"PT LG Electronics Indonesia";;;;;0;MARKETING
2797;257D00604;2021;"PT LG Electronics Indonesia";;;;;0;MARKETING
2798;257D00470;2021;"PT. LX Phantos Jakarta";;;;;0;MARKETING
2799;257D00471;2021;"PT LG Electronics Indonesia";;;;;0;MARKETING
2800;257D00516;2021;"PT LG Electronics Indonesia";;;;;0;MARKETING
2801;257D00517;2021;"PT SINOTRANS OVERSEAS INDONESIA";;;;;0;MARKETING
2802;43H33241;2023;"PT LG Electronics Indonesia";;;;;0;MARKETING
2803;43H33296;2023;"PT LG Electronics Indonesia";;;;;0;MARKETING
2804;SEM00618KS1S01415;2022;"PT LG Electronics Indonesia";;;;;0;MARKETING
2810;HHKCHN55AF0001392;2021;"PT LG Electronics Indonesia";;;;;0;MARKETING
2814;HHKCHN55JF0001386;2021;"PT LG Electronics Indonesia";;;;;0;MARKETING
2815;HHKCHN55LF0001376;2021;"PT LG Electronics Indonesia";;;;;0;MARKETING
2816;HHKCHN55EF0001378;2021;"PT LG Electronics Indonesia";;;;;0;MARKETING
2817;HHKCHN55CF0001379;2021;"PT LG Electronics Indonesia";;;;;0;MARKETING
2825;HHKCHN56CF0000720;2021;"PT Kokoh Inti Arebama";4018011075;;;;0;MARKETING
2828;82895;2024;"AIBM - Indolakto";;;;;0;MARKETING
2831;V2BA00004;2021;"PT LG Electronics Indonesia";;;;;0;MARKETING
2834;I9BA07657;2021;"PT BAKRIE AUTOPARTS";;;;;0;MARKETING
2839;20380;2021;"PT LG Electronics Indonesia";;;;;0;MARKETING
2840;20381;2021;"PT JAKARTA SEREAL";;;;;0;MARKETING
2841;20382;2021;"PT JAKARTA SEREAL";;;;;0;MARKETING
2842;20387;2021;"SRI TRANG LINGGA";;;;;0;WAREHOUSE
2843;20389;2021;"PT JAKARTA SEREAL";;;;;0;MARKETING
2844;20400;2021;"30-08-2025 AMBIL UNIT FR OKI PALEMBANG";;;;;0;WAREHOUSE
2848;CT18C-87684;2021;"Kirana Permata";;;;;0;MARKETING
2854;30E32867;2021;"PT ASIAN ISUZU CASTING CENTER";;;;;0;MARKETING
2855;30E32874;2021;"PT ASIAN ISUZU CASTING CENTER";;;;;0;MARKETING
2856;30E32870;2021;"PT BRIDON";;;;;0;MARKETING
2864;C881R01810S;2022;"PT SUPERNOVA FLEXIBLE PACKAGING";;;;;0;MARKETING
2866;C881R01988S;2022;"South Pacific Viscose";;;;;0;MARKETING
2868;C881R05393U;2022;"PT CIPTA NIAGA SEMESTA";4501715413;;;;0;MARKETING
2869;C881R05379U;2022;"PT KAMADJAJA LOGISTIC";;;;;0;MARKETING
2870;C881R01935S;2022;"PT HAB DONG INDO";;;;;0;MARKETING
2875;FN987497;2022;UNIVENUS;;;;;0;WAREHOUSE
2878;FN987500;2022;"PT BAKRIE AUTOPARTS";;;;;0;MARKETING
2881;43E31782;2022;"PT Kasmaji";;;;;0;MARKETING
2886;43H33506;2023;"PT TEKPAK INDONESIA";;;;;0;MARKETING
2888;CT14E-22373;2022;"PT CIPTA NIAGA SEMESTA";4501945653;;;;0;MARKETING
2889;3311000936;2022;"Oji Sinarmas Packaging";;;;;0;MARKETING
2890;3311000937;2022;"Oji Sinarmas Packaging";;;;;0;MARKETING
2891;3311001789;2022;"Oji Sinarmas Packaging";;;;;0;MARKETING
2892;3311001790;2022;"Oji Sinarmas Packaging";;;;;0;MARKETING
2897;05025DG8373;2022;"PT. LX Phantos Jakarta";;;;;0;MARKETING
2898;05030DG8732;2022;"PT. LX Phantos Jakarta";;;;;0;MARKETING
2899;05035DG8740;2022;"PT SUPERNOVA FLEXIBLE PACKAGING";;;;;0;MARKETING
2900;257D01019;2022;"PT SUPERNOVA FLEXIBLE PACKAGING";;;;;0;MARKETING
2901;257D01020;2022;"PT SUPERNOVA FLEXIBLE PACKAGING";;;;;0;MARKETING
2902;257D01021;2022;"Indo Bharat Rayon";;;;;0;MARKETING
2903;91463;2022;"OKI Pulp and Paper";;;;;0;MARKETING
2904;91771;2022;"Sika Indonesia";;;;;0;MARKETING
2905;33302;2022;"KONTRAK SUPERIOR PORCELAIN (14-11-2025)";;;;;0;WAREHOUSE
2910;37818;2022;"PT INDOFOOD CBP MAKMUR";;;;;0;MARKETING
2914;080307U7771;2022;"Indo Bharat Rayon spare";;;;;0;MARKETING
2919;CT14E-22375;2022;"Indah Kiat Pulp and Paper";;;;;0;MARKETING
2924;CT14E-22381;2022;"Indah Kiat Pulp and Paper";;;;;0;MARKETING
2928;CT14E-22587;2022;"Daesan Makmur Sentosa";;;;;0;MARKETING
2929;CT14E-22588;2022;"Indah Kiat Pulp and Paper";;;;;0;MARKETING
2931;CT18C-87921;2022;"PT SUPERNOVA FLEXIBLE PACKAGING";;;;;0;MARKETING
2948;93525;2022;"PT BUKIT MURIA JAYA";;;;;0;MARKETING
2949;29368;2022;"PT BUKIT MURIA JAYA";;;;;0;MARKETING
2950;29353;2022;"PT BUKIT MURIA JAYA";;;;;0;MARKETING
2952;33738;2022;"Saitama Stamping Indonesia";;;;;0;MARKETING
2953;33625;2022;COLOROBIA;;;;;0;WAREHOUSE
2960;37632;2021;"OKI Pulp and Paper";;;;;0;MARKETING
2963;92540;2021;INDOLAKTO;;;;;0;WAREHOUSE
2964;92581;2021;"PT ILC LOGISTICS INDONESIA";;;;;0;MARKETING
2965;92982;2021;"Indah Bestari Permai";;;;;0;MARKETING
2967;93019;2021;"PT. LX Phantos Jakarta";;;;;0;MARKETING
2968;93568;2022;"AIBM - Indolakto";;;;;0;MARKETING
2969;93590;2022;"AIBM - Indolakto";;;;;0;MARKETING
2970;93712;2022;"AIBM - Indolakto";;;;;0;MARKETING
2971;93721;2022;"AIBM - Indolakto";;;;;0;MARKETING
2972;93822;2022;"The Univenus";;;;;0;MARKETING
2973;93823;2022;"The Univenus";;;;;0;MARKETING
2974;94694;2022;"The Univenus";;;;;0;MARKETING
2975;94770;2022;"The Univenus";;;;;0;MARKETING
2976;94753;2022;"The Univenus";;;;;0;MARKETING
2977;94769;2022;INDOLAKTO;;;;;0;WAREHOUSE
2978;93574;2022;"The Univenus";;;;;0;MARKETING
2980;93598;2022;"The Univenus";;;;;0;MARKETING
2981;93951;2022;"The Univenus";;;;;0;MARKETING
2985;30E33008;2022;"INDAH KIAT PULP AND PAPER";;;;;0;WAREHOUSE
2986;30E33006;2022;"Indo Bharat Rayon";;;;;0;MARKETING
2987;0.00E+00;2022;"PT BUKIT MURIA JAYA";;;;;0;MARKETING
2988;0.00E+00;2022;"PT BAKRIE AUTOPARTS";;;;;0;MARKETING
2989;0.00E+00;2022;"PT LG Electronics Indonesia";;;;;0;MARKETING
2990;34217;2022;"Ultra Jaya Milk";;;;;0;MARKETING
2991;34207;2022;"PT TRIMITRA CIKARANG";;;;;0;MARKETING
2992;29675;2022;"PT LG Electronics Indonesia";;;;;0;MARKETING
2995;34037;2022;"Senopati Fuji Trans";;;;;0;MARKETING
2996;34227;2022;"Senopati Fuji Trans";;;;;0;MARKETING
2997;34004;2022;"Senopati Fuji Trans";;;;;0;MARKETING
2998;34040;2022;"PT SEMEN JAWA";;;;;0;MARKETING
2999;34066;2022;"Senopati Fuji Trans";;;;;0;MARKETING
3001;38308;2022;"PT ILC LOGISTICS INDONESIA";;;;;0;MARKETING
3002;85062;2022;"Indo Bharat Rayon";;;;;0;MARKETING
3003;85066;2022;"Perfetty Van Melle";4700450479;;;;0;MARKETING
3004;31954;2022;"AIBM - Indolakto";;;;;0;MARKETING
3005;29525;2022;"Superior Porcelain Sukses";;;;;0;MARKETING
3006;33919;2022;"24-02-2026 AMBIL UNIT FR KKUSB PRUWODADI";;;;;0;WAREHOUSE
3007;33962;2022;"PT SUGITY CREATIVES";;;;;0;MARKETING
3009;34360;2022;"PT INDOLAKTO";;;;;0;MARKETING
3010;34202;2022;"PT. Asahimas Flat Glass Tbk";;;;;0;MARKETING
3015;F5001101;2022;"RECKIT BECKISER";;;;;0;WAREHOUSE
3016;F5001102;2022;"PT BUKIT MURIA JAYA";;;;;0;MARKETING
3017;F5001103;2022;"OKI Pulp and Paper";;;;;0;MARKETING
3019;F5001105;2022;"PT LAO CHOW";;;;;0;MARKETING
3020;F5001106;2022;"PT Indofood";4506977899;;;;0;MARKETING
3022;F5001108;2022;"PT BAKRIE AUTOPARTS";;;;;0;MARKETING
3028;F5001115;2022;"PT BAKRIE AUTOPARTS";;;;;0;MARKETING
3029;F5001116;2022;"PT INTILOG SUKSES ABADI";;;;;0;MARKETING
3031;F5001118;2022;"PT ASIAN ISUZU CASTING CENTER";;;;;0;MARKETING
3032;F5001119;2022;"PT CIPTA NIAGA SEMESTA";4501827853;;;;0;MARKETING
3034;F5001121;2022;"PT ASIAN ISUZU CASTING CENTER";;;;;0;MARKETING
3035;F5001122;2022;"PT. Asahimas Flat Glass Tbk";;;;;0;MARKETING
3036;29763;2022;"PT ASIAN ISUZU CASTING CENTER";;;;;0;MARKETING
3037;29738;2022;SUGITY;;;;;0;WAREHOUSE
3038;31931;2022;"PT Haier Electrical Appliaces Indonesia";;;;;0;MARKETING
3041;15750;2022;"PT LG Electronics Indonesia";;;;;0;MARKETING
3042;34423;2022;"PT LG Electronics Indonesia";;;;;0;MARKETING
3043;34420;2022;Indolakto;;;;;0;MARKETING
3044;49BB00058;2022;Indolakto;;;;;0;MARKETING
3045;49BB00059;2022;Indolakto;;;;;0;MARKETING
3046;V2BB02060;2022;Indolakto;;;;;0;MARKETING
3047;V2BB02061;2022;Indolakto;;;;;0;MARKETING
3048;531150948;2022;Indolakto;;;;;0;MARKETING
3049;531150965;2022;"Taco Anugrah Corporindo";;;;;0;MARKETING
3050;531150966;2022;Indolakto;;;;;0;MARKETING
3051;531150967;2022;Indolakto;;;;;0;MARKETING
3052;531150968;2022;"PT INTILOG SUKSES ABADI";;;;;0;MARKETING
3053;SEM00636J3D303588;2022;"PT COLOROBBIA INDONESIA";;;;;0;MARKETING
3056;29785;2022;"PT SUGITY CREATIVES";;;;;0;MARKETING
3057;29326;2022;"PT. Asahimas Flat Glass Tbk";;;;;0;MARKETING
3058;40020;2023;"PT BUKIT MURIA JAYA";;;;;0;MARKETING
3059;40070;2022;"PT. Asahimas Flat Glass Tbk";;;;;0;MARKETING
3060;22040YB3477;2022;"Indah Kiat Pulp And Paper";;;;;0;MARKETING
3061;22040YB3478;2022;"PT INDOLAKTO";;;;;0;MARKETING
3062;SEM00618TS1S01392;2022;"PT HEINZ ABC INDONESIA";;;;;0;MARKETING
3063;43H33635;2022;Indolakto;;;;;0;MARKETING
3064;43H33643;2022;Indolakto;;;;;0;MARKETING
3065;516333L00019;2022;"PT INDOLAKTO";;;;;0;MARKETING
3066;34490;2022;Indolakto;;;;;0;MARKETING
3067;33990;2022;Indolakto;;;;;0;MARKETING
3068;34545;2022;Indokuat;;;;;0;MARKETING
3069;33982;2022;Indolakto;;;;;0;MARKETING
3070;29371;2022;Indolakto;;;;;0;MARKETING
3071;29413;2022;"PT INDOLAKTO";;;;;0;MARKETING
3072;29728;2022;"PT INDOLAKTO";;;;;0;MARKETING
3073;29639;2022;Indolakto;;;;;0;MARKETING
3074;29519;2022;"PT INDOLAKTO";;;;;0;MARKETING
3075;29539;2022;Indolakto;;;;;0;MARKETING
3076;39219;2022;Indolakto;;;;;0;MARKETING
3077;39045;2022;"PT INDOLAKTO";;;;;0;MARKETING
3078;29656;2022;"PT INDOLAKTO";;;;;0;MARKETING
3079;29844;2022;"PT INDOLAKTO";;;;;0;MARKETING
3080;29803;2022;"PT INDOLAKTO";;;;;0;MARKETING
3081;29830;2022;"PT INDOLAKTO";;;;;0;MARKETING
3083;34991;2022;"PT INDOLAKTO";;;;;0;MARKETING
3090;34979;2022;"PT INTILOG SUKSES ABADI";;;;;0;MARKETING
3091;35051;2022;"INDAH KIAT PULP AND PAPER";;;;;0;WAREHOUSE
3092;34829;2022;"PT UNILEVER INDONESIA Tbk";;;;;0;MARKETING
3097;08030JP2090;2022;"PT Kasmaji";;;;;0;MARKETING
3098;08030JP2081;2022;"PT Kasmaji";;;;;0;MARKETING
3103;08030JP2086;2022;"PT SINOTRANS OVERSEAS INDONESIA";;;;;0;MARKETING
3104;010302T7621;2022;"Pindo Deli Pulp and Paper";;;;;0;MARKETING
3105;010302T7626;2022;"PT Ultra Prima Abadi";;;;;0;MARKETING
3106;010302T7627;2022;"KONTRAK INDAH KIAT PULP AND PAPER TANGGERANG (24-02-2026)";;;;;0;WAREHOUSE
3107;010302T7622;2022;"PT COLOROBBIA INDONESIA";;;;;0;MARKETING
3108;22040YB3479;2022;"PT INDOLAKTO";;;;;0;MARKETING
3109;22040YB3480;2022;"PT ASPEX KUMBONG";;;;;0;MARKETING
3110;010502T7877;2022;"PT PAPCOR ASIA PASIFIC";;;;;0;MARKETING
3112;39133;2022;"PT Piaggio Indonesia Industrial";;;;;0;MARKETING
3113;39149;2022;"PT INDOLAKTO";;;;;0;MARKETING
3114;32234;2022;"PT ICHIKOH INDONESIA";;;;;0;MARKETING
3115;32237;2022;"Reckit Benckiser Cileungsi";;;;;0;MARKETING
3116;32238;2022;"Reckit Benckiser Cileungsi";;;;;0;MARKETING
3117;32240;2022;"PT KAMADJAJA LOGISTIC";;;;;0;MARKETING
3118;32134;2022;"PT ICHIKOH INDONESIA";;;;;0;MARKETING
3119;32154;2022;"PT KALDU SARI NABATI INDONESIA";;;;;0;MARKETING
3122;35110;2022;"PT KALDU SARI NABATI INDONESIA";;;;;0;MARKETING
3123;35228;2022;"PT ICHIKOH INDONESIA";;;;;0;MARKETING
3126;35306;2022;"PT SASA INTI";;;;;0;MARKETING
3128;35199;2022;"PT KAMADJAJA LOGISTIC";;;;;0;MARKETING
3129;CT28C-51660;2022;"Reckit Benckiser Cileungsi";;;;;0;MARKETING
3131;CT28C-51658;2022;"PT CIPTA NIAGA SEMESTA";4502179559;;;;0;MARKETING
3132;34404;2022;"PT HEINZ ABC INDONESIA";;;;;0;MARKETING
3133;34458;2022;"Reckit Benckiser Cileungsi";;;;;0;MARKETING
3134;34431;2022;"PT KALDU SARI NABATI INDONESIA";;;;;0;MARKETING
3135;34405;2022;"PT KALDU SARI NABATI INDONESIA";;;;;0;MARKETING
3136;35315;2022;"PT SUGITY CREATIVES";;;;;0;MARKETING
3137;34402;2022;"PT SUGITY CREATIVES";;;;;0;MARKETING
3138;34389;2022;"Energi Sejahtera Mas";;;;;0;MARKETING
3139;35138;2022;"The Univenus";;;;;0;MARKETING
3140;34346;2023;"Sika Indonesia";;;;;0;MARKETING
3141;35170;2022;"Sika Indonesia";;;;;0;MARKETING
3142;34489;2022;"Indah Kiat Pulp and Paper";;;;;0;MARKETING
3143;34430;2022;"Pindo Deli Pulp and Paper";;;;;0;MARKETING
3144;35318;2022;"PT INDOLAKTO";;;;;0;MARKETING
3145;34369;2022;"PT INDOLAKTO";;;;;0;MARKETING
3147;34356;2022;"PT. Asahimas Flat Glass Tbk";;;;;0;MARKETING
3150;35172;2022;"INDAH KIAT PULP AND PAPER";;;;;0;WAREHOUSE
3152;516333L00020;2022;"OKI Pulp and Paper";;;;;0;MARKETING
3153;3311901589;2022;"KCC GLASS";;;;;0;MARKETING
3155;3311901981;2022;"RECKIT BENKISER";;;;;0;WAREHOUSE
3156;3311901982;2022;"PT Ultra Prima Abadi";;;;;0;MARKETING
3157;3311901983;2022;"PT SUGITY CREATIVES";;;;;0;MARKETING
3159;3311901985;2022;"Indah Kiat Pulp and Paper";;;;;0;MARKETING
3160;3311901986;2022;"PT LG Electronics Indonesia";;;;;0;MARKETING
3161;3311901987;2022;"PT LG Electronics Indonesia";;;;;0;MARKETING
3162;3311901988;2022;"Sika Indonesia";;;;;0;MARKETING
3163;3311901989;2022;"Purinusa Eka Persada";;;;;0;MARKETING
3166;131200341;2022;"Indah Kiat Pulp and Paper";;;;;0;MARKETING
3167;131200342;2022;"Indah Kiat Pulp and Paper";;;;;0;MARKETING
3168;131200343;2022;"Indah Kiat Pulp and Paper";;;;;0;MARKETING
3169;131200344;2022;"Indah Kiat Pulp and Paper";;;;;0;MARKETING
3171;010503A2007;2022;"PT YANMAR INDONESIA";;;;;0;MARKETING
3172;35434;2022;"PT SUPERNOVA FLEXIBLE PACKAGING";;;;;0;MARKETING
3173;35609;2022;"PT ASIAN ISUZU CASTING CENTER";;;;;0;MARKETING
3174;35450;2022;"PT LINFOX LOGISTICS";;;;;0;MARKETING
3175;35611;2022;"TORRECID INDONESIA";;;;;0;MARKETING
3176;35423;2022;"Fajar Paper";;;;;0;MARKETING
3177;35469;2022;"INDAH KIAT PULP AND PAPER";;;;;0;WAREHOUSE
3178;35483;2022;"INDAH KIAT PULP AND PAPER";;;;;0;WAREHOUSE
3179;35608;2022;"PT Prysmian Cables Indonesia";;;;;0;MARKETING
3180;35449;2022;"Purinusa Eka Persada";;;;;0;MARKETING
3181;35385;2022;"PT Prysmian Cables Indonesia";;;;;0;MARKETING
3183;35357;2022;"Indah Kiat Pulp and Paper";;;;;0;MARKETING
3184;35359;2022;"Indah Kiat Pulp and Paper";;;;;0;MARKETING
3185;35397;2022;"PT PAPERTECH INDONESIA";4600078212;;;;0;MARKETING
3186;32305;2022;BMJ;;;;;0;WAREHOUSE
3187;32245;2022;"Indah Kiat Pulp and Paper";;;;;0;MARKETING
3188;32296;2022;"PT ASPEX KUMBONG";;;;;0;MARKETING
3189;39675;2022;"Indah Kiat Pulp and Paper";;;;;0;MARKETING
3190;35422;2022;"Indah Kiat Pulp and Paper";;;;;0;MARKETING
3191;35576;2022;"Indah Kiat Pulp and Paper";;;;;0;MARKETING
3192;53BB00435;2022;"Indah Kiat Pulp and Paper";;;;;0;MARKETING
3193;53BB00436;2022;"Fajar Paper";;;;;0;MARKETING
3194;53BB00437;2022;"PT KAMADJAJA LOGISTIC";;;;;0;MARKETING
3197;05038DJ9477;2022;"PT SINOTRANS OVERSEAS INDONESIA";;;;;0;MARKETING
3203;05025DJ9776;2022;"PT TEKPAK INDONESIA";;;;;0;MARKETING
3207;05025DJ9781;2022;"OKI PULP AND PAPER";;;;;0;WAREHOUSE
3208;05025DJ9775;2022;"PT LG Electronics Indonesia";;;;;0;MARKETING
3211;05038DJ9478;2022;"PT BUKIT MURIA JAYA";;;;;0;MARKETING
3212;05035DJ9029;2022;"PT INDOLAKTO";;;;;0;MARKETING
3214;010553A9671;2022;"SURYA RENGO";;;;;0;WAREHOUSE
3215;010553A9672;2022;"Sika Indonesia";;;;;0;MARKETING
3216;010553A9673;2022;"Sika Indonesia";;;;;0;MARKETING
3217;39163;2022;"LX PANTOS( HLI)";;;;;0;WAREHOUSE
3218;38893;2022;"Sika Indonesia";;;;;0;MARKETING
3219;39221;2022;"Sika Indonesia";;;;;0;MARKETING
3222;32299;2022;"Indah Kiat Pulp and Paper";;;;;0;MARKETING
3223;32262;2022;"Indah Kiat Pulp and Paper";;;;;0;MARKETING
3224;32231;2022;"Indah Kiat Pulp and Paper";;;;;0;MARKETING
3225;32306;2022;"Indah Kiat Pulp and Paper";;;;;0;MARKETING
3226;32101;2022;"Pindo Deli Pulp and Paper";;;;;0;MARKETING
3227;30025;2022;"Indah Kiat Pulp and Paper";;;;;0;MARKETING
3228;29988;2022;"Indah Kiat Pulp and Paper";;;;;0;MARKETING
3229;30008;2022;"PT Prysmian Cables Indonesia";;;;;0;MARKETING
3230;30088;2022;"PT Tech Onshore MEP Prefabricatior Indonesia";;;;;0;MARKETING
3231;29994;2022;PYRSMIAN;;;;;0;WAREHOUSE
3233;010503B0002;2023;"INDAH KIAT PULP AND PAPER";;;;;0;WAREHOUSE
3234;010503B0003;2023;"PT CAHAYAPUTRA ASA KERAMIK Tbk";;;;;0;MARKETING
3235;010503A9636;2023;"PT CAHAYAPUTRA ASA KERAMIK Tbk";;;;;0;MARKETING
3236;010503A9637;2023;"Indah Kiat Pulp and Paper";;;;;0;MARKETING
3237;010503A9338;2023;"PT CAHAYAPUTRA ASA KERAMIK Tbk";;;;;0;MARKETING
3238;010503A9639;2023;"PT CAHAYAPUTRA ASA KERAMIK Tbk";;;;;0;MARKETING
3239;010503A9640;2023;"Indah Kiat Pulp and Paper";;;;;0;MARKETING
3241;010503B0004;2023;"Indah Kiat Pulp and Paper";;;;;0;MARKETING
3242;010503A9339;2023;"PT INTILOG SUKSES ABADI";;;;;0;MARKETING
3243;010503A9638;2023;"PT BRIDON";;;;;0;MARKETING
3244;010503A9999;2023;"Indah Kiat Pulp and Paper";;;;;0;MARKETING
3245;010553B0033;2023;"PT INTILOG SUKSES ABADI";;;;;0;MARKETING
3246;010553B0034;2023;"Indah Kiat Pulp and Paper";;;;;0;MARKETING
3247;010553B0035;2023;"PT INTILOG SUKSES ABADI";;;;;0;MARKETING
3248;010503B0036;2023;"Indah Kiat Pulp and Paper";;;;;0;MARKETING
3249;010553B0331;2023;"PT HEINZ ABC INDONESIA";;;;;0;MARKETING
3250;010553B0332;2022;"Indah Kiat Pulp and Paper";;;;;0;MARKETING
3251;010553B0336;2023;"Pindo Deli Pulp and Paper";;;;;0;MARKETING
3252;010553B0337;2023;"Oji Sinarmas Packaging";;;;;0;MARKETING
3254;010553B0032;2023;"INDAH KIAT PULP AND PAPER";;;;;0;WAREHOUSE
3255;010553B0333;2023;"Reckit Benckiser Cileungsi";;;;;0;MARKETING
3256;010553B0334;2023;"Reckit Benckiser Cileungsi";;;;;0;MARKETING
3257;010553B0335;2023;"Reckit Benckiser Cileungsi";;;;;0;MARKETING
3258;010553B0037;2023;"Reckit Benckiser Cileungsi";;;;;0;MARKETING
3259;010553B0338;2023;"Reckit Benckiser Cileungsi";;;;;0;MARKETING
3260;010553A9996;2023;"Reckit Benckiser Cileungsi";;;;;0;MARKETING
3261;010553A9998;2023;"Reckit Benckiser Cileungsi";;;;;0;MARKETING
3262;010703B0479;2023;"Reckit Benckiser Cileungsi";;;;;0;MARKETING
3263;39412;2022;"Reckit Benckiser Cileungsi";;;;;0;MARKETING
3267;38906;2022;"PT INTILOG SUKSES ABADI";;;;;0;MARKETING
3269;30089;2022;"PT INTILOG SUKSES ABADI";;;;;0;MARKETING
3271;39497;2022;"Indah Kiat Pulp and Paper";;;;;0;MARKETING
3272;39487;2022;"Indah Kiat Pulp and Paper";;;;;0;MARKETING
3273;39482;2022;"Indah Kiat Pulp and Paper";;;;;0;MARKETING
3274;21664;2022;"Indah Kiat Pulp and Paper";;;;;0;MARKETING
3275;58667;2022;"Indah Kiat Pulp and Paper";;;;;0;MARKETING
3277;30377;2022;"Indah Kiat Pulp and Paper";;;;;0;MARKETING
3278;30423;2022;"Indah Kiat Pulp and Paper";;;;;0;MARKETING
3279;30427;2022;"Indah Kiat Pulp and Paper";;;;;0;MARKETING
3280;30413;2022;"Indah Kiat Pulp and Paper";;;;;0;MARKETING
3281;40031;2022;"Indah Kiat Pulp and Paper";;;;;0;MARKETING
3282;40012;2022;"Indah Kiat Pulp and Paper";;;;;0;MARKETING
3283;F5004499;2023;"Indah Kiat Pulp and Paper";;;;;0;MARKETING
3284;F5004500;2023;"Indah Kiat Pulp and Paper";;;;;0;MARKETING
3285;F5004585;2023;"Indah Kiat Pulp and Paper";;;;;0;MARKETING
3286;F5002830;2023;"PT BUKIT MURIA JAYA";;;;;0;MARKETING
3287;F5002288;2023;"PT BUKIT MURIA JAYA";;;;;0;MARKETING
3288;FN987100;2023;"Indah Kiat Pulp and Paper";;;;;0;MARKETING
3289;F5002828;2023;"PT BUKIT MURIA JAYA";;;;;0;MARKETING
3290;16565;2022;"Indah Kiat Pulp and Paper";;;;;0;MARKETING
3291;16688;2022;"OKI Pulp and Paper";;;;;0;MARKETING
3294;F5002826;2022;"PT SUPERNOVA FLEXIBLE PACKAGING";;;;;0;MARKETING
3295;F5004301;2022;"Indo Bharat Rayon";;;;;0;MARKETING
3296;F5004586;2022;"PT KALDU SARI NABATI INDONESIA";;;;;0;MARKETING
3297;F5004300;2022;"PT JAKARTA SEREAL";;;;;0;MARKETING
3298;40648;2023;"PT JAKARTA SEREAL";;;;;0;MARKETING
3299;32445;2022;"Senopati Fuji Trans";;;;;0;MARKETING
3300;32398;2022;"PT NISSIN JAYA INDONESIA";;;;;0;MARKETING
3301;32449;2022;"PT CIPTA NIAGA SEMESTA";4501619672;;;;0;MARKETING
3303;32455;2022;"PT SURYA RENGO CONTAINERS";;;;;0;MARKETING
3304;17152;2022;"South Pacific Viscose";44929525;;;;0;MARKETING
3305;17142;2022;"OKI Pulp and Paper";;;;;0;MARKETING
3306;40371;2022;"OKI Pulp and Paper";;;;;0;MARKETING
3307;40349;2022;"OKI Pulp and Paper";;;;;0;MARKETING
3308;40430;2022;"PT SURYA RENGO CONTAINERS";;;;;0;MARKETING
3311;40368;2022;"PT JAKARTA SEREAL";;;;;0;MARKETING
3312;40410;2022;"PT INTILOG SUKSES ABADI";;;;;0;MARKETING
3314;68870;2022;"PT SURYA RENGO CONTAINERS";;;;;0;MARKETING
3315;68897;2022;"PT SURYA RENGO CONTAINERS";;;;;0;MARKETING
3316;68909;2022;"PT SURYA RENGO CONTAINERS";;;;;0;MARKETING
3317;68885;2022;"PT. LX Phantos Jakarta";;;;;0;MARKETING
3318;68882;2022;"PT CIPTA NIAGA SEMESTA";4501803894;;;;0;MARKETING
3319;08030JV7416;2023;"Indah Kiat Pulp and Paper";;;;;0;MARKETING
3320;08030JV7417;2023;"Indah Kiat Pulp and Paper";;;;;0;MARKETING
3321;08030JV7418;2023;"Indah Kiat Pulp and Paper";;;;;0;MARKETING
3322;08030JV7419;2023;"Indah Kiat Pulp and Paper";;;;;0;MARKETING
3323;08030JV7420;2023;"Pindo Deli Pulp and Paper";;;;;0;MARKETING
3324;08030JV7421;2023;"Pindo Deli Pulp and Paper";;;;;0;MARKETING
3325;08030JV7422;2023;"Indah Kiat Pulp and Paper";;;;;0;MARKETING
3326;08030JV7423;2023;"Indah Kiat Pulp and Paper";;;;;0;MARKETING
3327;08030JV7424;2023;"17-09-2025 FR NABATI MAJALENGKA TUKAR UNIT 3814";;;;;0;WAREHOUSE
3328;08030JV7425;2023;"PT UNILEVER INDONESIA Tbk";;;;;0;MARKETING
3329;08030JV7426;2023;"PT. Musashi Auto Part";;;;;0;MARKETING
3332;08030JV7429;2023;"Indah Kiat Pulp and Paper";;;;;0;MARKETING
3333;08030JV7430;2023;"Indah Kiat Pulp and Paper";;;;;0;MARKETING
3334;08030JV7431;2023;"Indah Kiat Pulp and Paper";;;;;0;MARKETING
3335;08030JV7432;2023;"Indah Kiat Pulp and Paper";;;;;0;MARKETING
3336;08030JV7433;2023;"Indah Kiat Pulp and Paper";;;;;0;MARKETING
3338;08030JV7435;2023;"Indah Kiat Pulp and Paper";;;;;0;MARKETING
3339;08030JV7436;2023;"Pindo Deli Pulp and Paper";;;;;0;MARKETING
3340;08030JV7437;2023;"Indah Kiat Pulp and Paper";;;;;0;MARKETING
3341;08030JV7438;2023;"Indah Kiat Pulp and Paper";;;;;0;MARKETING
3342;08030JV7439;2023;"Indah Kiat Pulp and Paper";;;;;0;MARKETING
3343;08030JV7440;2023;"Indah Kiat Pulp and Paper";;;;;0;MARKETING
3344;08030JV7441;2023;"Indah Kiat Pulp and Paper";;;;;0;MARKETING
3345;08030JV7461;2023;"Pindo Deli Pulp and Paper";;;;;0;MARKETING
3347;08030JV7444;2023;"Pindo Deli Pulp and Paper";;;;;0;MARKETING
3349;08030JV7446;2023;"Indah Kiat Pulp and Paper";;;;;0;MARKETING
3351;08030JV7448;2023;"Indah Kiat Pulp and Paper";;;;;0;MARKETING
3352;08030JV7449;2023;"Pindo Deli Pulp and Paper";;;;;0;MARKETING
3353;08030JV7450;2023;"Indah Kiat Pulp and Paper";;;;;0;MARKETING
3354;08030JV7451;2023;"Indah Kiat Pulp and Paper";;;;;0;MARKETING
3355;08030JV7452;2023;"Indah Kiat Pulp and Paper";;;;;0;MARKETING
3357;08030JV7454;2023;"Indah Kiat Pulp and Paper";;;;;0;MARKETING
3358;08030JV7455;2023;"Pindo Deli Pulp and Paper";;;;;0;MARKETING
3359;08030JV7456;2023;"Indah Kiat Pulp and Paper";;;;;0;MARKETING
3360;08030JV7457;2023;"Pindo Deli Pulp and Paper";;;;;0;MARKETING
3361;08030JV7458;2023;"Pindo Deli Pulp and Paper";;;;;0;MARKETING
3363;08030JV7460;2023;"KALDU SARI NABATI";;;;;0;WAREHOUSE
3364;08030JV7442;2023;"PT ICHIKOH INDONESIA";;;;;0;MARKETING
3366;40595;2022;PAPERTECH;;;;;0;WAREHOUSE
3367;35564;2022;"PT CIPTA NIAGA SEMESTA";4502084914;;;;0;MARKETING
3369;08030JV7463;2023;"South Pacific Viscose";44929525;;;;0;MARKETING
3371;08030JV7465;2023;"PT LG Electronics Indonesia";;;;;0;MARKETING
3372;08030JV7466;2023;"PT ILC LOGISTICS INDONESIA";;;;;0;MARKETING
3373;08030JV7467;2023;"Indo Bharat Rayon";;;;;0;MARKETING
3374;07020DK5838;2023;"Indo Bharat Rayon";;;;;0;MARKETING
3375;07020DK5839;2023;"Sika Indonesia";;;;;0;MARKETING
3376;07020DK5841;2023;"PT DAHO PNC INDONESIA";;;;;0;MARKETING
3377;07020DK5840;2023;"PT DHARMA POLIMETAL Tbk";;;;;0;MARKETING
3378;08030JV7468;2023;"PT DHARMA POLIMETAL Tbk";;;;;0;MARKETING
3379;08030JV7469;2023;"PT DHARMA POLIMETAL Tbk";;;;;0;MARKETING
3380;08030JV7470;2023;"PT DHARMA POLIMETAL Tbk";;;;;0;MARKETING
3381;07020DK5842;2023;"PT DHARMA POLIMETAL Tbk";;;;;0;MARKETING
3382;05025DK6211;2023;"PT DHARMA POLIMETAL Tbk";;;;;0;MARKETING
3383;30445;2022;Indokuat;;;;;0;MARKETING
3384;30424;2022;Indokuat;;;;;0;MARKETING
3385;30526;2022;"PT SAMUDERA LOGISTICS SERVICES";;;;;0;MARKETING
3386;XUG0300KOPCB13463;2023;"PT LINFOX LOGISTICS";;;;;0;MARKETING
3387;05025DK6212;2023;"PT LINFOX LOGISTICS";;;;;0;MARKETING
3388;XUG0300KEPCB13464;2023;"PT LINFOX LOGISTICS";;;;;0;MARKETING
3389;XUG0300KPPCB13465;2023;"PT LINFOX LOGISTICS";;;;;0;MARKETING
3390;XUG0300KJPCB13470;2023;"Reckit Benckiser Cileungsi";;;;;0;MARKETING
3391;F5004587;2023;"PT KAMADJAJA LOGISTIC";;;;;0;MARKETING
3392;FN957230;2023;"PT KAMADJAJA LOGISTIC";;;;;0;MARKETING
3393;F5004302;2023;"Reckit Benckiser Cileungsi";;;;;0;MARKETING
3394;FN957229;2023;"PT KALDU SARI NABATI INDONESIA";;;;;0;MARKETING
3395;40574;2022;"PT KALDU SARI NABATI INDONESIA";;;;;0;MARKETING
3396;40603;2022;"PT KALDU SARI NABATI INDONESIA";;;;;0;MARKETING
3397;40535;2022;"PT KAMADJAJA LOGISTIC";;;;;0;MARKETING
3398;40530;2022;"Tirta Alam Segar";4540078045;;;;0;MARKETING
3399;40543;2022;"PT ILC LOGISTICS INDONESIA";;;;;0;MARKETING
3400;40082;2022;"Indah Kiat Pulp and Paper";;;;;0;MARKETING
3401;40548;2023;"Indah Kiat Pulp and Paper";;;;;0;MARKETING
3402;40308;2022;"INDAH KIAT PULP AND PAPER";;;;;0;WAREHOUSE
3404;40286;2022;"Reckit Benckiser Cileungsi";;;;;0;MARKETING
3405;40287;2022;"Reckit Benckiser Cileungsi";;;;;0;MARKETING
3406;40304;2022;"PT ILC LOGISTICS INDONESIA";;;;;0;MARKETING
3407;40313;2022;"PT ILC LOGISTICS INDONESIA";;;;;0;MARKETING
3408;40306;2022;"PT ILC LOGISTICS INDONESIA";;;;;0;MARKETING
3409;40331;2022;"PT INGRESS INDUSTRIAL INDONESIA";;;;;0;MARKETING
3410;40183;2022;"Indah Kiat Pulp and Paper";;;;;0;MARKETING
3411;40511;2022;"PT SUPERNOVA FLEXIBLE PACKAGING";;;;;0;MARKETING
3412;40651;2023;"PT SUPERNOVA FLEXIBLE PACKAGING";;;;;0;MARKETING
3413;40525;2023;Indolakto;;;;;0;MARKETING
3414;40446;2022;Indolakto;;;;;0;MARKETING
3415;40605;2023;"PT INDOLAKTO";;;;;0;MARKETING
3416;40688;2023;"PT INDOLAKTO";;;;;0;MARKETING
3417;40539;2023;"PT INDOLAKTO";;;;;0;MARKETING
3418;32399;2022;Indokuat;;;;;0;MARKETING
3419;32341;2022;"PT KALDU SARI NABATI INDONESIA";;;;;0;MARKETING
3420;32335;2022;"PT KAMADJAJA LOGISTIC";;;;;0;MARKETING
3421;32342;2022;"PT KALDU SARI NABATI INDONESIA";;;;;0;MARKETING
3422;32353;2022;"PT KALDU SARI NABATI INDONESIA";;;;;0;MARKETING
3423;32458;2022;"PT KALDU SARI NABATI INDONESIA";;;;;0;MARKETING
3425;32442;2022;"PT KAMADJAJA LOGISTIC";;;;;0;MARKETING
3428;32336;2022;"PT KALDU SARI NABATI INDONESIA";;;;;0;MARKETING
3429;32681;2023;"PT ASIANAGRO AGUNGJAYA";;;;;0;MARKETING
3430;32692;2023;"PT KALDU SARI NABATI INDONESIA";;;;;0;MARKETING
3433;40523;2023;"PT KALDU SARI NABATI INDONESIA";;;;;0;MARKETING
3435;40047;2023;"PT KALDU SARI NABATI INDONESIA";;;;;0;MARKETING
3438;30172;2023;"PT KALDU SARI NABATI INDONESIA";;;;;0;MARKETING
3440;40639;2023;"PT KALDU SARI NABATI INDONESIA";;;;;0;MARKETING
3441;40064;2023;"PT YCH INDONESIA";23102017855;;;;0;MARKETING
3442;12475;2023;"PT KALDU SARI NABATI INDONESIA";;;;;0;MARKETING
3443;12477;2023;"PT SINOTRANS OVERSEAS INDONESIA";;;;;0;MARKETING
3444;40505;2022;"PT KALDU SARI NABATI INDONESIA";;;;;0;MARKETING
3445;40526;2023;"PT KALDU SARI NABATI INDONESIA";;;;;0;MARKETING
3446;40654;2023;"PT KALDU SARI NABATI INDONESIA";;;;;0;MARKETING
3447;40273;2022;"PT KALDU SARI NABATI INDONESIA";;;;;0;MARKETING
3449;40684;2023;"PT KAMADJAJA LOGISTIC";;;;;0;MARKETING
3451;40582;2023;"PT KALDU SARI NABATI INDONESIA";;;;;0;MARKETING
3452;32613;2023;"PT KAMADJAJA LOGISTIC";;;;;0;MARKETING
3454;40741;2023;"PT KALDU SARI NABATI INDONESIA";;;;;0;MARKETING
3455;32627;2023;"PT KAMADJAJA LOGISTIC";;;;;0;MARKETING
3457;32620;2023;"PT KAMADJAJA LOGISTIC";;;;;0;MARKETING
3461;32595;2023;"PT LINFOX LOGISTICS";;;;;0;MARKETING
3463;32674;2023;"PT KALDU SARI NABATI INDONESIA";;;;;0;MARKETING
3466;40666;2023;"PT PAPERTECH INDONESIA";4600069789;;;;0;MARKETING
3467;40865;2023;"PT PAPERTECH INDONESIA";4600069790;;;;0;MARKETING
3468;41084;2023;"PT PAPERTECH INDONESIA";4600069792;;;;0;MARKETING
3470;40578;2023;"PT KAMADJAJA LOGISTIC";;;;;0;MARKETING
3471;40848;2023;"PT KAMADJAJA LOGISTIC";;;;;0;MARKETING
3472;40825;2023;"PT KAMADJAJA LOGISTIC";;;;;0;MARKETING
3473;40847;2023;"PT KALDU SARI NABATI INDONESIA";;;;;0;MARKETING
3474;40459;2023;"PT KALDU SARI NABATI INDONESIA";;;;;0;MARKETING
3475;40555;2023;"PT KALDU SARI NABATI INDONESIA";;;;;0;MARKETING
3476;40469;2023;"PT KALDU SARI NABATI INDONESIA";;;;;0;MARKETING
3477;41033;2023;"PT KALDU SARI NABATI INDONESIA";;;;;0;MARKETING
3479;41101;2023;"PT KALDU SARI NABATI INDONESIA";;;;;0;MARKETING
3480;40855;2023;"PT KALDU SARI NABATI INDONESIA";;;;;0;MARKETING
3482;40640;2024;"PT LG Electronics Indonesia R&D";;;;;0;MARKETING
3483;41103;2023;"PT DHARMA POLIMETAL Tbk";;;;;0;MARKETING
3484;33403;2023;"PT. Musashi Auto Part";;;;;0;MARKETING
3485;33492;2023;"PT. Asahimas Flat Glass Tbk";;;;;0;MARKETING
3486;33572;2023;"PT CIPTA MORTAR UTAMA";5000015616;;;;0;MARKETING
3487;33481;2023;"PT KAMADJAJA LOGISTIC";;;;;0;MARKETING
3488;40751;2023;"PT CIPTA MORTAR UTAMA";5000014327;;;;0;MARKETING
3489;40758;2023;"PT CIPTA MORTAR UTAMA";5000007537;;;;0;MARKETING
3490;40622;2023;"PT CIPTA MORTAR UTAMA";5000014948;;;;0;MARKETING
3491;40717;2023;"PT DHL Suply Chains";;;;;0;MARKETING
3493;33469;2023;"KINO INDONESIA Tbk";;;;;0;MARKETING
3494;40834;2023;"PT KAMADJAJA LOGISTIC";;;;;0;MARKETING
3495;40491;2023;"Indah Kiat Pulp and Paper";;;;;0;MARKETING
3496;41111;2023;"Indah Kiat Pulp and Paper";;;;;0;MARKETING
3497;40518;2023;"PT PAPERTECH INDONESIA";4600069797;;;;0;MARKETING
3498;40962;2023;"Indah Kiat Pulp and Paper";;;;;0;MARKETING
3499;40654;2023;"Indah Kiat Pulp and Paper";;;;;0;MARKETING
3500;41042;2023;"Indah Kiat Pulp and Paper";;;;;0;MARKETING
3501;40557;2023;PAPERTECH;;;;;0;WAREHOUSE
3502;40542;2023;"Indah Kiat Pulp and Paper";;;;;0;MARKETING
3503;40551;2023;"Indah Kiat Pulp and Paper";;;;;0;MARKETING
3504;40559;2023;"Indah Kiat Pulp and Paper";;;;;0;MARKETING
3505;40557;2023;"Indah Kiat Pulp and Paper";;;;;0;MARKETING
3506;40588;2023;"Indah Kiat Pulp and Paper";;;;;0;MARKETING
3507;40623;2023;"Indah Kiat Pulp and Paper";;;;;0;MARKETING
3508;40637;2023;"Indah Kiat Pulp and Paper";;;;;0;MARKETING
3509;40580;2024;"Indah Kiat Pulp and Paper";;;;;0;MARKETING
3510;40562;2024;"Indah Kiat Pulp and Paper";;;;;0;MARKETING
3512;40933;2023;"Indo Bharat Rayon";;;;;0;MARKETING
3513;40397;2023;"Indo Bharat Rayon";;;;;0;MARKETING
3514;41026;2023;"Indah Kiat Pulp and Paper";;;;;0;MARKETING
3515;41046;2023;"Ultra Jaya Milk";432600129;;;;0;MARKETING
3516;41017;2023;"Indo Bharat Rayon";;;;;0;MARKETING
3517;40884;2023;"AMERTA INDAH OTSUKA";4212029724;;;;0;MARKETING
3518;40601;2023;"Indah Kiat Pulp and Paper";;;;;0;MARKETING
3519;40649;2023;"Indah Kiat Pulp and Paper";;;;;0;MARKETING
3520;35675;2023;"Indah Kiat Pulp and Paper";;;;;0;MARKETING
3521;40718;2024;"Indah Kiat Pulp and Paper";;;;;0;MARKETING
3522;41066;2023;"Indah Kiat Pulp and Paper";;;;;0;MARKETING
3523;40705;2023;"Indah Kiat Pulp and Paper";;;;;0;MARKETING
3525;40609;2023;"KONTRAK INDOFOOD JABABEKA (01-12-2025)";;;;;0;WAREHOUSE
3526;40617;2023;"Indah Kiat Pulp and Paper";;;;;0;MARKETING
3527;40636;2023;"Indah Kiat Pulp and Paper";;;;;0;MARKETING
3528;40544;2024;"Indah Kiat Pulp and Paper";;;;;0;MARKETING
3529;40569;2023;"Indah Kiat Pulp and Paper";;;;;0;MARKETING
3530;40626;2024;"Indah Kiat Pulp and Paper";;;;;0;MARKETING
3531;40585;2023;"Indah Kiat Pulp and Paper";;;;;0;MARKETING
3533;40632;2024;"PT COLOROBBIA INDONESIA";;;;;0;MARKETING
3534;40648;2023;"PT Kasmaji";;;;;0;MARKETING
3535;40466;2023;"PT INTILOG SUKSES ABADI";;;;;0;MARKETING
3536;40577;2023;"PT RESTU AGUNG NAROGONG";;;;;0;MARKETING
3537;40546;2023;"PT ASIAN ISUZU CASTING CENTER";;;;;0;MARKETING
3538;40662;2023;"PT COLOROBBIA INDONESIA";;;;;0;MARKETING
3539;40934;2023;"PT COLOROBBIA INDONESIA";;;;;0;MARKETING
3540;40256;2024;"PT PAPERTECH INDONESIA";;;;;0;MARKETING
3541;40373;2023;"PT CAHAYAPUTRA ASA KERAMIK Tbk";;;;;0;MARKETING
3543;40529;2024;"Reckit Benckiser Cileungsi";;;;;0;MARKETING
3544;40275;2023;"Indah Kiat Pulp and Paper";;;;;0;MARKETING
3545;68923;2023;"Indah Kiat Pulp and Paper";;;;;0;MARKETING
3546;68955;2023;"Indah Kiat Pulp and Paper";;;;;0;MARKETING
3547;68956;2023;"PT ICHIKOH INDONESIA";;;;;0;MARKETING
3548;68937;2023;"AMERTA INDAH OTSUKA";4212029724;;;;0;MARKETING
3549;40274;2023;"PT ILC LOGISTICS INDONESIA";;;;;0;MARKETING
3550;40255;2023;"PT CIPTA NIAGA SEMESTA";4502202050;;;;0;MARKETING
3552;40630;2023;"WEATHERFORD NAROGONG (30-06-2025)";;;;;0;WAREHOUSE
3553;30417;2023;"Pindo Deli Pulp and Paper";;;;;0;MARKETING
3554;40199;2023;"AMERTA INDAH OTSUKA";;;;;0;MARKETING
3555;40563;2023;"PT. Musashi Auto Part";;;;;0;MARKETING
3556;40297;2023;"The Univenus";;;;;0;MARKETING
3557;P21904M91145;2023;"CV SOKOBIMO INDO PERKASA";;;;;0;MARKETING
3558;P21904M91159;2023;"Indah Kiat Pulp And Paper";;;;;0;MARKETING
3560;05025DL1499;2023;"PT BUKIT MURIA JAYA";;;;;0;MARKETING
3561;40109;2023;"Sika Indonesia";;;;;0;MARKETING
3562;40094;2023;"PT SUGITY CREATIVES";;;;;0;MARKETING
3563;40137;2023;"Sika Indonesia";;;;;0;MARKETING
3564;30541;2024;"PT AUTOMOTIVE FASTENERS AOYAMA INDONESIA";;;;;0;MARKETING
3565;40388;2023;"PT ASPEX KUMBONG";;;;;0;MARKETING
3566;30058;2024;"PT COLOROBBIA INDONESIA";;;;;0;MARKETING
3567;30482;2023;"PT HEINZ ABC INDONESIA";;;;;0;MARKETING
3568;40101;2023;"PT COLOROBBIA INDONESIA";;;;;0;MARKETING
3570;40147;2023;"PT COLOROBBIA INDONESIA";;;;;0;MARKETING
3571;40129;2024;"PT CAHAYAPUTRA ASA KERAMIK Tbk";;;;;0;MARKETING
3572;30035;2023;"PT CAHAYAPUTRA ASA KERAMIK Tbk";;;;;0;MARKETING
3573;30208;2024;"PT CAHAYAPUTRA ASA KERAMIK Tbk";;;;;0;MARKETING
3574;07020DL1826;2023;"PT CAHAYAPUTRA ASA KERAMIK Tbk";;;;;0;MARKETING
3575;07020DL1827;2023;"PT PAPERTECH INDONESIA";;;;;0;MARKETING
3576;05015DL1909;2023;"PT CAHAYAPUTRA ASA KERAMIK Tbk";;;;;0;MARKETING
3577;05015DL1910;2023;"South Pacific Viscose";44967667;;;;0;MARKETING
3578;05015DL1911;2023;"South Pacific Viscose";44967667;;;;0;MARKETING
3579;050503D1135;2023;"Indah Kiat Pulp and Paper";;;;;0;MARKETING
3580;050503D1136;2023;"Indah Kiat Pulp and Paper";;;;;0;MARKETING
3581;050503D1137;2023;"South Pacific Viscose";44929525;;;;0;MARKETING
3582;050503D1134;2023;"Ultra Jaya Milk";;;;;0;MARKETING
3583;050503D1470;2023;"Cemindo Gemilang Tbk";;;;;0;MARKETING
3584;050503D1471;2023;"PT SUGITY CREATIVES";;;;;0;MARKETING
3586;30118;2024;"PT SUGITY CREATIVES";;;;;0;MARKETING
3587;40615;2023;"PT SUGITY CREATIVES";;;;;0;MARKETING
3588;40592;2024;"AMERTA INDAH OTSUKA";;;;;0;MARKETING
3589;24802;2022;"AMERTA INDAH OTSUKA";;;;;0;MARKETING
3591;30376;2022;"AMERTA INDAH OTSUKA";;;;;0;MARKETING
3592;30321;2022;"PT SASA INTI";;;;;0;MARKETING
3594;05025DL4431;2023;"Cemindo Gemilang Tbk";;;;;0;MARKETING
3595;05025DL4428;2023;"Indah Kiat Pulp and Paper";;;;;0;MARKETING
3596;05025DL4435;2023;"Indah Kiat Pulp and Paper";;;;;0;MARKETING
3597;05025DL4436;2023;"Indah Kiat Pulp and Paper";;;;;0;MARKETING
3598;05025DL4434;2023;"PT GEORG FISCHER INDONESIA";;;;;0;MARKETING
3599;05025DL4522;2023;"PT PAPERTECH INDONESIA";;;;;0;MARKETING
3600;05025DL4433;2023;"Indah Kiat Pulp and Paper";;;;;0;MARKETING
3601;05025DL4521;2023;"PT PAPERTECH INDONESIA";;;;;0;MARKETING
3602;05025DL4430;2023;"PT HEINZ ABC INDONESIA";;;;;0;MARKETING
3603;05025DL4427;2023;"PT HEINZ ABC INDONESIA";;;;;0;MARKETING
3604;05025DL4429;2023;"PT HEINZ ABC INDONESIA";;;;;0;MARKETING
3605;05025DL4432;2023;"PT ASIAN ISUZU CASTING CENTER";;;;;0;MARKETING
3606;05025DL4525;2023;"PT ASIAN ISUZU CASTING CENTER";;;;;0;MARKETING
3607;05025DL4526;2023;"PT ASIAN ISUZU CASTING CENTER";;;;;0;MARKETING
3608;05025DL4523;2023;"PT ASIAN ISUZU CASTING CENTER";;;;;0;MARKETING
3609;05025DL4528;2023;"Ultra Jaya Milk";;;;;0;MARKETING
3610;05025DL4527;2023;"Ultra Jaya Milk";;;;;0;MARKETING
3613;05025DL4533;2023;"Indo Bharat Rayon";;;;;0;MARKETING
3614;05025DL4530;2023;"PT PAPERTECH INDONESIA";;;;;0;MARKETING
3615;05025DL4534;2023;"PT ASPEX KUMBONG";;;;;0;MARKETING
3616;05025DL4531;2023;"Indah Kiat Pulp and Paper";;;;;0;MARKETING
3617;05025DL4532;2023;"PT ASIAN ISUZU CASTING CENTER";;;;;0;MARKETING
3623;010303D6319;2023;"CV SOKOBIMO INDO PERKASA";;;;;0;MARKETING
3625;010303D6321;2023;"PT Indofood";4506977779;;;;0;MARKETING
3629;010253E0871;2023;"PT. Musashi Auto Part";;;;;0;MARKETING
3630;010253E0870;2023;"PT DAHO PNC INDONESIA";;;;;0;MARKETING
3631;010253E0869;2023;"PT Indonesia Chemi-con";;;;;0;MARKETING
3633;010253E0874;2023;"Ultra Jaya Milk";;;;;0;MARKETING
3634;010253E0872;2023;"South Pacific Viscose";44929525;;;;0;MARKETING
3636;010253E1244;2023;"PT COLOROBBIA INDONESIA";;;;;0;MARKETING
3637;010253E1242;2023;"PT PAPERTECH INDONESIA";;;;;0;MARKETING
3638;010303E1208;2023;"Wira Insani";;;;;0;MARKETING
3640;010303E1210;2024;"PT SUMBER NIAGA INDUSTRI";;;;;0;MARKETING
3641;010303E0857;2023;"Purinusa Eka Persada";;;;;0;MARKETING
3643;010303E0861;2023;"PT INDOBLOCK MITRA LESTARI INDONESIA";;;;;0;MARKETING
3644;010303E1212;2023;"PT ADIRA MAKMUR ABADI";;;;;0;MARKETING
3645;010303E0862;2023;"PT INDOLAKTO";;;;;0;MARKETING
3646;010303E1206;2023;"PT INDOLAKTO";;;;;0;MARKETING
3649;010303E0860;2023;"PT HEINZ ABC INDONESIA";;;;;0;MARKETING
3653;010353E0866;2023;"Kati Kartika Murni";;;;;0;MARKETING
3654;010353E1217;2023;"PT Kasmaji";;;;;0;MARKETING
3658;010353D6325;2023;Berlina;;;;;0;MARKETING
3661;07018DL5939;2023;"PT CAHAYAPUTRA ASA KERAMIK Tbk";;;;;0;MARKETING
3662;07018DL5938;2023;"27-09-2025 FR AMBIL UNIT SAINS LOGISTIK";;;;;0;WAREHOUSE
3663;30045;2023;"PT INTILOG SUKSES ABADI";;;;;0;MARKETING
3664;30044;2023;"PT BUKIT MURIA JAYA";;;;;0;MARKETING
3665;30103;2023;"PT Bitutek";;;;;0;MARKETING
3666;40869;2023;"Ultra Jaya Milk";;;;;0;MARKETING
3667;30134;2023;"Indah Kiat Pulp And Paper";;;;;0;MARKETING
3668;30059;2023;"PT SUMBER NIAGA INDUSTRI";;;;;0;MARKETING
3669;30138;2023;"Ultra Jaya Milk";;;;;0;MARKETING
3671;30131;2023;"PT INDOBLOCK MITRA LESTARI INDONESIA";;;;;0;MARKETING
3672;30110;2023;"The Univenus";;;;;0;MARKETING
3673;98898;2023;"Ultra Jaya Milk";;;;;0;MARKETING
3674;97453;2023;"PT SURYA RENGO CONTAINERS";;;;;0;MARKETING
3675;97443;2023;"PT SURYA RENGO CONTAINERS";;;;;0;MARKETING
3676;41523;2023;"PT SUGITY CREATIVES";;;;;0;MARKETING
3677;41629;2023;"PT SUGITY CREATIVES";;;;;0;MARKETING
3678;41609;2023;"PT SUGITY CREATIVES";;;;;0;MARKETING
3679;41641;2023;"Indo Bharat Rayon";;;;;0;MARKETING
3680;41584;2023;"Indo Bharat Rayon";;;;;0;MARKETING
3683;F5011615;2023;"Indo Bharat Rayon";;;;;0;MARKETING
3684;F5011614;2023;"Indo Bharat Rayon";;;;;0;MARKETING
3686;F5011610;2023;"Ultra Jaya Milk";;;;;0;MARKETING
3687;F5011612;2023;"Wira Insani";;;;;0;MARKETING
3688;F5011616;2023;"Nusantara Parkerizing";;;;;0;MARKETING
3689;F5011609;2023;"PT SANKO GOSEI TECHNOLOGY INDONESIA";;;;;0;MARKETING
3691;F5011550;2023;"South Pacific Viscose";;;;;0;MARKETING
3692;F5011511;2023;"TORRECID INDONESIA";;;;;0;MARKETING
3694;40883;2023;"AMERTA INDAH OTSUKA";;;;;0;WAREHOUSE
3696;40889;2023;"PT SURYA RENGO CONTAINERS";;;;;0;MARKETING
3698;41403;2023;"PT SURYA RENGO CONTAINERS";;;;;0;MARKETING
3701;42279;2023;"PT SURYA RENGO CONTAINERS";;;;;0;MARKETING
3702;41412;2023;"PT SURYA RENGO CONTAINERS";;;;;0;MARKETING
3703;42140;2023;"PT SINOTRANS OVERSEAS INDONESIA";;;;;0;MARKETING
3704;41559;2023;"AMERTA INDAH OTSUKA";;;;;0;WAREHOUSE
3705;42121;2023;"PT YCH INDONESIA";23102018333;;;;0;MARKETING
3706;42119;2023;"PT DHL Suply Chains";;;;;0;MARKETING
3707;41579;2023;"South Pacific Viscose";44929525;;;;0;MARKETING
3708;42146;2023;"PT SURYA RENGO CONTAINERS";;;;;0;MARKETING
3709;42286;2023;"Tirta Alam Segar";4540078045;;;;0;MARKETING
3710;42259;2023;"PT CIPTA NIAGA SEMESTA";4502086604;;;;0;MARKETING
3711;08030JY8038;2023;"PT SURYA RENGO CONTAINERS";;;;;0;MARKETING
3713;08030JY8036;2023;"Tirta Alam Segar";4540078045;;;;0;MARKETING
3714;08030JY8033;2023;"PT. Musashi Auto Part";;;;;0;MARKETING
3715;08030JY8047;2023;"South Pacific Viscose";44929525;;;;0;MARKETING
3716;08030JY8034;2023;"KALDU SARI NABATI";;;;;0;WAREHOUSE
3717;08030JY8040;2023;"PT SUPERNOVA FLEXIBLE PACKAGING";;;;;0;MARKETING
3729;08030JY8028;2023;"PT. Asahimas Flat Glass Tbk";;;;;0;MARKETING
3730;3321800587;2023;"NON FERINDO";;;;;0;MARKETING
3731;010353E1067;2023;"Indo Bharat Rayon";;;;;0;MARKETING
3732;010353E1065;2023;"Purinusa Eka Persada";;;;;0;MARKETING
3733;010353E1066;2023;"SOUTH PACIFIC VISCOSE";;;;;0;WAREHOUSE
3734;010353E1214;2023;"Indah Kiat Pulp And Paper";;;;;0;MARKETING
3737;010303E1197;2024;"Purinusa Eka Persada";;;;;0;MARKETING
3738;010303E1198;2023;"PT SUMBER NIAGA INDUSTRI";;;;;0;MARKETING
3741;010303E0856;2023;"SOUTH PACIFIC VISCOSE";;;;;0;WAREHOUSE
3745;010303E1063;2023;"South Pacific Viscose";44967667;;;;0;MARKETING
3746;010303E0854;2023;"PT MIZUSHIMA METAL WORKS INDONESIA";;;;;0;MARKETING
3751;010303E1200;2023;"PT MIZUSHIMA METAL WORKS INDONESIA";;;;;0;MARKETING
3754;010253E1070;2023;"NON FERINDO";26000919;;;;0;MARKETING
3758;010253E1072;2023;"PT INTILOG SUKSES ABADI";;;;;0;MARKETING
3761;3321800589;2023;"PT ASIAN ISUZU CASTING CENTER";;;;;0;MARKETING
3763;3321800585;2023;"OTSUKA DISTRIBUTION";4531003793;;;;0;MARKETING
3764;3321800586;2023;"OTSUKA DISTRIBUTION";4531003792;;;;0;MARKETING
3765;3321800261;2023;"OTSUKA DISTRIBUTION";4531003783;;;;0;MARKETING
3766;3321800258;2023;"OTSUKA DISTRIBUTION";4531003791;;;;0;MARKETING
3767;3321800259;2023;"OTSUKA DISTRIBUTION";4531003652;;;;0;MARKETING
3768;3321800262;2023;"OTSUKA DISTRIBUTION";4531003650;;;;0;MARKETING
3769;3321800260;2023;"OTSUKA DISTRIBUTION";4531003648;;;;0;MARKETING
3770;1321800273;2023;"OTSUKA DISTRIBUTION";4531003784;;;;0;MARKETING
3772;1321800252;2023;"OTSUKA DISTRIBUTION";4531003654;;;;0;MARKETING
3774;1321800245;2023;"PT SANKO GOSEI TECHNOLOGY INDONESIA";;;;;0;MARKETING
3776;1321800253;2023;"PT ADIRA MAKMUR ABADI";;;;;0;MARKETING
3777;1321800251;2023;"Ultra Jaya Milk";;;;;0;MARKETING
3778;1321800244;2023;"PT SUMBER NIAGA INDUSTRI";;;;;0;MARKETING
3779;08030JY8031;2023;"PT ADIRA MAKMUR ABADI";;;;;0;MARKETING
3780;1321800243;2023;"PT INDOBLOCK MITRA LESTARI INDONESIA";;;;;0;MARKETING
3783;1321800271;2023;"PT KAMADJAJA LOGISTIC";;;;;0;MARKETING
3784;1321800269;2023;"PT KAMADJAJA LOGISTIC";;;;;0;MARKETING
3785;1321800272;2023;"PT KAMADJAJA LOGISTIC";;;;;0;MARKETING
3786;1321800268;2023;"PT KAMADJAJA LOGISTIC";;;;;0;MARKETING
3787;1321800274;2023;"PT LINFOX LOGISTICS";;;;;0;MARKETING
3788;1321800241;2023;"PT KAMADJAJA LOGISTIC";;;;;0;MARKETING
3789;1321800282;2023;"PT KAMADJAJA LOGISTIC";;;;;0;MARKETING
3790;1321800278;2023;"PT LINFOX LOGISTICS";;;;;0;MARKETING
3792;1321800280;2023;"PT KAMADJAJA LOGISTIC";;;;;0;MARKETING
3793;1321800279;2023;"OTSUKA DISTRIBUTION";4531003668;;;;0;MARKETING
3794;1321800275;2023;"OTSUKA DISTRIBUTION";4531003649;;;;0;MARKETING
3795;1321800281;2023;"OTSUKA DISTRIBUTION";4531003651;;;;0;MARKETING
3796;1321800270;2023;"OTSUKA DISTRIBUTION";4531003780;;;;0;MARKETING
3801;18116;2023;"AMERTA INDAH OTSUKA";;;;;0;MARKETING
3802;15103;2023;"AMERTA INDAH OTSUKA";;;;;0;MARKETING
3806;60672;2023;"PT. Musashi Auto Part";;;;;0;MARKETING
3807;"TIDAK ADA SN";2023;"PT. Musashi Auto Part";;;;;0;MARKETING
3809;20220500822;2023;"PT. Musashi Auto Part";;;;;0;MARKETING
3810;"TIDAK ADA SN";2023;"PT. Musashi Auto Part";;;;;0;MARKETING
3811;"TIDAK ADA SN";2023;"PT KAMADJAJA LOGISTIC";;;;;0;MARKETING
3812;42074;2023;"PT KAMADJAJA LOGISTIC";;;;;0;MARKETING
3813;42055;2023;"PT KALDU SARI NABATI INDONESIA";;;;;0;MARKETING
3814;42064;2023;"PT KALDU SARI NABATI INDONESIA";;;;;0;MARKETING
3815;41048;2023;"PT KAMADJAJA LOGISTIC";;;;;0;MARKETING
3816;41024;2023;"PT KALDU SARI NABATI INDONESIA";;;;;0;MARKETING
3817;40500;2023;"PT KALDU SARI NABATI INDONESIA";;;;;0;MARKETING
3818;40140;2023;"PT KALDU SARI NABATI INDONESIA";;;;;0;MARKETING
3819;41249;2023;"PT KALDU SARI NABATI INDONESIA";;;;;0;MARKETING
3820;40608;2023;"PT KALDU SARI NABATI INDONESIA";;;;;0;MARKETING
3821;41026;2023;"PT KALDU SARI NABATI INDONESIA";;;;;0;MARKETING
3822;40803;2024;"PT MEGMILK SNOW BRAND INDONESIA";;;;;0;MARKETING
3825;40862;2024;"PT KALDU SARI NABATI INDONESIA";;;;;0;MARKETING
3828;40709;2023;"PT KALDU SARI NABATI INDONESIA";;;;;0;MARKETING
3829;40972;2024;"PT KAMADJAJA LOGISTIC";;;;;0;MARKETING
3830;41006;2023;"Ultra Jaya Milk";;;;;0;MARKETING
3833;40894;2024;"South Pacific Viscose";44967667;;;;0;MARKETING
3834;40767;2023;"South Pacific Viscose";44967667;;;;0;MARKETING
3835;40716;2024;"South Pacific Viscose";44967667;;;;0;MARKETING
3836;40910;2024;"South Pacific Viscose";44967667;;;;0;MARKETING
3838;41681;2023;"Superior Porcelain Sukses";;;;;0;MARKETING
3839;41489;2023;"KCC GLASS";;;;;0;MARKETING
3841;41811;2025;"South Pacific Viscose";44967667;;;;0;MARKETING
3846;41714;2025;"South Pacific Viscose";44967667;;;;0;MARKETING
3848;41841;2023;"Indah Kiat Pulp And Paper";;;;;0;MARKETING
3850;41806;2025;"South Pacific Viscose";;;;;0;MARKETING
3853;010553E7645;2023;"Mulia Glass";;;;;0;MARKETING
3855;010553E7647;2023;"Mulia Glass";;;;;0;MARKETING
3856;010553E5737;2023;"Indah Kiat Pulp And Paper";;;;;0;MARKETING
3857;22040YB7456;2023;"OKI Pulp and Paper";;;;;0;MARKETING
3858;22040YB7457;2023;"PT Indofood";4506906882;;;;0;MARKETING
3859;010553E5906;2023;"OKI Pulp and Paper";;;;;0;MARKETING
3860;010553E5907;2023;"Purinusa Eka Persada";;;;;0;MARKETING
3861;010553E5908;2023;"Ultra Jaya Milk";;;;;0;MARKETING
3863;010353E2135;2023;"Ultra Jaya Milk";;;;;0;MARKETING
3865;010353E2136;2023;"STRITRANG LINGGA (20-01-2025)";;;;;0;WAREHOUSE
3867;010303E1955;2023;"ICI PAINTS";8080488987;;;;0;MARKETING
3874;010303E2127;2023;"PT Indofood";4506624446;;;;0;MARKETING
3878;010253E2142;2023;Lamipak;;;;;0;MARKETING
3879;010253E2141;2023;"PT KAMADJAJA LOGISTIC";;;;;0;MARKETING
3881;010253E2143;2023;"PT Ultra Prima Plast";;;;;0;MARKETING
3882;18510;2023;"PT ARISAMANDIRI PRATAMA";;;;;0;MARKETING
3883;18519;2023;"PT CIPTA MORTAR UTAMA";;;;;0;MARKETING
3884;18522;2023;"PT INTILOG SUKSES ABADI";;;;;0;MARKETING
3885;18523;2023;"PT LG Electronics Indonesia";;;;;0;MARKETING
3886;43013;2023;"PT Bima Inti Kertas";;;;;0;MARKETING
3887;43035;2023;"PT INTILOG SUKSES ABADI";;;;;0;MARKETING
3888;42946;2023;"AMERTA INDAH OTSUKA";;;;;0;WAREHOUSE
3889;42833;2023;"PT YCH INDONESIA";23102017202;;;;0;MARKETING
3890;42922;2023;"PT YCH INDONESIA";23102016769;;;;0;MARKETING
3891;42937;2023;"PT ARISAMANDIRI PRATAMA";;;;;0;MARKETING
3892;42772;2023;"PT JAKARTA SEREAL";;;;;0;MARKETING
3893;42759;2023;"PT JAKARTA SEREAL";;;;;0;MARKETING
3895;42738;2023;"PT YCH INDONESIA";;;;;0;MARKETING
3899;42316;2023;"PT LG Electronics Indonesia";;;;;0;MARKETING
3900;42981;2023;"PT CIPTA NIAGA SEMESTA";4501631334;;;;0;MARKETING
3901;08030JY8050;2023;"PT. Musashi Auto Part";;;;;0;MARKETING
3902;08030JY8049;2023;"Sika Indonesia";;;;;0;MARKETING
3906;08030JY8059;2023;"Sika Indonesia";;;;;0;MARKETING
3910;08030JY8056;2023;"PT KALDU SARI NABATI INDONESIA";;;;;0;MARKETING
3912;08020JY8057;2023;"AMERTA INDAH OTSUKA";;;;;0;MARKETING
3915;080207AD809;2023;"AMERTA INDAH OTSUKA";;;;;0;MARKETING
3916;10585110;2023;"AMERTA INDAH OTSUKA";;;;;0;MARKETING
3917;10585111;2023;"AMERTA INDAH OTSUKA";;;;;0;MARKETING
3918;516336M00713;2023;"AMERTA INDAH OTSUKA";;;;;0;MARKETING
3919;516336M00718;2023;"AMERTA INDAH OTSUKA";;;;;0;MARKETING
3920;516336M00719;2023;"AMERTA INDAH OTSUKA";;;;;0;MARKETING
3921;516336M00721;2023;"AMERTA INDAH OTSUKA";;;;;0;MARKETING
3922;516336M00715;2023;"PT YANMAR INDONESIA";;;;;0;MARKETING
3924;516336M00724;2023;"Purinusa Eka Persada";;;;;0;MARKETING
3926;020303F3493;2023;"The Univenus";;;;;0;MARKETING
3931;020303F3491;2023;"Purinusa Eka Persada";;;;;0;MARKETING
3934;010303F3520;2023;"Purinusa Eka Persada";;;;;0;MARKETING
3935;010553F1016;2023;"KCC GLASS";;;;;0;MARKETING
3936;010553F2784;2023;"The Univenus";;;;;0;MARKETING
3937;010553F2785;2023;"PT INDOBLOCK MITRA LESTARI INDONESIA";;;;;0;MARKETING
3938;010553F2786;2023;"PT INTILOG SUKSES ABADI";;;;;0;MARKETING
3939;010553F2783;2023;"PT YANMAR INDONESIA";;;;;0;MARKETING
3946;010303E2334;2023;"PT BEKAERT INDONESIA";;;;;0;MARKETING
3955;010303E2331;2024;"Purinusa Eka Persada";;;;;0;MARKETING
3956;010303E2332;2023;"PT SURYA RENGO CONTAINERS";;;;;0;MARKETING
3957;010303E2329;2023;"PT LG Electronics Indonesia";;;;;0;MARKETING
3958;010303E2333;2023;"PT LG Electronics Indonesia";;;;;0;MARKETING
3959;010253E2146;2023;"PT CIPTA MORTAR UTAMA";5000000827;;;;0;MARKETING
3960;010253E2145;2023;"PT ASPEX KUMBONG";;;;;0;MARKETING
3965;08030JZ9069;2023;"PT. Sritrang Lingga Indonesia";;;;;0;MARKETING
3971;08030JZ9071;2023;"South Pacific Viscose";;;;;0;MARKETING
3979;08030JZ9072;2023;"KCC GLASS";;;;;0;MARKETING
3980;08030JZ9077;2023;"OKI Pulp and Paper";;;;;0;MARKETING
3982;08030JZ9073;2023;"PT SUPERNOVA FLEXIBLE PACKAGING";;;;;0;MARKETING
3983;05030DM3704;2023;"PT BEKAERT INDONESIA";;;;;0;MARKETING
3984;05030DM3702;2023;"PT. Musashi Auto Part";;;;;0;MARKETING
3985;05030DM3705;2023;"PT. LX Phantos Jakarta";;;;;0;MARKETING
3989;CJ23114384;2023;"AMERTA INDAH OTSUKA";;;;;0;MARKETING
3990;CJ23114376;2023;"AMERTA INDAH OTSUKA";;;;;0;MARKETING
3991;CJ23114222;2023;"AMERTA INDAH OTSUKA";;;;;0;MARKETING
3992;CJ23114231;2023;"AMERTA INDAH OTSUKA";;;;;0;MARKETING
3993;CJ23114234;2023;"AMERTA INDAH OTSUKA";;;;;0;MARKETING
3994;CJ23114235;2023;"PT AUTOMOTIVE FASTENERS AOYAMA INDONESIA";;;;;0;MARKETING
3995;CJ23114237;2023;"AMERTA INDAH OTSUKA";;;;;0;MARKETING
3996;CJ23114232;2023;"PT SUPERNOVA FLEXIBLE PACKAGING";;;;;0;MARKETING
3997;CJ23114377;2023;"PT LOGISALL GLOBAL INDONESIA";;;;;0;MARKETING
4020;05050DM6697;2023;"Indah Kiat Pulp and Paper";;;;;0;MARKETING
