"id";"module";"page";"action";"subaction";"component";"key_name";"display_name";"description";"category";"is_active";"created_at";"updated_at"
"1";"marketing";"customer";"navigation";;;"marketing.customer.navigation";"Marketing - Customer - Navigation";"Access customer menu";"navigation";"1";"2025-12-12 10:18:20";"2026-03-07 05:39:48"
"2";"marketing";"customer";"index";;;"marketing.customer.index";"View Customer List";"View customer management page and list customers";"read";"1";"2025-12-12 10:18:20";"2025-12-12 10:18:20"
"3";"marketing";"customer";"create";;;"marketing.customer.create";"Marketing - Customer - Create";"Add new customer";"write";"1";"2025-12-12 10:18:20";"2026-03-07 05:39:48"
"4";"marketing";"customer";"edit";;;"marketing.customer.edit";"Marketing - Customer - Edit";"Edit customer data";"write";"1";"2025-12-12 10:18:20";"2026-03-07 05:39:48"
"5";"marketing";"customer";"delete";;;"marketing.customer.delete";"Marketing - Customer - Delete";"Delete customer";"delete";"1";"2025-12-12 10:18:20";"2026-03-07 05:39:48"
"6";"marketing";"customer";"export";;;"marketing.customer.export";"Marketing - Customer - Export";"Export customer list";"export";"1";"2025-12-12 10:18:20";"2026-03-07 05:39:48"
"7";"marketing";"customer_db";"navigation";;;"marketing.customer_db.navigation";"Customer Database Navigation";"Access to Customer Database menu";"navigation";"1";"2025-12-12 10:18:20";"2025-12-12 10:18:20"
"8";"marketing";"customer_db";"index";;;"marketing.customer_db.index";"View Customer Database";"View customer database page";"read";"1";"2025-12-12 10:18:20";"2025-12-12 10:18:20"
"9";"marketing";"customer_db";"search";;;"marketing.customer_db.search";"Search Customer Database";"Search functionality in customer database";"action";"1";"2025-12-12 10:18:20";"2025-12-12 10:18:20"
"10";"marketing";"customer_db";"export";;;"marketing.customer_db.export";"Export Customer Database";"Export customer database";"export";"1";"2025-12-12 10:18:20";"2025-12-12 10:18:20"
"11";"marketing";"quotation";"navigation";;;"marketing.quotation.navigation";"Marketing - Quotation - Navigation";"Access quotation menu";"navigation";"1";"2025-12-12 10:18:20";"2026-03-07 05:39:48"
"12";"marketing";"quotation";"index";;;"marketing.quotation.index";"View Quotations";"View quotation list and system";"read";"1";"2025-12-12 10:18:20";"2025-12-12 10:18:20"
"13";"marketing";"quotation";"create";;;"marketing.quotation.create";"Marketing - Quotation - Create";"Create new quotation";"write";"1";"2025-12-12 10:18:20";"2026-03-07 05:39:48"
"14";"marketing";"quotation";"edit";;;"marketing.quotation.edit";"Marketing - Quotation - Edit";"Edit quotation";"write";"1";"2025-12-12 10:18:20";"2026-03-07 05:39:48"
"15";"marketing";"quotation";"delete";;;"marketing.quotation.delete";"Marketing - Quotation - Delete";"Delete quotation";"delete";"1";"2025-12-12 10:18:20";"2026-03-07 05:39:48"
"16";"marketing";"quotation";"approve";;;"marketing.quotation.approve";"Marketing - Quotation - Approve";"Approve quotation";"action";"1";"2025-12-12 10:18:20";"2026-03-07 05:39:48"
"17";"marketing";"quotation";"print";;;"marketing.quotation.print";"Marketing - Quotation - Print";"Print quotation document";"action";"1";"2025-12-12 10:18:20";"2026-03-07 05:39:48"
"18";"marketing";"spk";"navigation";;;"marketing.spk.navigation";"Marketing - SPK - Navigation";"Access SPK menu";"navigation";"1";"2025-12-12 10:18:20";"2026-03-07 05:39:48"
"19";"marketing";"spk";"index";;;"marketing.spk.index";"View SPK List";"View SPK management page";"read";"1";"2025-12-12 10:18:20";"2025-12-12 10:18:20"
"20";"marketing";"spk";"create";;;"marketing.spk.create";"Marketing - SPK - Create";"Create new SPK";"write";"1";"2025-12-12 10:18:20";"2026-03-07 05:39:48"
"21";"marketing";"spk";"edit";;;"marketing.spk.edit";"Marketing - SPK - Edit";"Edit SPK";"write";"1";"2025-12-12 10:18:20";"2026-03-07 05:39:48"
"22";"marketing";"spk";"delete";;;"marketing.spk.delete";"Marketing - SPK - Delete";"Delete SPK";"delete";"1";"2025-12-12 10:18:20";"2026-03-07 05:39:48"
"23";"marketing";"spk";"close";;;"marketing.spk.close";"Close SPK";"Close completed SPK";"action";"1";"2025-12-12 10:18:20";"2025-12-12 10:18:20"
"24";"marketing";"delivery";"navigation";;;"marketing.delivery.navigation";"Delivery Instructions Navigation";"Access to Delivery Instructions menu";"navigation";"1";"2025-12-12 10:18:20";"2025-12-12 10:18:20"
"25";"marketing";"delivery";"index";;;"marketing.delivery.index";"View Delivery Instructions";"View delivery instructions page";"read";"1";"2025-12-12 10:18:20";"2025-12-12 10:18:20"
"26";"marketing";"delivery";"create";;;"marketing.delivery.create";"Create Delivery Instruction";"Create new delivery instruction";"write";"1";"2025-12-12 10:18:20";"2025-12-12 10:18:20"
"27";"marketing";"delivery";"edit";;;"marketing.delivery.edit";"Edit Delivery Instruction";"Edit delivery instruction";"write";"1";"2025-12-12 10:18:20";"2025-12-12 10:18:20"
"28";"marketing";"delivery";"print";;;"marketing.delivery.print";"Print Delivery Instruction";"Print delivery instruction";"action";"1";"2025-12-12 10:18:20";"2025-12-12 10:18:20"
"29";"service";"workorder";"navigation";;;"service.workorder.navigation";"Service - Workorder - Navigation";"Access workorder menu";"navigation";"1";"2025-12-12 10:18:20";"2026-03-07 05:39:48"
"30";"service";"workorder";"index";;;"service.workorder.index";"View Work Orders";"View work orders page";"read";"1";"2025-12-12 10:18:20";"2025-12-12 10:18:20"
"31";"service";"workorder";"create";;;"service.workorder.create";"Service - Workorder - Create";"Create new workorder";"write";"1";"2025-12-12 10:18:20";"2026-03-07 05:39:48"
"32";"service";"workorder";"edit";;;"service.workorder.edit";"Service - Workorder - Edit";"Edit workorder";"write";"1";"2025-12-12 10:18:20";"2026-03-07 05:39:48"
"33";"service";"workorder";"assign";;;"service.workorder.assign";"Assign Work Order";"Assign technician to work order";"action";"1";"2025-12-12 10:18:20";"2025-12-12 10:18:20"
"34";"service";"workorder";"complete";;;"service.workorder.complete";"Service - Workorder - Complete";"Mark workorder as completed";"action";"1";"2025-12-12 10:18:20";"2026-03-07 05:39:48"
"35";"service";"pmps";"navigation";;;"service.pmps.navigation";"Service - PMPS - Navigation";"Access PMPS menu";"navigation";"1";"2025-12-12 10:18:20";"2026-03-07 05:39:48"
"36";"service";"pmps";"index";;;"service.pmps.index";"View PMPS Schedule";"View PMPS management page";"read";"1";"2025-12-12 10:18:20";"2025-12-12 10:18:20"
"37";"service";"pmps";"create";;;"service.pmps.create";"Service - PMPS - Create";"Create PMPS schedule";"write";"1";"2025-12-12 10:18:20";"2026-03-07 05:39:48"
"38";"service";"pmps";"edit";;;"service.pmps.edit";"Service - PMPS - Edit";"Edit PMPS schedule";"write";"1";"2025-12-12 10:18:20";"2026-03-07 05:39:48"
"39";"service";"pmps";"execute";;;"service.pmps.execute";"Execute PMPS";"Execute PMPS maintenance";"action";"1";"2025-12-12 10:18:20";"2025-12-12 10:18:20"
"40";"service";"area";"navigation";;;"service.area.navigation";"Area Management Navigation";"Access to Area Management menu";"navigation";"1";"2025-12-12 10:18:20";"2025-12-12 10:18:20"
"41";"service";"area";"index";;;"service.area.index";"View Service Areas";"View area management page";"read";"1";"2025-12-12 10:18:20";"2025-12-12 10:18:20"
"42";"service";"area";"create";;;"service.area.create";"Create Service Area";"Create new service area";"write";"1";"2025-12-12 10:18:20";"2025-12-12 10:18:20"
"43";"service";"area";"edit";;;"service.area.edit";"Edit Service Area";"Edit service area";"write";"1";"2025-12-12 10:18:20";"2025-12-12 10:18:20"
"44";"service";"area";"assign_user";;;"service.area.assign_user";"Assign User to Area";"Assign user to service area";"action";"1";"2025-12-12 10:18:20";"2025-12-12 10:18:20"
"45";"service";"user";"navigation";;;"service.user.navigation";"Service User Management Navigation";"Access to Service User Management menu";"navigation";"1";"2025-12-12 10:18:20";"2025-12-12 10:18:20"
"46";"service";"user";"index";;;"service.user.index";"View Service Users";"View service user management page";"read";"1";"2025-12-12 10:18:20";"2025-12-12 10:18:20"
"47";"service";"user";"create";;;"service.user.create";"Create Service User";"Create new service user";"write";"1";"2025-12-12 10:18:20";"2025-12-12 10:18:20"
"48";"service";"user";"edit";;;"service.user.edit";"Edit Service User";"Edit service user data";"write";"1";"2025-12-12 10:18:20";"2025-12-12 10:18:20"
"49";"service";"user";"assign_area";;;"service.user.assign_area";"Assign Service Area";"Assign service area to user";"action";"1";"2025-12-12 10:18:20";"2025-12-12 10:18:20"
"50";"service";"user";"assign_branch";;;"service.user.assign_branch";"Assign Branch Access";"Assign branch access to user";"action";"1";"2025-12-12 10:18:20";"2025-12-12 10:18:20"
"51";"purchasing";"po";"navigation";;;"purchasing.po.navigation";"PO Management Navigation";"Access to PO Management menu";"navigation";"1";"2025-12-12 10:18:20";"2025-12-12 10:18:20"
"52";"purchasing";"po";"index";;;"purchasing.po.index";"View Purchase Orders";"View PO management page";"read";"1";"2025-12-12 10:18:20";"2025-12-12 10:18:20"
"53";"purchasing";"po";"create";;;"purchasing.po.create";"Create Purchase Order";"Create new purchase order";"write";"1";"2025-12-12 10:18:20";"2025-12-12 10:18:20"
"54";"purchasing";"po";"edit";;;"purchasing.po.edit";"Edit Purchase Order";"Edit purchase order";"write";"1";"2025-12-12 10:18:20";"2025-12-12 10:18:20"
"55";"purchasing";"po";"approve";;;"purchasing.po.approve";"Approve Purchase Order";"Approve purchase order";"action";"1";"2025-12-12 10:18:20";"2025-12-12 10:18:20"
"56";"purchasing";"po_sparepart";"navigation";;;"purchasing.po_sparepart.navigation";"PO Sparepart Navigation";"Access to PO Sparepart menu";"navigation";"1";"2025-12-12 10:18:20";"2025-12-12 10:18:20"
"57";"purchasing";"po_sparepart";"index";;;"purchasing.po_sparepart.index";"View Sparepart POs";"View sparepart purchase orders";"read";"1";"2025-12-12 10:18:20";"2025-12-12 10:18:20"
"58";"purchasing";"po_sparepart";"create";;;"purchasing.po_sparepart.create";"Create Sparepart PO";"Create sparepart purchase order";"write";"1";"2025-12-12 10:18:20";"2025-12-12 10:18:20"
"59";"purchasing";"supplier";"navigation";;;"purchasing.supplier.navigation";"Supplier Management Navigation";"Access to Supplier Management menu";"navigation";"1";"2025-12-12 10:18:20";"2025-12-12 10:18:20"
"60";"purchasing";"supplier";"index";;;"purchasing.supplier.index";"View Suppliers";"View supplier management page";"read";"1";"2025-12-12 10:18:20";"2025-12-12 10:18:20"
"61";"purchasing";"supplier";"create";;;"purchasing.supplier.create";"Create Supplier";"Add new supplier";"write";"1";"2025-12-12 10:18:20";"2025-12-12 10:18:20"
"62";"purchasing";"supplier";"edit";;;"purchasing.supplier.edit";"Edit Supplier";"Edit supplier information";"write";"1";"2025-12-12 10:18:20";"2025-12-12 10:18:20"
"63";"warehouse";"unit_inventory";"navigation";;;"warehouse.unit_inventory.navigation";"Warehouse - Unit Inventory - Navigation";"Access unit inventory menu";"navigation";"1";"2025-12-12 10:18:20";"2026-03-07 05:39:48"
"64";"warehouse";"unit_inventory";"index";;;"warehouse.unit_inventory.index";"View Unit Inventory";"View unit inventory page";"read";"1";"2025-12-12 10:18:20";"2025-12-12 10:18:20"
"65";"warehouse";"unit_inventory";"create";;;"warehouse.unit_inventory.create";"Warehouse - Unit Inventory - Create";"Add new unit";"write";"1";"2025-12-12 10:18:20";"2026-03-07 05:39:48"
"66";"warehouse";"unit_inventory";"edit";;;"warehouse.unit_inventory.edit";"Warehouse - Unit Inventory - Edit";"Edit unit data";"write";"1";"2025-12-12 10:18:20";"2026-03-07 05:39:48"
"67";"warehouse";"attachment_inventory";"navigation";;;"warehouse.attachment_inventory.navigation";"Warehouse - Attachment Inventory - Navigation";"Access attachment inventory menu";"navigation";"1";"2025-12-12 10:18:20";"2026-03-07 05:39:48"
"68";"warehouse";"attachment_inventory";"index";;;"warehouse.attachment_inventory.index";"View Attachment Inventory";"View attachment & battery inventory";"read";"1";"2025-12-12 10:18:20";"2025-12-12 10:18:20"
"69";"warehouse";"attachment_inventory";"create";;;"warehouse.attachment_inventory.create";"Warehouse - Attachment Inventory - Create";"Add new attachment";"write";"1";"2025-12-12 10:18:20";"2026-03-07 05:39:48"
"70";"warehouse";"sparepart_inventory";"navigation";;;"warehouse.sparepart_inventory.navigation";"Warehouse - Sparepart Inventory - Navigation";"Access sparepart inventory menu";"navigation";"1";"2025-12-12 10:18:20";"2026-03-07 05:39:48"
"71";"warehouse";"sparepart_inventory";"index";;;"warehouse.sparepart_inventory.index";"View Sparepart Inventory";"View sparepart inventory page";"read";"1";"2025-12-12 10:18:20";"2025-12-12 10:18:20"
"72";"warehouse";"sparepart_inventory";"create";;;"warehouse.sparepart_inventory.create";"Warehouse - Sparepart Inventory - Create";"Add new sparepart";"write";"1";"2025-12-12 10:18:20";"2026-03-07 05:39:48"
"73";"warehouse";"sparepart_usage";"navigation";;;"warehouse.sparepart_usage.navigation";"Warehouse - Sparepart Usage - Navigation";"Access sparepart usage menu";"navigation";"1";"2025-12-12 10:18:20";"2026-03-07 05:39:48"
"74";"warehouse";"sparepart_usage";"index";;;"warehouse.sparepart_usage.index";"View Sparepart Usage";"View sparepart usage page";"read";"1";"2025-12-12 10:18:20";"2025-12-12 10:18:20"
"75";"warehouse";"sparepart_usage";"create";;;"warehouse.sparepart_usage.create";"Warehouse - Sparepart Usage - Create";"Record sparepart usage";"write";"1";"2025-12-12 10:18:20";"2026-03-07 05:39:48"
"76";"warehouse";"sparepart_usage";"return";;;"warehouse.sparepart_usage.return";"Process Sparepart Return";"Process sparepart returns";"action";"1";"2025-12-12 10:18:20";"2025-12-12 10:18:20"
"77";"warehouse";"po_verification";"navigation";;;"warehouse.po_verification.navigation";"Warehouse - PO Verification - Navigation";"Access PO verification menu";"navigation";"1";"2025-12-12 10:18:20";"2026-03-07 05:39:48"
"78";"warehouse";"po_verification";"index";;;"warehouse.po_verification.index";"View PO Verification";"View PO verification page";"read";"1";"2025-12-12 10:18:20";"2025-12-12 10:18:20"
"79";"warehouse";"po_verification";"verify";;;"warehouse.po_verification.verify";"Verify PO Items";"Verify purchase order items";"action";"1";"2025-12-12 10:18:20";"2025-12-12 10:18:20"
"80";"warehouse";"po_verification";"approve";;;"warehouse.po_verification.approve";"Warehouse - PO Verification - Approve";"Approve PO";"action";"1";"2025-12-12 10:18:20";"2026-03-07 05:39:48"
"81";"accounting";"invoice";"navigation";;;"accounting.invoice.navigation";"Accounting - Invoice - Navigation";"Access invoice menu";"navigation";"1";"2025-12-12 10:18:20";"2026-03-07 05:39:48"
"82";"accounting";"invoice";"index";;;"accounting.invoice.index";"View Invoices";"View invoice management page";"read";"1";"2025-12-12 10:18:20";"2025-12-12 10:18:20"
"83";"accounting";"invoice";"create";;;"accounting.invoice.create";"Accounting - Invoice - Create";"Create new invoice";"write";"1";"2025-12-12 10:18:20";"2026-03-07 05:39:48"
"84";"accounting";"invoice";"edit";;;"accounting.invoice.edit";"Accounting - Invoice - Edit";"Edit invoice";"write";"1";"2025-12-12 10:18:20";"2026-03-07 05:39:48"
"85";"accounting";"invoice";"approve";;;"accounting.invoice.approve";"Accounting - Invoice - Approve";"Approve invoice";"action";"1";"2025-12-12 10:18:20";"2026-03-07 05:39:48"
"86";"accounting";"invoice";"print";;;"accounting.invoice.print";"Accounting - Invoice - Print";"Print invoice";"action";"1";"2025-12-12 10:18:20";"2026-03-07 05:39:48"
"87";"accounting";"payment";"navigation";;;"accounting.payment.navigation";"Payment Validation Navigation";"Access to Payment Validation menu";"navigation";"1";"2025-12-12 10:18:20";"2025-12-12 10:18:20"
"88";"accounting";"payment";"index";;;"accounting.payment.index";"View Payment Validation";"View payment validation page";"read";"1";"2025-12-12 10:18:20";"2025-12-12 10:18:20"
"89";"accounting";"payment";"validate";;;"accounting.payment.validate";"Validate Payment";"Validate payment transactions";"action";"1";"2025-12-12 10:18:20";"2025-12-12 10:18:20"
"90";"accounting";"payment";"approve";;;"accounting.payment.approve";"Approve Payment";"Approve validated payments";"action";"1";"2025-12-12 10:18:20";"2025-12-12 10:18:20"
"91";"accounting";"payment";"reject";;;"accounting.payment.reject";"Reject Payment";"Reject payment validation";"action";"1";"2025-12-12 10:18:20";"2025-12-12 10:18:20"
"92";"operational";"delivery";"navigation";;;"operational.delivery.navigation";"Delivery Process Navigation";"Access to Delivery Process menu";"navigation";"1";"2025-12-12 10:18:20";"2025-12-12 10:18:20"
"93";"operational";"delivery";"index";;;"operational.delivery.index";"View Delivery Process";"View delivery process page";"read";"1";"2025-12-12 10:18:20";"2025-12-12 10:18:20"
"94";"operational";"delivery";"create";;;"operational.delivery.create";"Create Delivery";"Create new delivery";"write";"1";"2025-12-12 10:18:20";"2025-12-12 10:18:20"
"95";"operational";"delivery";"dispatch";;;"operational.delivery.dispatch";"Dispatch Delivery";"Dispatch delivery for execution";"action";"1";"2025-12-12 10:18:20";"2025-12-12 10:18:20"
"96";"operational";"delivery";"track";;;"operational.delivery.track";"Track Delivery";"Track delivery status";"action";"1";"2025-12-12 10:18:20";"2025-12-12 10:18:20"
"97";"perizinan";"silo";"navigation";;;"perizinan.silo.navigation";"Perizinan - SILO - Navigation";"Access SILO permit menu";"navigation";"1";"2025-12-12 10:18:20";"2026-03-07 05:39:48"
"98";"perizinan";"silo";"index";;;"perizinan.silo.index";"View SILO Documents";"View SILO management page";"read";"1";"2025-12-12 10:18:20";"2025-12-12 10:18:20"
"99";"perizinan";"silo";"create";;;"perizinan.silo.create";"Perizinan - SILO - Create";"Create SILO permit";"write";"1";"2025-12-12 10:18:20";"2026-03-07 05:39:48"
"100";"perizinan";"silo";"edit";;;"perizinan.silo.edit";"Perizinan - SILO - Edit";"Edit SILO permit";"write";"1";"2025-12-12 10:18:20";"2026-03-07 05:39:48"
"101";"perizinan";"silo";"approve";;;"perizinan.silo.approve";"Approve SILO";"Approve SILO application";"action";"1";"2025-12-12 10:18:20";"2025-12-12 10:18:20"
"102";"perizinan";"emisi";"navigation";;;"perizinan.emisi.navigation";"EMISI Management Navigation";"Access to EMISI menu";"navigation";"1";"2025-12-12 10:18:20";"2025-12-12 10:18:20"
"103";"perizinan";"emisi";"index";;;"perizinan.emisi.index";"View EMISI Documents";"View EMISI management page";"read";"1";"2025-12-12 10:18:20";"2025-12-12 10:18:20"
"104";"perizinan";"emisi";"create";;;"perizinan.emisi.create";"Create EMISI Application";"Create new EMISI application";"write";"1";"2025-12-12 10:18:20";"2025-12-12 10:18:20"
"105";"perizinan";"emisi";"edit";;;"perizinan.emisi.edit";"Edit EMISI Application";"Edit EMISI application";"write";"1";"2025-12-12 10:18:20";"2025-12-12 10:18:20"
"106";"perizinan";"emisi";"approve";;;"perizinan.emisi.approve";"Approve EMISI";"Approve EMISI application";"action";"1";"2025-12-12 10:18:20";"2025-12-12 10:18:20"
"107";"admin";"dashboard";"navigation";;;"admin.dashboard.navigation";"Administration Navigation";"Access to Administration menu";"navigation";"1";"2025-12-12 10:18:20";"2025-12-12 10:18:20"
"108";"admin";"dashboard";"index";;;"admin.dashboard.index";"View Administration Dashboard";"View administration dashboard";"read";"1";"2025-12-12 10:18:20";"2025-12-12 10:18:20"
"109";"admin";"dashboard";"stats";;;"admin.dashboard.stats";"View System Statistics";"View system statistics and reports";"read";"1";"2025-12-12 10:18:20";"2025-12-12 10:18:20"
"110";"admin";"dashboard";"reports";;;"admin.dashboard.reports";"Generate Admin Reports";"Generate administrative reports";"action";"1";"2025-12-12 10:18:20";"2025-12-12 10:18:20"
"111";"admin";"config";"navigation";;;"admin.config.navigation";"Configuration Navigation";"Access to Configuration menu";"navigation";"1";"2025-12-12 10:18:20";"2025-12-12 10:18:20"
"112";"admin";"config";"index";;;"admin.config.index";"View Configuration";"View system configuration";"read";"1";"2025-12-12 10:18:20";"2025-12-12 10:18:20"
"113";"admin";"config";"edit";;;"admin.config.edit";"Edit Configuration";"Edit system configuration";"write";"1";"2025-12-12 10:18:20";"2025-12-12 10:18:20"
"114";"admin";"config";"backup";;;"admin.config.backup";"Backup Configuration";"Backup system configuration";"action";"1";"2025-12-12 10:18:20";"2025-12-12 10:18:20"
"115";"admin";"config";"restore";;;"admin.config.restore";"Restore Configuration";"Restore system configuration";"action";"1";"2025-12-12 10:18:20";"2025-12-12 10:18:20"
"116";"service";"user";"edit_password";NULL;NULL;"service.user.edit_password";"Edit User Password";"Can change user passwords";NULL;"1";"2025-12-12 15:32:38";"2025-12-12 15:32:38"
"117";"service";"user";"assign_permissions";NULL;NULL;"service.user.assign_permissions";"Assign User Permissions";"Can assign custom permissions to users";NULL;"1";"2025-12-12 15:32:38";"2025-12-12 15:32:38"
"118";"perizinan";"silo";"export";NULL;NULL;"perizinan.silo.export";"Perizinan - SILO - Export";"Export SILO data";"EXPORT";"1";"2026-01-27 08:49:33";"2026-03-07 05:39:48"
"119";"marketing";"operator";"navigation";NULL;NULL;"marketing.operator.navigation";"Operator Management Navigation";"Access to operator management menu";"Marketing";"1";"2026-02-16 16:03:06";"2026-02-16 16:03:06"
"120";"marketing";"operator";"view";NULL;NULL;"marketing.operator.view";"View Operator List";"View and search operator data";"Marketing";"1";"2026-02-16 16:03:06";"2026-02-16 16:03:06"
"121";"marketing";"operator";"create";NULL;NULL;"marketing.operator.create";"Create Operator";"Add new operator/driver";"Marketing";"1";"2026-02-16 16:03:06";"2026-02-16 16:03:06"
"122";"marketing";"operator";"edit";NULL;NULL;"marketing.operator.edit";"Edit Operator";"Update operator information";"Marketing";"1";"2026-02-16 16:03:06";"2026-02-16 16:03:06"
"123";"marketing";"operator";"delete";NULL;NULL;"marketing.operator.delete";"Delete Operator";"Remove operator from system";"Marketing";"1";"2026-02-16 16:03:06";"2026-02-16 16:03:06"
"124";"marketing";"operator";"assign";NULL;NULL;"marketing.operator.assign";"Assign Operator to Contract";"Assign operator to rental contracts";"Marketing";"1";"2026-02-16 16:03:06";"2026-02-16 16:03:06"
"125";"marketing";"operator";"export";NULL;NULL;"marketing.operator.export";"Export Operator Data";"Export operator list to Excel/PDF";"Marketing";"1";"2026-02-16 16:03:06";"2026-02-16 16:03:06"
"126";"admin";"users";"navigation";;;"admin.users.navigation";"Admin User Management Navigation";"Akses menu Admin User Management";"navigation";"1";"2026-02-24 02:32:09";"2026-02-24 02:32:09"
"127";"admin";"users";"view";;;"admin.users.view";"Lihat Daftar User";"Melihat daftar dan detail user (GET/read-only)";"read";"1";"2026-02-24 02:32:09";"2026-02-24 02:32:09"
"128";"admin";"users";"create";;;"admin.users.create";"Buat User Baru";"Membuat user baru (POST)";"write";"1";"2026-02-24 02:32:09";"2026-02-24 02:32:09"
"129";"admin";"users";"edit";;;"admin.users.edit";"Edit User";"Mengedit data user yang ada (PUT/PATCH)";"write";"1";"2026-02-24 02:32:09";"2026-02-24 02:32:09"
"130";"admin";"users";"delete";;;"admin.users.delete";"Hapus User";"Menghapus user dari sistem (DELETE)";"delete";"1";"2026-02-24 02:32:09";"2026-02-24 02:32:09"
"131";"admin";"users";"export";;;"admin.users.export";"Export Data User";"Export data user ke CSV/Excel";"export";"1";"2026-02-24 02:32:10";"2026-02-24 02:32:10"
"132";"admin";"users";"assign_role";;;"admin.users.assign_role";"Assign Role ke User";"Memberikan atau mencabut role dari user";"action";"1";"2026-02-24 02:32:10";"2026-02-24 02:32:10"
"133";"admin";"users";"assign_permission";;;"admin.users.assign_permission";"Assign Permission ke User";"Memberikan atau mencabut permission langsung dari user";"action";"1";"2026-02-24 02:32:10";"2026-02-24 02:32:10"
"134";"admin";"users";"view_matrix";;;"admin.users.view_matrix";"Lihat Permission Matrix";"Melihat permission matrix user (AJAX)";"read";"1";"2026-02-24 02:32:10";"2026-02-24 02:32:10"
"135";"admin";"users";"view_division_users";;;"admin.users.view_division_users";"Lihat User per Divisi";"Melihat daftar user dalam suatu divisi (AJAX)";"read";"1";"2026-02-24 02:32:10";"2026-02-24 02:32:10"
"136";"admin";"permissions";"navigation";;;"admin.permissions.navigation";"Admin Permission Management Navigation";"Akses menu Permission Management";"navigation";"1";"2026-02-24 02:32:10";"2026-02-24 02:32:10"
"137";"admin";"permissions";"view";;;"admin.permissions.view";"Lihat Daftar Permission";"Melihat daftar dan detail permission (GET)";"read";"1";"2026-02-24 02:32:10";"2026-02-24 02:32:10"
"138";"admin";"permissions";"create";;;"admin.permissions.create";"Buat Permission Baru";"Membuat permission key baru (POST)";"write";"1";"2026-02-24 02:32:10";"2026-02-24 02:32:10"
"139";"admin";"permissions";"edit";;;"admin.permissions.edit";"Edit Permission";"Mengedit permission yang ada (PUT)";"write";"1";"2026-02-24 02:32:10";"2026-02-24 02:32:10"
"140";"admin";"permissions";"delete";;;"admin.permissions.delete";"Hapus Permission";"Menghapus permission dari sistem (DELETE)";"delete";"1";"2026-02-24 02:32:10";"2026-02-24 02:32:10"
"141";"admin";"system";"view";;;"admin.system.view";"Lihat System Dashboard";"Melihat system status, metrics, dan dashboard admin";"read";"1";"2026-02-24 02:32:10";"2026-02-24 02:32:10"
"142";"admin";"system";"settings";;;"admin.system.settings";"Ubah System Settings";"Mengubah konfigurasi sistem (POST)";"write";"1";"2026-02-24 02:32:10";"2026-02-24 02:32:10"
"143";"admin";"system";"clear_cache";;;"admin.system.clear_cache";"Clear Cache";"Membersihkan cache sistem";"action";"1";"2026-02-24 02:32:10";"2026-02-24 02:32:10"
"144";"admin";"system";"clear_sessions";;;"admin.system.clear_sessions";"Clear Sessions";"Membersihkan sesi pengguna lain";"action";"1";"2026-02-24 02:32:10";"2026-02-24 02:32:10"
"145";"admin";"system";"performance_test";;;"admin.system.performance_test";"Jalankan Performance Test";"Menjalankan tes performa sistem";"action";"1";"2026-02-24 02:32:10";"2026-02-24 02:32:10"
"146";"admin";"security_audit";"view";;;"admin.security_audit.view";"Lihat Security Audit Log";"Melihat log percobaan akses ilegal";"read";"1";"2026-02-24 02:32:10";"2026-02-24 02:32:10"
"147";"admin";"security_audit";"export";;;"admin.security_audit.export";"Export Security Audit Log";"Export log keamanan ke CSV";"export";"1";"2026-02-24 02:32:10";"2026-02-24 02:32:10"
"148";"warehouse";"inventory";"view_cross_division";NULL;NULL;"warehouse.inventory.view_cross_division";"View Inventory (Cross-Division)";"View inventory across divisions - untuk divisi lain yang perlu cek ketersediaan unit";"resource";"1";"2026-02-24 03:40:46";"2026-02-24 03:40:46"
"149";"warehouse";"inventory";"manage_cross_division";NULL;NULL;"warehouse.inventory.manage_cross_division";"Manage Inventory (Cross-Division)";"Manage inventory across divisions - untuk Service yang perlu update status unit setelah maintenance";"resource";"1";"2026-02-24 03:40:46";"2026-02-24 03:40:46"
"150";"marketing";"kontrak";"view_cross_division";NULL;NULL;"marketing.kontrak.view_cross_division";"View Kontrak (Cross-Division)";"View kontrak across divisions - untuk Service, Operational, Warehouse, Accounting";"resource";"1";"2026-02-24 03:40:46";"2026-02-24 03:40:46"
"151";"service";"workorder";"view_cross_division";NULL;NULL;"service.workorder.view_cross_division";"View Work Order (Cross-Division)";"View work order across divisions - untuk Marketing, Warehouse, Accounting";"resource";"1";"2026-02-24 03:40:46";"2026-02-24 03:40:46"
"152";"purchasing";"po";"view_cross_division";NULL;NULL;"purchasing.po.view_cross_division";"View PO (Cross-Division)";"View purchase order across divisions - untuk Marketing, Warehouse, Accounting";"resource";"1";"2026-02-24 03:40:46";"2026-02-24 03:40:46"
"153";"operational";"delivery";"view_cross_division";NULL;NULL;"operational.delivery.view_cross_division";"View Delivery (Cross-Division)";"View delivery across divisions - untuk Marketing, Warehouse";"resource";"1";"2026-02-24 03:40:46";"2026-02-24 03:40:46"
"154";"accounting";"financial";"view_cross_division";NULL;NULL;"accounting.financial.view_cross_division";"View Financial (Cross-Division)";"View financial data across divisions - untuk Marketing, Service, Purchasing";"resource";"1";"2026-02-24 03:40:46";"2026-02-24 03:40:46"
"155";"dashboard";"home";"navigation";NULL;NULL;"dashboard.home.navigation";"Dashboard - Home - Navigation";"Access dashboard menu";NULL;"1";"2026-03-07 05:39:48";"2026-03-07 05:39:48"
"156";"dashboard";"home";"view";NULL;NULL;"dashboard.home.view";"Dashboard - Home - View";"View dashboard widgets";NULL;"1";"2026-03-07 05:39:48";"2026-03-07 05:39:48"
"157";"dashboard";"analytics";"navigation";NULL;NULL;"dashboard.analytics.navigation";"Dashboard - Analytics - Navigation";"Access analytics dashboard";NULL;"1";"2026-03-07 05:39:48";"2026-03-07 05:39:48"
"158";"dashboard";"analytics";"view";NULL;NULL;"dashboard.analytics.view";"Dashboard - Analytics - View";"View analytics data";NULL;"1";"2026-03-07 05:39:48";"2026-03-07 05:39:48"
"159";"dashboard";"analytics";"export";NULL;NULL;"dashboard.analytics.export";"Dashboard - Analytics - Export";"Export analytics report";NULL;"1";"2026-03-07 05:39:48";"2026-03-07 05:39:48"
"160";"marketing";"customer";"view";NULL;NULL;"marketing.customer.view";"Marketing - Customer - View";"View customer list and details";NULL;"1";"2026-03-07 05:39:48";"2026-03-07 05:39:48"
"161";"marketing";"customer";"import";NULL;NULL;"marketing.customer.import";"Marketing - Customer - Import";"Import customer data";NULL;"1";"2026-03-07 05:39:48";"2026-03-07 05:39:48"
"162";"marketing";"customer";"view_statistics";NULL;NULL;"marketing.customer.view_statistics";"Marketing - Customer - View Statistics";"View customer statistics";NULL;"1";"2026-03-07 05:39:48";"2026-03-07 05:39:48"
"168";"marketing";"quotation";"view";NULL;NULL;"marketing.quotation.view";"Marketing - Quotation - View";"View quotation list";NULL;"1";"2026-03-07 05:39:48";"2026-03-07 05:39:48"
"169";"marketing";"quotation";"reject";NULL;NULL;"marketing.quotation.reject";"Marketing - Quotation - Reject";"Reject quotation";NULL;"1";"2026-03-07 05:39:48";"2026-03-07 05:39:48"
"170";"marketing";"quotation";"convert_po";NULL;NULL;"marketing.quotation.convert_po";"Marketing - Quotation - Convert PO";"Convert quotation to PO/Contract";NULL;"1";"2026-03-07 05:39:48";"2026-03-07 05:39:48"
"171";"marketing";"quotation";"export";NULL;NULL;"marketing.quotation.export";"Marketing - Quotation - Export";"Export quotation data";NULL;"1";"2026-03-07 05:39:48";"2026-03-07 05:39:48"
"178";"marketing";"contract";"navigation";NULL;NULL;"marketing.contract.navigation";"Marketing - Contract - Navigation";"Access contract menu";NULL;"1";"2026-03-07 05:39:48";"2026-03-07 05:39:48"
"179";"marketing";"contract";"view";NULL;NULL;"marketing.contract.view";"Marketing - Contract - View";"View contract list and details";NULL;"1";"2026-03-07 05:39:48";"2026-03-07 05:39:48"
"180";"marketing";"contract";"create";NULL;NULL;"marketing.contract.create";"Marketing - Contract - Create";"Create new contract";NULL;"1";"2026-03-07 05:39:48";"2026-03-07 05:39:48"
"181";"marketing";"contract";"edit";NULL;NULL;"marketing.contract.edit";"Marketing - Contract - Edit";"Edit contract data";NULL;"1";"2026-03-07 05:39:48";"2026-03-07 05:39:48"
"182";"marketing";"contract";"delete";NULL;NULL;"marketing.contract.delete";"Marketing - Contract - Delete";"Delete contract";NULL;"1";"2026-03-07 05:39:48";"2026-03-07 05:39:48"
"183";"marketing";"contract";"renew";NULL;NULL;"marketing.contract.renew";"Marketing - Contract - Renew";"Renew contract";NULL;"1";"2026-03-07 05:39:48";"2026-03-07 05:39:48"
"184";"marketing";"contract";"terminate";NULL;NULL;"marketing.contract.terminate";"Marketing - Contract - Terminate";"Terminate contract";NULL;"1";"2026-03-07 05:39:48";"2026-03-07 05:39:48"
"185";"marketing";"contract";"export";NULL;NULL;"marketing.contract.export";"Marketing - Contract - Export";"Export contract data";NULL;"1";"2026-03-07 05:39:48";"2026-03-07 05:39:48"
"186";"marketing";"contract";"print";NULL;NULL;"marketing.contract.print";"Marketing - Contract - Print";"Print contract document";NULL;"1";"2026-03-07 05:39:48";"2026-03-07 05:39:48"
"187";"marketing";"spk";"view";NULL;NULL;"marketing.spk.view";"Marketing - SPK - View";"View SPK list";NULL;"1";"2026-03-07 05:39:48";"2026-03-07 05:39:48"
"188";"marketing";"spk";"print";NULL;NULL;"marketing.spk.print";"Marketing - SPK - Print";"Print SPK document";NULL;"1";"2026-03-07 05:39:48";"2026-03-07 05:39:48"
"189";"marketing";"spk";"export";NULL;NULL;"marketing.spk.export";"Marketing - SPK - Export";"Export SPK data";NULL;"1";"2026-03-07 05:39:48";"2026-03-07 05:39:48"
"194";"marketing";"delivery_instructions";"navigation";NULL;NULL;"marketing.delivery_instructions.navigation";"Marketing - Delivery Instructions - Navigation";"Access delivery instructions menu";NULL;"1";"2026-03-07 05:39:48";"2026-03-07 05:39:48"
"195";"marketing";"delivery_instructions";"view";NULL;NULL;"marketing.delivery_instructions.view";"Marketing - Delivery Instructions - View";"View delivery instructions";NULL;"1";"2026-03-07 05:39:48";"2026-03-07 05:39:48"
"196";"marketing";"delivery_instructions";"create";NULL;NULL;"marketing.delivery_instructions.create";"Marketing - Delivery Instructions - Create";"Create delivery instruction";NULL;"1";"2026-03-07 05:39:48";"2026-03-07 05:39:48"
"197";"marketing";"delivery_instructions";"edit";NULL;NULL;"marketing.delivery_instructions.edit";"Marketing - Delivery Instructions - Edit";"Edit delivery instruction";NULL;"1";"2026-03-07 05:39:48";"2026-03-07 05:39:48"
"198";"marketing";"delivery_instructions";"delete";NULL;NULL;"marketing.delivery_instructions.delete";"Marketing - Delivery Instructions - Delete";"Delete delivery instruction";NULL;"1";"2026-03-07 05:39:48";"2026-03-07 05:39:48"
"199";"marketing";"delivery_instructions";"print";NULL;NULL;"marketing.delivery_instructions.print";"Marketing - Delivery Instructions - Print";"Print delivery instruction";NULL;"1";"2026-03-07 05:39:48";"2026-03-07 05:39:48"
"200";"marketing";"delivery_instructions";"export";NULL;NULL;"marketing.delivery_instructions.export";"Marketing - Delivery Instructions - Export";"Export delivery instructions";NULL;"1";"2026-03-07 05:39:48";"2026-03-07 05:39:48"
"201";"service";"spk_service";"navigation";NULL;NULL;"service.spk_service.navigation";"Service - SPK Service - Navigation";"Access SPK service menu";NULL;"1";"2026-03-07 05:39:48";"2026-03-07 05:39:48"
"203";"service";"spk_service";"create";NULL;NULL;"service.spk_service.create";"Service - SPK Service - Create";"Create new SPK service";NULL;"1";"2026-03-07 05:39:48";"2026-03-07 05:39:48"
"204";"service";"spk_service";"edit";NULL;NULL;"service.spk_service.edit";"Service - SPK Service - Edit";"Edit SPK service";NULL;"1";"2026-03-07 05:39:48";"2026-03-07 05:39:48"
"205";"service";"spk_service";"delete";NULL;NULL;"service.spk_service.delete";"Service - SPK Service - Delete";"Delete SPK service";NULL;"1";"2026-03-07 05:39:48";"2026-03-07 05:39:48"
"206";"service";"spk_service";"print";NULL;NULL;"service.spk_service.print";"Service - SPK Service - Print";"Print SPK service";NULL;"1";"2026-03-07 05:39:48";"2026-03-07 05:39:48"
"207";"service";"spk_service";"export";NULL;NULL;"service.spk_service.export";"Service - SPK Service - Export";"Export SPK service data";NULL;"1";"2026-03-07 05:39:48";"2026-03-07 05:39:48"
"208";"service";"pmps";"view";NULL;NULL;"service.pmps.view";"Service - PMPS - View";"View PMPS schedule";NULL;"1";"2026-03-07 05:39:48";"2026-03-07 05:39:48"
"209";"service";"pmps";"delete";NULL;NULL;"service.pmps.delete";"Service - PMPS - Delete";"Delete PMPS schedule";NULL;"1";"2026-03-07 05:39:48";"2026-03-07 05:39:48"
"210";"service";"pmps";"complete";NULL;NULL;"service.pmps.complete";"Service - PMPS - Complete";"Mark PMPS as completed";NULL;"1";"2026-03-07 05:39:48";"2026-03-07 05:39:48"
"211";"service";"pmps";"print";NULL;NULL;"service.pmps.print";"Service - PMPS - Print";"Print PMPS report";NULL;"1";"2026-03-07 05:39:48";"2026-03-07 05:39:48"
"212";"service";"pmps";"export";NULL;NULL;"service.pmps.export";"Service - PMPS - Export";"Export PMPS data";NULL;"1";"2026-03-07 05:39:48";"2026-03-07 05:39:48"
"216";"service";"workorder";"view";NULL;NULL;"service.workorder.view";"Service - Workorder - View";"View workorder list";NULL;"1";"2026-03-07 05:39:48";"2026-03-07 05:39:48"
"217";"service";"workorder";"delete";NULL;NULL;"service.workorder.delete";"Service - Workorder - Delete";"Delete workorder";NULL;"1";"2026-03-07 05:39:48";"2026-03-07 05:39:48"
"218";"service";"workorder";"print";NULL;NULL;"service.workorder.print";"Service - Workorder - Print";"Print workorder";NULL;"1";"2026-03-07 05:39:48";"2026-03-07 05:39:48"
"219";"service";"workorder";"export";NULL;NULL;"service.workorder.export";"Service - Workorder - Export";"Export workorder data";NULL;"1";"2026-03-07 05:39:48";"2026-03-07 05:39:48"
"224";"service";"area_management";"navigation";NULL;NULL;"service.area_management.navigation";"Service - Area Management - Navigation";"Access area management menu";NULL;"1";"2026-03-07 05:39:48";"2026-03-07 05:39:48"
"225";"service";"area_management";"view";NULL;NULL;"service.area_management.view";"Service - Area Management - View";"View area list";NULL;"1";"2026-03-07 05:39:48";"2026-03-07 05:39:48"
"226";"service";"area_management";"create";NULL;NULL;"service.area_management.create";"Service - Area Management - Create";"Create new area";NULL;"1";"2026-03-07 05:39:48";"2026-03-07 05:39:48"
"227";"service";"area_management";"edit";NULL;NULL;"service.area_management.edit";"Service - Area Management - Edit";"Edit area data";NULL;"1";"2026-03-07 05:39:48";"2026-03-07 05:39:48"
"228";"service";"area_management";"delete";NULL;NULL;"service.area_management.delete";"Service - Area Management - Delete";"Delete area";NULL;"1";"2026-03-07 05:39:48";"2026-03-07 05:39:48"
"229";"service";"area_management";"assign_employee";NULL;NULL;"service.area_management.assign_employee";"Service - Area Management - Assign Employee";"Assign employee to area";NULL;"1";"2026-03-07 05:39:48";"2026-03-07 05:39:48"
"230";"service";"area_management";"export";NULL;NULL;"service.area_management.export";"Service - Area Management - Export";"Export area data";NULL;"1";"2026-03-07 05:39:48";"2026-03-07 05:39:48"
"231";"operational";"delivery_process";"navigation";NULL;NULL;"operational.delivery_process.navigation";"Operational - Delivery Process - Navigation";"Access delivery process menu";NULL;"1";"2026-03-07 05:39:48";"2026-03-07 05:39:48"
"232";"operational";"delivery_process";"view";NULL;NULL;"operational.delivery_process.view";"Operational - Delivery Process - View";"View delivery process";NULL;"1";"2026-03-07 05:39:48";"2026-03-07 05:39:48"
"233";"operational";"delivery_process";"create";NULL;NULL;"operational.delivery_process.create";"Operational - Delivery Process - Create";"Create delivery process";NULL;"1";"2026-03-07 05:39:48";"2026-03-07 05:39:48"
"234";"operational";"delivery_process";"edit";NULL;NULL;"operational.delivery_process.edit";"Operational - Delivery Process - Edit";"Edit delivery process";NULL;"1";"2026-03-07 05:39:48";"2026-03-07 05:39:48"
"235";"operational";"delivery_process";"complete";NULL;NULL;"operational.delivery_process.complete";"Operational - Delivery Process - Complete";"Mark delivery as completed";NULL;"1";"2026-03-07 05:39:48";"2026-03-07 05:39:48"
"236";"operational";"delivery_process";"print";NULL;NULL;"operational.delivery_process.print";"Operational - Delivery Process - Print";"Print delivery document";NULL;"1";"2026-03-07 05:39:48";"2026-03-07 05:39:48"
"237";"operational";"delivery_process";"export";NULL;NULL;"operational.delivery_process.export";"Operational - Delivery Process - Export";"Export delivery data";NULL;"1";"2026-03-07 05:39:48";"2026-03-07 05:39:48"
"238";"accounting";"invoice";"view";NULL;NULL;"accounting.invoice.view";"Accounting - Invoice - View";"View invoice list";NULL;"1";"2026-03-07 05:39:48";"2026-03-07 05:39:48"
"239";"accounting";"invoice";"delete";NULL;NULL;"accounting.invoice.delete";"Accounting - Invoice - Delete";"Delete invoice";NULL;"1";"2026-03-07 05:39:48";"2026-03-07 05:39:48"
"240";"accounting";"invoice";"export";NULL;NULL;"accounting.invoice.export";"Accounting - Invoice - Export";"Export invoice data";NULL;"1";"2026-03-07 05:39:48";"2026-03-07 05:39:48"
"241";"accounting";"invoice";"send_email";NULL;NULL;"accounting.invoice.send_email";"Accounting - Invoice - Send Email";"Send invoice via email";NULL;"1";"2026-03-07 05:39:48";"2026-03-07 05:39:48"
"247";"accounting";"payment_validation";"navigation";NULL;NULL;"accounting.payment_validation.navigation";"Accounting - Payment Validation - Navigation";"Access payment validation menu";NULL;"1";"2026-03-07 05:39:48";"2026-03-07 05:39:48"
"248";"accounting";"payment_validation";"view";NULL;NULL;"accounting.payment_validation.view";"Accounting - Payment Validation - View";"View payment validations";NULL;"1";"2026-03-07 05:39:48";"2026-03-07 05:39:48"
"249";"accounting";"payment_validation";"create";NULL;NULL;"accounting.payment_validation.create";"Accounting - Payment Validation - Create";"Create payment validation";NULL;"1";"2026-03-07 05:39:48";"2026-03-07 05:39:48"
"250";"accounting";"payment_validation";"edit";NULL;NULL;"accounting.payment_validation.edit";"Accounting - Payment Validation - Edit";"Edit payment validation";NULL;"1";"2026-03-07 05:39:48";"2026-03-07 05:39:48"
"251";"accounting";"payment_validation";"approve";NULL;NULL;"accounting.payment_validation.approve";"Accounting - Payment Validation - Approve";"Approve payment";NULL;"1";"2026-03-07 05:39:48";"2026-03-07 05:39:48"
"252";"accounting";"payment_validation";"reject";NULL;NULL;"accounting.payment_validation.reject";"Accounting - Payment Validation - Reject";"Reject payment";NULL;"1";"2026-03-07 05:39:48";"2026-03-07 05:39:48"
"253";"accounting";"payment_validation";"export";NULL;NULL;"accounting.payment_validation.export";"Accounting - Payment Validation - Export";"Export payment data";NULL;"1";"2026-03-07 05:39:48";"2026-03-07 05:39:48"
"254";"purchasing";"purchasing";"navigation";NULL;NULL;"purchasing.purchasing.navigation";"Purchasing - Navigation";"Access purchasing menu";NULL;"1";"2026-03-07 05:39:48";"2026-03-07 05:39:48"
"255";"purchasing";"purchasing";"view";NULL;NULL;"purchasing.purchasing.view";"Purchasing - View";"View purchasing data";NULL;"1";"2026-03-07 05:39:48";"2026-03-07 05:39:48"
"256";"purchasing";"purchasing";"create";NULL;NULL;"purchasing.purchasing.create";"Purchasing - Create";"Create new purchase";NULL;"1";"2026-03-07 05:39:48";"2026-03-07 05:39:48"
"257";"purchasing";"purchasing";"edit";NULL;NULL;"purchasing.purchasing.edit";"Purchasing - Edit";"Edit purchase";NULL;"1";"2026-03-07 05:39:48";"2026-03-07 05:39:48"
"258";"purchasing";"purchasing";"delete";NULL;NULL;"purchasing.purchasing.delete";"Purchasing - Delete";"Delete purchase";NULL;"1";"2026-03-07 05:39:48";"2026-03-07 05:39:48"
"259";"purchasing";"purchasing";"approve";NULL;NULL;"purchasing.purchasing.approve";"Purchasing - Approve";"Approve purchase";NULL;"1";"2026-03-07 05:39:48";"2026-03-07 05:39:48"
"260";"purchasing";"purchasing";"reject";NULL;NULL;"purchasing.purchasing.reject";"Purchasing - Reject";"Reject purchase";NULL;"1";"2026-03-07 05:39:48";"2026-03-07 05:39:48"
"261";"purchasing";"purchasing";"print";NULL;NULL;"purchasing.purchasing.print";"Purchasing - Print";"Print purchase document";NULL;"1";"2026-03-07 05:39:48";"2026-03-07 05:39:48"
"262";"purchasing";"purchasing";"export";NULL;NULL;"purchasing.purchasing.export";"Purchasing - Export";"Export purchasing data";NULL;"1";"2026-03-07 05:39:48";"2026-03-07 05:39:48"
"263";"warehouse";"unit_inventory";"view";NULL;NULL;"warehouse.unit_inventory.view";"Warehouse - Unit Inventory - View";"View unit inventory";NULL;"1";"2026-03-07 05:39:48";"2026-03-07 05:39:48"
"264";"warehouse";"unit_inventory";"delete";NULL;NULL;"warehouse.unit_inventory.delete";"Warehouse - Unit Inventory - Delete";"Delete unit";NULL;"1";"2026-03-07 05:39:48";"2026-03-07 05:39:48"
"265";"warehouse";"unit_inventory";"transfer";NULL;NULL;"warehouse.unit_inventory.transfer";"Warehouse - Unit Inventory - Transfer";"Transfer unit";NULL;"1";"2026-03-07 05:39:48";"2026-03-07 05:39:48"
"266";"warehouse";"unit_inventory";"print";NULL;NULL;"warehouse.unit_inventory.print";"Warehouse - Unit Inventory - Print";"Print unit report";NULL;"1";"2026-03-07 05:39:48";"2026-03-07 05:39:48"
"267";"warehouse";"unit_inventory";"export";NULL;NULL;"warehouse.unit_inventory.export";"Warehouse - Unit Inventory - Export";"Export unit inventory";NULL;"1";"2026-03-07 05:39:48";"2026-03-07 05:39:48"
"271";"warehouse";"attachment_inventory";"view";NULL;NULL;"warehouse.attachment_inventory.view";"Warehouse - Attachment Inventory - View";"View attachment inventory";NULL;"1";"2026-03-07 05:39:48";"2026-03-07 05:39:48"
"272";"warehouse";"attachment_inventory";"edit";NULL;NULL;"warehouse.attachment_inventory.edit";"Warehouse - Attachment Inventory - Edit";"Edit attachment data";NULL;"1";"2026-03-07 05:39:48";"2026-03-07 05:39:48"
"273";"warehouse";"attachment_inventory";"delete";NULL;NULL;"warehouse.attachment_inventory.delete";"Warehouse - Attachment Inventory - Delete";"Delete attachment";NULL;"1";"2026-03-07 05:39:48";"2026-03-07 05:39:48"
"274";"warehouse";"attachment_inventory";"transfer";NULL;NULL;"warehouse.attachment_inventory.transfer";"Warehouse - Attachment Inventory - Transfer";"Transfer attachment";NULL;"1";"2026-03-07 05:39:48";"2026-03-07 05:39:48"
"275";"warehouse";"attachment_inventory";"print";NULL;NULL;"warehouse.attachment_inventory.print";"Warehouse - Attachment Inventory - Print";"Print attachment report";NULL;"1";"2026-03-07 05:39:48";"2026-03-07 05:39:48"
"276";"warehouse";"attachment_inventory";"export";NULL;NULL;"warehouse.attachment_inventory.export";"Warehouse - Attachment Inventory - Export";"Export attachment inventory";NULL;"1";"2026-03-07 05:39:48";"2026-03-07 05:39:48"
"279";"warehouse";"sparepart_inventory";"view";NULL;NULL;"warehouse.sparepart_inventory.view";"Warehouse - Sparepart Inventory - View";"View sparepart inventory";NULL;"1";"2026-03-07 05:39:48";"2026-03-07 05:39:48"
"280";"warehouse";"sparepart_inventory";"edit";NULL;NULL;"warehouse.sparepart_inventory.edit";"Warehouse - Sparepart Inventory - Edit";"Edit sparepart data";NULL;"1";"2026-03-07 05:39:48";"2026-03-07 05:39:48"
"281";"warehouse";"sparepart_inventory";"delete";NULL;NULL;"warehouse.sparepart_inventory.delete";"Warehouse - Sparepart Inventory - Delete";"Delete sparepart";NULL;"1";"2026-03-07 05:39:48";"2026-03-07 05:39:48"
"282";"warehouse";"sparepart_inventory";"adjust_stock";NULL;NULL;"warehouse.sparepart_inventory.adjust_stock";"Warehouse - Sparepart Inventory - Adjust Stock";"Adjust sparepart stock";NULL;"1";"2026-03-07 05:39:48";"2026-03-07 05:39:48"
"283";"warehouse";"sparepart_inventory";"print";NULL;NULL;"warehouse.sparepart_inventory.print";"Warehouse - Sparepart Inventory - Print";"Print sparepart report";NULL;"1";"2026-03-07 05:39:48";"2026-03-07 05:39:48"
"284";"warehouse";"sparepart_inventory";"export";NULL;NULL;"warehouse.sparepart_inventory.export";"Warehouse - Sparepart Inventory - Export";"Export sparepart inventory";NULL;"1";"2026-03-07 05:39:48";"2026-03-07 05:39:48"
"287";"warehouse";"sparepart_usage";"view";NULL;NULL;"warehouse.sparepart_usage.view";"Warehouse - Sparepart Usage - View";"View sparepart usage";NULL;"1";"2026-03-07 05:39:48";"2026-03-07 05:39:48"
"288";"warehouse";"sparepart_usage";"edit";NULL;NULL;"warehouse.sparepart_usage.edit";"Warehouse - Sparepart Usage - Edit";"Edit sparepart usage";NULL;"1";"2026-03-07 05:39:48";"2026-03-07 05:39:48"
"289";"warehouse";"sparepart_usage";"delete";NULL;NULL;"warehouse.sparepart_usage.delete";"Warehouse - Sparepart Usage - Delete";"Delete sparepart usage";NULL;"1";"2026-03-07 05:39:48";"2026-03-07 05:39:48"
"290";"warehouse";"sparepart_usage";"print";NULL;NULL;"warehouse.sparepart_usage.print";"Warehouse - Sparepart Usage - Print";"Print usage report";NULL;"1";"2026-03-07 05:39:48";"2026-03-07 05:39:48"
"291";"warehouse";"sparepart_usage";"export";NULL;NULL;"warehouse.sparepart_usage.export";"Warehouse - Sparepart Usage - Export";"Export usage data";NULL;"1";"2026-03-07 05:39:48";"2026-03-07 05:39:48"
"294";"warehouse";"po_verification";"view";NULL;NULL;"warehouse.po_verification.view";"Warehouse - PO Verification - View";"View PO verification";NULL;"1";"2026-03-07 05:39:48";"2026-03-07 05:39:48"
"295";"warehouse";"po_verification";"create";NULL;NULL;"warehouse.po_verification.create";"Warehouse - PO Verification - Create";"Create PO verification";NULL;"1";"2026-03-07 05:39:48";"2026-03-07 05:39:48"
"296";"warehouse";"po_verification";"edit";NULL;NULL;"warehouse.po_verification.edit";"Warehouse - PO Verification - Edit";"Edit PO verification";NULL;"1";"2026-03-07 05:39:48";"2026-03-07 05:39:48"
"297";"warehouse";"po_verification";"reject";NULL;NULL;"warehouse.po_verification.reject";"Warehouse - PO Verification - Reject";"Reject PO";NULL;"1";"2026-03-07 05:39:48";"2026-03-07 05:39:48"
"298";"warehouse";"po_verification";"export";NULL;NULL;"warehouse.po_verification.export";"Warehouse - PO Verification - Export";"Export PO data";NULL;"1";"2026-03-07 05:39:48";"2026-03-07 05:39:48"
"301";"perizinan";"silo";"view";NULL;NULL;"perizinan.silo.view";"Perizinan - SILO - View";"View SILO permit list";NULL;"1";"2026-03-07 05:39:48";"2026-03-07 05:39:48"
"302";"perizinan";"silo";"delete";NULL;NULL;"perizinan.silo.delete";"Perizinan - SILO - Delete";"Delete SILO permit";NULL;"1";"2026-03-07 05:39:48";"2026-03-07 05:39:48"
"303";"perizinan";"silo";"renew";NULL;NULL;"perizinan.silo.renew";"Perizinan - SILO - Renew";"Renew SILO permit";NULL;"1";"2026-03-07 05:39:48";"2026-03-07 05:39:48"
"304";"perizinan";"silo";"print";NULL;NULL;"perizinan.silo.print";"Perizinan - SILO - Print";"Print SILO document";NULL;"1";"2026-03-07 05:39:48";"2026-03-07 05:39:48"
"309";"admin";"user_management";"navigation";NULL;NULL;"admin.user_management.navigation";"Admin - User Management - Navigation";"Access user management menu";NULL;"1";"2026-03-07 05:39:48";"2026-03-07 05:39:48"
"310";"admin";"user_management";"view";NULL;NULL;"admin.user_management.view";"Admin - User Management - View";"View user list";NULL;"1";"2026-03-07 05:39:48";"2026-03-07 05:39:48"
"311";"admin";"user_management";"create";NULL;NULL;"admin.user_management.create";"Admin - User Management - Create";"Create new user";NULL;"1";"2026-03-07 05:39:48";"2026-03-07 05:39:48"
"312";"admin";"user_management";"edit";NULL;NULL;"admin.user_management.edit";"Admin - User Management - Edit";"Edit user data";NULL;"1";"2026-03-07 05:39:48";"2026-03-07 05:39:48"
"313";"admin";"user_management";"delete";NULL;NULL;"admin.user_management.delete";"Admin - User Management - Delete";"Delete user";NULL;"1";"2026-03-07 05:39:48";"2026-03-07 05:39:48"
"314";"admin";"user_management";"reset_password";NULL;NULL;"admin.user_management.reset_password";"Admin - User Management - Reset Password";"Reset user password";NULL;"1";"2026-03-07 05:39:48";"2026-03-07 05:39:48"
"315";"admin";"user_management";"activate";NULL;NULL;"admin.user_management.activate";"Admin - User Management - Activate";"Activate user account";NULL;"1";"2026-03-07 05:39:48";"2026-03-07 05:39:48"
"316";"admin";"user_management";"deactivate";NULL;NULL;"admin.user_management.deactivate";"Admin - User Management - Deactivate";"Deactivate user account";NULL;"1";"2026-03-07 05:39:48";"2026-03-07 05:39:48"
"317";"admin";"role_management";"navigation";NULL;NULL;"admin.role_management.navigation";"Admin - Role Management - Navigation";"Access role management menu";NULL;"1";"2026-03-07 05:39:48";"2026-03-07 05:39:48"
"318";"admin";"role_management";"view";NULL;NULL;"admin.role_management.view";"Admin - Role Management - View";"View role list";NULL;"1";"2026-03-07 05:39:48";"2026-03-07 05:39:48"
"319";"admin";"role_management";"create";NULL;NULL;"admin.role_management.create";"Admin - Role Management - Create";"Create new role";NULL;"1";"2026-03-07 05:39:48";"2026-03-07 05:39:48"
"320";"admin";"role_management";"edit";NULL;NULL;"admin.role_management.edit";"Admin - Role Management - Edit";"Edit role data";NULL;"1";"2026-03-07 05:39:48";"2026-03-07 05:39:48"
"321";"admin";"role_management";"delete";NULL;NULL;"admin.role_management.delete";"Admin - Role Management - Delete";"Delete role";NULL;"1";"2026-03-07 05:39:48";"2026-03-07 05:39:48"
"322";"admin";"role_management";"assign_permissions";NULL;NULL;"admin.role_management.assign_permissions";"Admin - Role Management - Assign Permissions";"Assign permissions to role";NULL;"1";"2026-03-07 05:39:48";"2026-03-07 05:39:48"
"323";"admin";"role_management";"view_permissions";NULL;NULL;"admin.role_management.view_permissions";"Admin - Role Management - View Permissions";"View role permissions";NULL;"1";"2026-03-07 05:39:48";"2026-03-07 05:39:48"
"324";"admin";"role_management";"export";NULL;NULL;"admin.role_management.export";"Admin - Role Management - Export";"Export role data";NULL;"1";"2026-03-07 05:39:48";"2026-03-07 05:39:48"
"325";"admin";"permission_management";"navigation";NULL;NULL;"admin.permission_management.navigation";"Admin - Permission Management - Navigation";"Access permission management menu";NULL;"1";"2026-03-07 05:39:48";"2026-03-07 05:39:48"
"326";"admin";"permission_management";"view";NULL;NULL;"admin.permission_management.view";"Admin - Permission Management - View";"View permission list";NULL;"1";"2026-03-07 05:39:48";"2026-03-07 05:39:48"
"327";"admin";"permission_management";"create";NULL;NULL;"admin.permission_management.create";"Admin - Permission Management - Create";"Create new permission";NULL;"1";"2026-03-07 05:39:48";"2026-03-07 05:39:48"
"328";"admin";"permission_management";"edit";NULL;NULL;"admin.permission_management.edit";"Admin - Permission Management - Edit";"Edit permission";NULL;"1";"2026-03-07 05:39:48";"2026-03-07 05:39:48"
"329";"admin";"permission_management";"delete";NULL;NULL;"admin.permission_management.delete";"Admin - Permission Management - Delete";"Delete permission";NULL;"1";"2026-03-07 05:39:48";"2026-03-07 05:39:48"
"330";"admin";"permission_management";"sync";NULL;NULL;"admin.permission_management.sync";"Admin - Permission Management - Sync";"Sync permissions from code";NULL;"1";"2026-03-07 05:39:48";"2026-03-07 05:39:48"
"331";"admin";"permission_management";"export";NULL;NULL;"admin.permission_management.export";"Admin - Permission Management - Export";"Export permission data";NULL;"1";"2026-03-07 05:39:48";"2026-03-07 05:39:48"
"332";"admin";"activity_log";"navigation";NULL;NULL;"admin.activity_log.navigation";"Admin - Activity Log - Navigation";"Access activity log menu";NULL;"1";"2026-03-07 05:39:48";"2026-03-07 05:39:48"
"333";"admin";"activity_log";"view";NULL;NULL;"admin.activity_log.view";"Admin - Activity Log - View";"View activity logs";NULL;"1";"2026-03-07 05:39:48";"2026-03-07 05:39:48"
"334";"admin";"activity_log";"view_details";NULL;NULL;"admin.activity_log.view_details";"Admin - Activity Log - View Details";"View log details";NULL;"1";"2026-03-07 05:39:48";"2026-03-07 05:39:48"
"335";"admin";"activity_log";"export";NULL;NULL;"admin.activity_log.export";"Admin - Activity Log - Export";"Export activity logs";NULL;"1";"2026-03-07 05:39:48";"2026-03-07 05:39:48"
"336";"admin";"activity_log";"clean";NULL;NULL;"admin.activity_log.clean";"Admin - Activity Log - Clean";"Clean old logs";NULL;"1";"2026-03-07 05:39:48";"2026-03-07 05:39:48"
"337";"admin";"activity_log";"statistics";NULL;NULL;"admin.activity_log.statistics";"Admin - Activity Log - Statistics";"View log statistics";NULL;"1";"2026-03-07 05:39:48";"2026-03-07 05:39:48"
"338";"admin";"system_settings";"navigation";NULL;NULL;"admin.system_settings.navigation";"Admin - System Settings - Navigation";"Access system settings menu";NULL;"1";"2026-03-07 05:39:48";"2026-03-07 05:39:48"
"339";"admin";"system_settings";"view";NULL;NULL;"admin.system_settings.view";"Admin - System Settings - View";"View system settings";NULL;"1";"2026-03-07 05:39:48";"2026-03-07 05:39:48"
"340";"admin";"system_settings";"edit";NULL;NULL;"admin.system_settings.edit";"Admin - System Settings - Edit";"Edit system settings";NULL;"1";"2026-03-07 05:39:48";"2026-03-07 05:39:48"
"341";"admin";"system_settings";"backup_database";NULL;NULL;"admin.system_settings.backup_database";"Admin - System Settings - Backup Database";"Create database backup";NULL;"1";"2026-03-07 05:39:48";"2026-03-07 05:39:48"
"342";"admin";"system_settings";"optimize_database";NULL;NULL;"admin.system_settings.optimize_database";"Admin - System Settings - Optimize Database";"Optimize database";NULL;"1";"2026-03-07 05:39:48";"2026-03-07 05:39:48"
"343";"admin";"system_settings";"clear_cache";NULL;NULL;"admin.system_settings.clear_cache";"Admin - System Settings - Clear Cache";"Clear application cache";NULL;"1";"2026-03-07 05:39:48";"2026-03-07 05:39:48"
"344";"admin";"system_settings";"system_info";NULL;NULL;"admin.system_settings.system_info";"Admin - System Settings - System Info";"View system information";NULL;"1";"2026-03-07 05:39:48";"2026-03-07 05:39:48"
"345";"reports";"sales_report";"navigation";NULL;NULL;"reports.sales_report.navigation";"Reports - Sales Report - Navigation";"Access sales report";NULL;"1";"2026-03-07 05:39:48";"2026-03-07 05:39:48"
"346";"reports";"sales_report";"view";NULL;NULL;"reports.sales_report.view";"Reports - Sales Report - View";"View sales report";NULL;"1";"2026-03-07 05:39:48";"2026-03-07 05:39:48"
"347";"reports";"sales_report";"export";NULL;NULL;"reports.sales_report.export";"Reports - Sales Report - Export";"Export sales report";NULL;"1";"2026-03-07 05:39:48";"2026-03-07 05:39:48"
"348";"reports";"financial_report";"navigation";NULL;NULL;"reports.financial_report.navigation";"Reports - Financial Report - Navigation";"Access financial report";NULL;"1";"2026-03-07 05:39:48";"2026-03-07 05:39:48"
"349";"reports";"financial_report";"view";NULL;NULL;"reports.financial_report.view";"Reports - Financial Report - View";"View financial report";NULL;"1";"2026-03-07 05:39:48";"2026-03-07 05:39:48"
"350";"reports";"financial_report";"export";NULL;NULL;"reports.financial_report.export";"Reports - Financial Report - Export";"Export financial report";NULL;"1";"2026-03-07 05:39:48";"2026-03-07 05:39:48"
"351";"reports";"inventory_report";"navigation";NULL;NULL;"reports.inventory_report.navigation";"Reports - Inventory Report - Navigation";"Access inventory report";NULL;"1";"2026-03-07 05:39:48";"2026-03-07 05:39:48"
"352";"reports";"inventory_report";"view";NULL;NULL;"reports.inventory_report.view";"Reports - Inventory Report - View";"View inventory report";NULL;"1";"2026-03-07 05:39:48";"2026-03-07 05:39:48"
"353";"reports";"inventory_report";"export";NULL;NULL;"reports.inventory_report.export";"Reports - Inventory Report - Export";"Export inventory report";NULL;"1";"2026-03-07 05:39:48";"2026-03-07 05:39:48"
"354";"reports";"custom_report";"create";NULL;NULL;"reports.custom_report.create";"Reports - Custom Report - Create";"Create custom report";NULL;"1";"2026-03-07 05:39:48";"2026-03-07 05:39:48"
"355";"marketing";"audit_approval";"navigation";NULL;NULL;"marketing.audit_approval.navigation";"Marketing - Audit Approval - Navigation";"Access audit approval menu";NULL;"1";"2026-03-07 05:39:48";"2026-03-07 05:39:48"
"356";"marketing";"audit_approval";"view";NULL;NULL;"marketing.audit_approval.view";"Marketing - Audit Approval - View";"View audit approval requests";NULL;"1";"2026-03-07 05:39:48";"2026-03-07 05:39:48"
"357";"marketing";"audit_approval";"approve";NULL;NULL;"marketing.audit_approval.approve";"Marketing - Audit Approval - Approve";"Approve audit requests";NULL;"1";"2026-03-07 05:39:48";"2026-03-07 05:39:48"
"358";"marketing";"audit_approval";"reject";NULL;NULL;"marketing.audit_approval.reject";"Marketing - Audit Approval - Reject";"Reject audit requests";NULL;"1";"2026-03-07 05:39:48";"2026-03-07 05:39:48"
"359";"marketing";"audit_approval";"export";NULL;NULL;"marketing.audit_approval.export";"Marketing - Audit Approval - Export";"Export audit approval data";NULL;"1";"2026-03-07 05:39:48";"2026-03-07 05:39:48"
"360";"service";"unit_audit";"navigation";NULL;NULL;"service.unit_audit.navigation";"Service - Unit Audit - Navigation";"Access unit audit menu";NULL;"1";"2026-03-07 05:39:48";"2026-03-07 05:39:48"
"361";"service";"unit_audit";"view";NULL;NULL;"service.unit_audit.view";"Service - Unit Audit - View";"View unit audit list";NULL;"1";"2026-03-07 05:39:48";"2026-03-07 05:39:48"
"362";"service";"unit_audit";"create";NULL;NULL;"service.unit_audit.create";"Service - Unit Audit - Create";"Create unit audit request";NULL;"1";"2026-03-07 05:39:48";"2026-03-07 05:39:48"
"363";"service";"unit_audit";"edit";NULL;NULL;"service.unit_audit.edit";"Service - Unit Audit - Edit";"Edit unit audit request";NULL;"1";"2026-03-07 05:39:48";"2026-03-07 05:39:48"
"364";"service";"unit_audit";"submit";NULL;NULL;"service.unit_audit.submit";"Service - Unit Audit - Submit";"Submit audit for approval";NULL;"1";"2026-03-07 05:39:48";"2026-03-07 05:39:48"
"365";"service";"unit_audit";"delete";NULL;NULL;"service.unit_audit.delete";"Service - Unit Audit - Delete";"Delete unit audit request";NULL;"1";"2026-03-07 05:39:48";"2026-03-07 05:39:48"
"366";"service";"unit_audit";"export";NULL;NULL;"service.unit_audit.export";"Service - Unit Audit - Export";"Export unit audit data";NULL;"1";"2026-03-07 05:39:48";"2026-03-07 05:39:48"
"367";"warehouse";"movements";"navigation";NULL;NULL;"warehouse.movements.navigation";"Warehouse - Surat Jalan - Navigation";"Access surat jalan menu";NULL;"1";"2026-03-07 05:39:48";"2026-03-07 05:39:48"
"368";"warehouse";"movements";"view";NULL;NULL;"warehouse.movements.view";"Warehouse - Surat Jalan - View";"View surat jalan list";NULL;"1";"2026-03-07 05:39:48";"2026-03-07 05:39:48"
"369";"warehouse";"movements";"create";NULL;NULL;"warehouse.movements.create";"Warehouse - Surat Jalan - Create";"Create new surat jalan";NULL;"1";"2026-03-07 05:39:48";"2026-03-07 05:39:48"
"370";"warehouse";"movements";"edit";NULL;NULL;"warehouse.movements.edit";"Warehouse - Surat Jalan - Edit";"Edit surat jalan";NULL;"1";"2026-03-07 05:39:48";"2026-03-07 05:39:48"
"371";"warehouse";"movements";"confirm_departure";NULL;NULL;"warehouse.movements.confirm_departure";"Warehouse - Surat Jalan - Confirm Departure";"Confirm unit departure";NULL;"1";"2026-03-07 05:39:48";"2026-03-07 05:39:48"
"372";"warehouse";"movements";"confirm_arrival";NULL;NULL;"warehouse.movements.confirm_arrival";"Warehouse - Surat Jalan - Confirm Arrival";"Confirm unit arrival";NULL;"1";"2026-03-07 05:39:48";"2026-03-07 05:39:48"
"373";"warehouse";"movements";"cancel";NULL;NULL;"warehouse.movements.cancel";"Warehouse - Surat Jalan - Cancel";"Cancel surat jalan";NULL;"1";"2026-03-07 05:39:48";"2026-03-07 05:39:48"
"374";"warehouse";"movements";"print";NULL;NULL;"warehouse.movements.print";"Warehouse - Surat Jalan - Print";"Print surat jalan document";NULL;"1";"2026-03-07 05:39:48";"2026-03-07 05:39:48"
"375";"warehouse";"movements";"export";NULL;NULL;"warehouse.movements.export";"Warehouse - Surat Jalan - Export";"Export movement data";NULL;"1";"2026-03-07 05:39:48";"2026-03-07 05:39:48"
"376";"marketing";"kontrak";"navigation";NULL;NULL;"marketing.kontrak.navigation";"Marketing - Kontrak - Navigation";"Access to Kontrak management menu";"navigation";"1";"2026-03-13 03:05:51";"2026-03-13 03:05:51"
"377";"marketing";"kontrak";"view";NULL;NULL;"marketing.kontrak.view";"Marketing - Kontrak - View";"View kontrak list";"read";"1";"2026-03-13 03:05:51";"2026-03-13 03:05:51"
"378";"marketing";"kontrak";"create";NULL;NULL;"marketing.kontrak.create";"Marketing - Kontrak - Create";"Create new kontrak";"write";"1";"2026-03-13 03:05:51";"2026-03-13 03:05:51"
"379";"marketing";"kontrak";"edit";NULL;NULL;"marketing.kontrak.edit";"Marketing - Kontrak - Edit";"Edit kontrak data";"write";"1";"2026-03-13 03:05:51";"2026-03-13 03:05:51"
"380";"marketing";"kontrak";"delete";NULL;NULL;"marketing.kontrak.delete";"Marketing - Kontrak - Delete";"Delete kontrak";"delete";"1";"2026-03-13 03:05:51";"2026-03-13 03:05:51"
"381";"marketing";"kontrak";"approve";NULL;NULL;"marketing.kontrak.approve";"Marketing - Kontrak - Approve";"Approve kontrak";"action";"1";"2026-03-13 03:05:51";"2026-03-13 03:05:51"
"382";"marketing";"kontrak";"print";NULL;NULL;"marketing.kontrak.print";"Marketing - Kontrak - Print";"Print kontrak document";"action";"1";"2026-03-13 03:05:51";"2026-03-13 03:05:51"
"383";"marketing";"kontrak";"export";NULL;NULL;"marketing.kontrak.export";"Marketing - Kontrak - Export";"Export kontrak data";"export";"1";"2026-03-13 03:05:51";"2026-03-13 03:05:51"
"384";"operational";"temporary_units_report";"navigation";NULL;NULL;"operational.temporary_units_report.navigation";"Operational - Temporary Units Report - Navigation";"Access to Temporary Units Report";"navigation";"1";"2026-03-13 03:05:51";"2026-03-13 03:05:51"
"385";"operational";"temporary_units_report";"view";NULL;NULL;"operational.temporary_units_report.view";"Operational - Temporary Units Report - View";"View temporary units tracking report";"read";"1";"2026-03-13 03:05:51";"2026-03-13 03:05:51"
"386";"operational";"temporary_units_report";"export";NULL;NULL;"operational.temporary_units_report.export";"Operational - Temporary Units Report - Export";"Export temporary units data";"export";"1";"2026-03-13 03:05:51";"2026-03-13 03:05:51"
"396";"master_data";"index";"view";NULL;NULL;"view_master_data";"View Master Data Center";"Akses halaman Master Data terpusat";"navigation";"1";"2026-03-27 08:52:13";"2026-03-27 08:52:13"
"397";"master_data";"index";"navigation";NULL;NULL;"master_data.index.navigation";"Master Data Navigation";"Menampilkan menu Master Data";"navigation";"1";"2026-03-27 08:52:13";"2026-03-27 08:52:13"
"398";"master_data";"departemen";"view";NULL;NULL;"master_data.departemen.view";"Master Data Departemen - View";"Lihat data departemen";"read";"1";"2026-03-27 08:52:13";"2026-03-27 08:52:13"
"399";"master_data";"departemen";"create";NULL;NULL;"master_data.departemen.create";"Master Data Departemen - Create";"Tambah data departemen";"write";"1";"2026-03-27 08:52:13";"2026-03-27 08:52:13"
"400";"master_data";"departemen";"update";NULL;NULL;"master_data.departemen.update";"Master Data Departemen - Update";"Ubah data departemen";"write";"1";"2026-03-27 08:52:13";"2026-03-27 08:52:13"
"401";"master_data";"departemen";"delete";NULL;NULL;"master_data.departemen.delete";"Master Data Departemen - Delete";"Hapus data departemen";"delete";"1";"2026-03-27 08:52:13";"2026-03-27 08:52:13"
"402";"master_data";"tipe_unit";"view";NULL;NULL;"master_data.tipe_unit.view";"Master Data Tipe Unit - View";"Lihat data tipe unit";"read";"1";"2026-03-27 08:52:13";"2026-03-27 08:52:13"
"403";"master_data";"tipe_unit";"create";NULL;NULL;"master_data.tipe_unit.create";"Master Data Tipe Unit - Create";"Tambah data tipe unit";"write";"1";"2026-03-27 08:52:13";"2026-03-27 08:52:13"
"404";"master_data";"tipe_unit";"update";NULL;NULL;"master_data.tipe_unit.update";"Master Data Tipe Unit - Update";"Ubah data tipe unit";"write";"1";"2026-03-27 08:52:13";"2026-03-27 08:52:13"
"405";"master_data";"tipe_unit";"delete";NULL;NULL;"master_data.tipe_unit.delete";"Master Data Tipe Unit - Delete";"Hapus data tipe unit";"delete";"1";"2026-03-27 08:52:13";"2026-03-27 08:52:13"
"406";"master_data";"jenis_unit";"view";NULL;NULL;"master_data.jenis_unit.view";"Master Data Jenis Unit - View";"Lihat data jenis unit";"read";"1";"2026-03-27 08:52:13";"2026-03-27 08:52:13"
"407";"master_data";"jenis_unit";"create";NULL;NULL;"master_data.jenis_unit.create";"Master Data Jenis Unit - Create";"Tambah data jenis unit";"write";"1";"2026-03-27 08:52:13";"2026-03-27 08:52:13"
"408";"master_data";"jenis_unit";"update";NULL;NULL;"master_data.jenis_unit.update";"Master Data Jenis Unit - Update";"Ubah data jenis unit";"write";"1";"2026-03-27 08:52:13";"2026-03-27 08:52:13"
"409";"master_data";"jenis_unit";"delete";NULL;NULL;"master_data.jenis_unit.delete";"Master Data Jenis Unit - Delete";"Hapus data jenis unit";"delete";"1";"2026-03-27 08:52:13";"2026-03-27 08:52:13"
"410";"master_data";"model_unit";"view";NULL;NULL;"master_data.model_unit.view";"Master Data Model Unit - View";"Lihat data model unit";"read";"1";"2026-03-27 08:52:13";"2026-03-27 08:52:13"
"411";"master_data";"model_unit";"create";NULL;NULL;"master_data.model_unit.create";"Master Data Model Unit - Create";"Tambah data model unit";"write";"1";"2026-03-27 08:52:13";"2026-03-27 08:52:13"
"412";"master_data";"model_unit";"update";NULL;NULL;"master_data.model_unit.update";"Master Data Model Unit - Update";"Ubah data model unit";"write";"1";"2026-03-27 08:52:13";"2026-03-27 08:52:13"
"413";"master_data";"model_unit";"delete";NULL;NULL;"master_data.model_unit.delete";"Master Data Model Unit - Delete";"Hapus data model unit";"delete";"1";"2026-03-27 08:52:13";"2026-03-27 08:52:13"
"414";"master_data";"kapasitas";"view";NULL;NULL;"master_data.kapasitas.view";"Master Data Kapasitas - View";"Lihat data kapasitas";"read";"1";"2026-03-27 08:52:13";"2026-03-27 08:52:13"
"415";"master_data";"kapasitas";"create";NULL;NULL;"master_data.kapasitas.create";"Master Data Kapasitas - Create";"Tambah data kapasitas";"write";"1";"2026-03-27 08:52:13";"2026-03-27 08:52:13"
"416";"master_data";"kapasitas";"update";NULL;NULL;"master_data.kapasitas.update";"Master Data Kapasitas - Update";"Ubah data kapasitas";"write";"1";"2026-03-27 08:52:13";"2026-03-27 08:52:13"
"417";"master_data";"kapasitas";"delete";NULL;NULL;"master_data.kapasitas.delete";"Master Data Kapasitas - Delete";"Hapus data kapasitas";"delete";"1";"2026-03-27 08:52:13";"2026-03-27 08:52:13"
"418";"master_data";"tipe_mast";"view";NULL;NULL;"master_data.tipe_mast.view";"Master Data Tipe Mast - View";"Lihat data tipe mast";"read";"1";"2026-03-27 08:52:13";"2026-03-27 08:52:13"
"419";"master_data";"tipe_mast";"create";NULL;NULL;"master_data.tipe_mast.create";"Master Data Tipe Mast - Create";"Tambah data tipe mast";"write";"1";"2026-03-27 08:52:13";"2026-03-27 08:52:13"
"420";"master_data";"tipe_mast";"update";NULL;NULL;"master_data.tipe_mast.update";"Master Data Tipe Mast - Update";"Ubah data tipe mast";"write";"1";"2026-03-27 08:52:13";"2026-03-27 08:52:13"
"421";"master_data";"tipe_mast";"delete";NULL;NULL;"master_data.tipe_mast.delete";"Master Data Tipe Mast - Delete";"Hapus data tipe mast";"delete";"1";"2026-03-27 08:52:13";"2026-03-27 08:52:13"
"422";"master_data";"tipe_ban";"view";NULL;NULL;"master_data.tipe_ban.view";"Master Data Tipe Ban - View";"Lihat data tipe ban";"read";"1";"2026-03-27 08:52:13";"2026-03-27 08:52:13"
"423";"master_data";"tipe_ban";"create";NULL;NULL;"master_data.tipe_ban.create";"Master Data Tipe Ban - Create";"Tambah data tipe ban";"write";"1";"2026-03-27 08:52:13";"2026-03-27 08:52:13"
"424";"master_data";"tipe_ban";"update";NULL;NULL;"master_data.tipe_ban.update";"Master Data Tipe Ban - Update";"Ubah data tipe ban";"write";"1";"2026-03-27 08:52:13";"2026-03-27 08:52:13"
"425";"master_data";"tipe_ban";"delete";NULL;NULL;"master_data.tipe_ban.delete";"Master Data Tipe Ban - Delete";"Hapus data tipe ban";"delete";"1";"2026-03-27 08:52:13";"2026-03-27 08:52:13"
"426";"master_data";"jenis_roda";"view";NULL;NULL;"master_data.jenis_roda.view";"Master Data Jenis Roda - View";"Lihat data jenis roda";"read";"1";"2026-03-27 08:52:13";"2026-03-27 08:52:13"
"427";"master_data";"jenis_roda";"create";NULL;NULL;"master_data.jenis_roda.create";"Master Data Jenis Roda - Create";"Tambah data jenis roda";"write";"1";"2026-03-27 08:52:13";"2026-03-27 08:52:13"
"428";"master_data";"jenis_roda";"update";NULL;NULL;"master_data.jenis_roda.update";"Master Data Jenis Roda - Update";"Ubah data jenis roda";"write";"1";"2026-03-27 08:52:13";"2026-03-27 08:52:13"
"429";"master_data";"jenis_roda";"delete";NULL;NULL;"master_data.jenis_roda.delete";"Master Data Jenis Roda - Delete";"Hapus data jenis roda";"delete";"1";"2026-03-27 08:52:13";"2026-03-27 08:52:13"
"430";"master_data";"valve";"view";NULL;NULL;"master_data.valve.view";"Master Data Valve - View";"Lihat data valve";"read";"1";"2026-03-27 08:52:13";"2026-03-27 08:52:13"
"431";"master_data";"valve";"create";NULL;NULL;"master_data.valve.create";"Master Data Valve - Create";"Tambah data valve";"write";"1";"2026-03-27 08:52:13";"2026-03-27 08:52:13"
"432";"master_data";"valve";"update";NULL;NULL;"master_data.valve.update";"Master Data Valve - Update";"Ubah data valve";"write";"1";"2026-03-27 08:52:13";"2026-03-27 08:52:13"
"433";"master_data";"valve";"delete";NULL;NULL;"master_data.valve.delete";"Master Data Valve - Delete";"Hapus data valve";"delete";"1";"2026-03-27 08:52:13";"2026-03-27 08:52:13"
"434";"master_data";"status_unit";"view";NULL;NULL;"master_data.status_unit.view";"Master Data Status Unit - View";"Lihat data status unit";"read";"1";"2026-03-27 08:52:13";"2026-03-27 08:52:13"
"435";"master_data";"status_unit";"create";NULL;NULL;"master_data.status_unit.create";"Master Data Status Unit - Create";"Tambah data status unit";"write";"1";"2026-03-27 08:52:13";"2026-03-27 08:52:13"
"436";"master_data";"status_unit";"update";NULL;NULL;"master_data.status_unit.update";"Master Data Status Unit - Update";"Ubah data status unit";"write";"1";"2026-03-27 08:52:13";"2026-03-27 08:52:13"
"437";"master_data";"status_unit";"delete";NULL;NULL;"master_data.status_unit.delete";"Master Data Status Unit - Delete";"Hapus data status unit";"delete";"1";"2026-03-27 08:52:13";"2026-03-27 08:52:13"
"438";"master_data";"attachment";"view";NULL;NULL;"master_data.attachment.view";"Master Data Attachment - View";"Lihat data attachment";"read";"1";"2026-03-27 08:52:13";"2026-03-27 08:52:13"
"439";"master_data";"attachment";"create";NULL;NULL;"master_data.attachment.create";"Master Data Attachment - Create";"Tambah data attachment";"write";"1";"2026-03-27 08:52:13";"2026-03-27 08:52:13"
"440";"master_data";"attachment";"update";NULL;NULL;"master_data.attachment.update";"Master Data Attachment - Update";"Ubah data attachment";"write";"1";"2026-03-27 08:52:13";"2026-03-27 08:52:13"
"441";"master_data";"attachment";"delete";NULL;NULL;"master_data.attachment.delete";"Master Data Attachment - Delete";"Hapus data attachment";"delete";"1";"2026-03-27 08:52:13";"2026-03-27 08:52:13"
"442";"master_data";"baterai";"view";NULL;NULL;"master_data.baterai.view";"Master Data Baterai - View";"Lihat data baterai";"read";"1";"2026-03-27 08:52:13";"2026-03-27 08:52:13"
"443";"master_data";"baterai";"create";NULL;NULL;"master_data.baterai.create";"Master Data Baterai - Create";"Tambah data baterai";"write";"1";"2026-03-27 08:52:13";"2026-03-27 08:52:13"
"444";"master_data";"baterai";"update";NULL;NULL;"master_data.baterai.update";"Master Data Baterai - Update";"Ubah data baterai";"write";"1";"2026-03-27 08:52:13";"2026-03-27 08:52:13"
"445";"master_data";"baterai";"delete";NULL;NULL;"master_data.baterai.delete";"Master Data Baterai - Delete";"Hapus data baterai";"delete";"1";"2026-03-27 08:52:13";"2026-03-27 08:52:13"
"446";"master_data";"charger";"view";NULL;NULL;"master_data.charger.view";"Master Data Charger - View";"Lihat data charger";"read";"1";"2026-03-27 08:52:13";"2026-03-27 08:52:13"
"447";"master_data";"charger";"create";NULL;NULL;"master_data.charger.create";"Master Data Charger - Create";"Tambah data charger";"write";"1";"2026-03-27 08:52:13";"2026-03-27 08:52:13"
"448";"master_data";"charger";"update";NULL;NULL;"master_data.charger.update";"Master Data Charger - Update";"Ubah data charger";"write";"1";"2026-03-27 08:52:13";"2026-03-27 08:52:13"
"449";"master_data";"charger";"delete";NULL;NULL;"master_data.charger.delete";"Master Data Charger - Delete";"Hapus data charger";"delete";"1";"2026-03-27 08:52:13";"2026-03-27 08:52:13"
"450";"master_data";"mesin";"view";NULL;NULL;"master_data.mesin.view";"Master Data Mesin - View";"Lihat data mesin";"read";"1";"2026-03-27 08:52:13";"2026-03-27 08:52:13"
"451";"master_data";"mesin";"create";NULL;NULL;"master_data.mesin.create";"Master Data Mesin - Create";"Tambah data mesin";"write";"1";"2026-03-27 08:52:13";"2026-03-27 08:52:13"
"452";"master_data";"mesin";"update";NULL;NULL;"master_data.mesin.update";"Master Data Mesin - Update";"Ubah data mesin";"write";"1";"2026-03-27 08:52:13";"2026-03-27 08:52:13"
"453";"master_data";"mesin";"delete";NULL;NULL;"master_data.mesin.delete";"Master Data Mesin - Delete";"Hapus data mesin";"delete";"1";"2026-03-27 08:52:13";"2026-03-27 08:52:13"
"454";"master_data";"status_attachment";"view";NULL;NULL;"master_data.status_attachment.view";"Master Data Status Attachment - View";"Lihat data status attachment";"read";"1";"2026-03-27 08:52:13";"2026-03-27 08:52:13"
"455";"master_data";"status_attachment";"create";NULL;NULL;"master_data.status_attachment.create";"Master Data Status Attachment - Create";"Tambah data status attachment";"write";"1";"2026-03-27 08:52:13";"2026-03-27 08:52:13"
"456";"master_data";"status_attachment";"update";NULL;NULL;"master_data.status_attachment.update";"Master Data Status Attachment - Update";"Ubah data status attachment";"write";"1";"2026-03-27 08:52:13";"2026-03-27 08:52:13"
"457";"master_data";"status_attachment";"delete";NULL;NULL;"master_data.status_attachment.delete";"Master Data Status Attachment - Delete";"Hapus data status attachment";"delete";"1";"2026-03-27 08:52:13";"2026-03-27 08:52:13"
"458";"master_data";"inventory_status";"view";NULL;NULL;"master_data.inventory_status.view";"Master Data Inventory Status - View";"Lihat data inventory status";"read";"1";"2026-03-27 08:52:13";"2026-03-27 08:52:13"
"459";"master_data";"inventory_status";"create";NULL;NULL;"master_data.inventory_status.create";"Master Data Inventory Status - Create";"Tambah data inventory status";"write";"1";"2026-03-27 08:52:13";"2026-03-27 08:52:13"
"460";"master_data";"inventory_status";"update";NULL;NULL;"master_data.inventory_status.update";"Master Data Inventory Status - Update";"Ubah data inventory status";"write";"1";"2026-03-27 08:52:13";"2026-03-27 08:52:13"
"461";"master_data";"inventory_status";"delete";NULL;NULL;"master_data.inventory_status.delete";"Master Data Inventory Status - Delete";"Hapus data inventory status";"delete";"1";"2026-03-27 08:52:13";"2026-03-27 08:52:13"
"462";"master_data";"work_order_category";"view";NULL;NULL;"master_data.work_order_category.view";"Master Data WO Category - View";"Lihat data kategori WO";"read";"1";"2026-03-27 08:52:13";"2026-03-27 08:52:13"
"463";"master_data";"work_order_category";"create";NULL;NULL;"master_data.work_order_category.create";"Master Data WO Category - Create";"Tambah data kategori WO";"write";"1";"2026-03-27 08:52:13";"2026-03-27 08:52:13"
"464";"master_data";"work_order_category";"update";NULL;NULL;"master_data.work_order_category.update";"Master Data WO Category - Update";"Ubah data kategori WO";"write";"1";"2026-03-27 08:52:13";"2026-03-27 08:52:13"
"465";"master_data";"work_order_category";"delete";NULL;NULL;"master_data.work_order_category.delete";"Master Data WO Category - Delete";"Hapus data kategori WO";"delete";"1";"2026-03-27 08:52:13";"2026-03-27 08:52:13"
"466";"master_data";"work_order_priority";"view";NULL;NULL;"master_data.work_order_priority.view";"Master Data WO Priority - View";"Lihat data prioritas WO";"read";"1";"2026-03-27 08:52:13";"2026-03-27 08:52:13"
"467";"master_data";"work_order_priority";"create";NULL;NULL;"master_data.work_order_priority.create";"Master Data WO Priority - Create";"Tambah data prioritas WO";"write";"1";"2026-03-27 08:52:13";"2026-03-27 08:52:13"
"468";"master_data";"work_order_priority";"update";NULL;NULL;"master_data.work_order_priority.update";"Master Data WO Priority - Update";"Ubah data prioritas WO";"write";"1";"2026-03-27 08:52:13";"2026-03-27 08:52:13"
"469";"master_data";"work_order_priority";"delete";NULL;NULL;"master_data.work_order_priority.delete";"Master Data WO Priority - Delete";"Hapus data prioritas WO";"delete";"1";"2026-03-27 08:52:13";"2026-03-27 08:52:13"
"470";"master_data";"work_order_status";"view";NULL;NULL;"master_data.work_order_status.view";"Master Data WO Status - View";"Lihat data status WO";"read";"1";"2026-03-27 08:52:13";"2026-03-27 08:52:13"
"471";"master_data";"work_order_status";"create";NULL;NULL;"master_data.work_order_status.create";"Master Data WO Status - Create";"Tambah data status WO";"write";"1";"2026-03-27 08:52:13";"2026-03-27 08:52:13"
"472";"master_data";"work_order_status";"update";NULL;NULL;"master_data.work_order_status.update";"Master Data WO Status - Update";"Ubah data status WO";"write";"1";"2026-03-27 08:52:13";"2026-03-27 08:52:13"
"473";"master_data";"work_order_status";"delete";NULL;NULL;"master_data.work_order_status.delete";"Master Data WO Status - Delete";"Hapus data status WO";"delete";"1";"2026-03-27 08:52:13";"2026-03-27 08:52:13"
"474";"master_data";"jenis_perintah_kerja";"view";NULL;NULL;"master_data.jenis_perintah_kerja.view";"Master Data Jenis Perintah Kerja - View";"Lihat data jenis perintah kerja";"read";"1";"2026-03-27 08:52:13";"2026-03-27 08:52:13"
"475";"master_data";"jenis_perintah_kerja";"create";NULL;NULL;"master_data.jenis_perintah_kerja.create";"Master Data Jenis Perintah Kerja - Create";"Tambah data jenis perintah kerja";"write";"1";"2026-03-27 08:52:13";"2026-03-27 08:52:13"
"476";"master_data";"jenis_perintah_kerja";"update";NULL;NULL;"master_data.jenis_perintah_kerja.update";"Master Data Jenis Perintah Kerja - Update";"Ubah data jenis perintah kerja";"write";"1";"2026-03-27 08:52:13";"2026-03-27 08:52:13"
"477";"master_data";"jenis_perintah_kerja";"delete";NULL;NULL;"master_data.jenis_perintah_kerja.delete";"Master Data Jenis Perintah Kerja - Delete";"Hapus data jenis perintah kerja";"delete";"1";"2026-03-27 08:52:13";"2026-03-27 08:52:13"
"478";"master_data";"tujuan_perintah_kerja";"view";NULL;NULL;"master_data.tujuan_perintah_kerja.view";"Master Data Tujuan Perintah Kerja - View";"Lihat data tujuan perintah kerja";"read";"1";"2026-03-27 08:52:13";"2026-03-27 08:52:13"
"479";"master_data";"tujuan_perintah_kerja";"create";NULL;NULL;"master_data.tujuan_perintah_kerja.create";"Master Data Tujuan Perintah Kerja - Create";"Tambah data tujuan perintah kerja";"write";"1";"2026-03-27 08:52:13";"2026-03-27 08:52:13"
"480";"master_data";"tujuan_perintah_kerja";"update";NULL;NULL;"master_data.tujuan_perintah_kerja.update";"Master Data Tujuan Perintah Kerja - Update";"Ubah data tujuan perintah kerja";"write";"1";"2026-03-27 08:52:13";"2026-03-27 08:52:13"
"481";"master_data";"tujuan_perintah_kerja";"delete";NULL;NULL;"master_data.tujuan_perintah_kerja.delete";"Master Data Tujuan Perintah Kerja - Delete";"Hapus data tujuan perintah kerja";"delete";"1";"2026-03-27 08:52:13";"2026-03-27 08:52:13"
"482";"master_data";"status_eksekusi_workflow";"view";NULL;NULL;"master_data.status_eksekusi_workflow.view";"Master Data Status Eksekusi Workflow - View";"Lihat data status eksekusi workflow";"read";"1";"2026-03-27 08:52:13";"2026-03-27 08:52:13"
"483";"master_data";"status_eksekusi_workflow";"create";NULL;NULL;"master_data.status_eksekusi_workflow.create";"Master Data Status Eksekusi Workflow - Create";"Tambah data status eksekusi workflow";"write";"1";"2026-03-27 08:52:13";"2026-03-27 08:52:13"
"484";"master_data";"status_eksekusi_workflow";"update";NULL;NULL;"master_data.status_eksekusi_workflow.update";"Master Data Status Eksekusi Workflow - Update";"Ubah data status eksekusi workflow";"write";"1";"2026-03-27 08:52:13";"2026-03-27 08:52:13"
"485";"master_data";"status_eksekusi_workflow";"delete";NULL;NULL;"master_data.status_eksekusi_workflow.delete";"Master Data Status Eksekusi Workflow - Delete";"Hapus data status eksekusi workflow";"delete";"1";"2026-03-27 08:52:13";"2026-03-27 08:52:13"
"525";"settings";"system";"view";NULL;NULL;"settings.system.view";"Settings - System - View";"View system settings and activity log";"read";"1";"2026-03-28 07:45:24";"2026-03-28 07:45:24"
"526";"settings";"division";"view";NULL;NULL;"settings.division.view";"Settings - Division - View";"View division settings";"read";"1";"2026-03-28 07:45:24";"2026-03-28 07:45:24"
"527";"settings";"role";"view";NULL;NULL;"settings.role.view";"Settings - Role - View";"View role settings";"read";"1";"2026-03-28 07:45:24";"2026-03-28 07:45:24"
"528";"service";"work_order";"view";NULL;NULL;"service.work_order.view";"Service - Work Order - View";"View service work orders";"read";"1";"2026-03-28 07:45:24";"2026-03-28 07:45:24"
