NO. URUT;SERIAL NUMBER;MODEL;TYPE UNIT;DEPARTMENT;YEAR;SPECIFICATION;ENGINE MODEL;SN ENGINE;KAP;FUEL TYPE;MAST TYPE;MAST HEIGHT;SN MAST;TYPE TIRE;FRONT TYRE;REAR TIRE;VALVE
1;010303J7567;CPCD30-Q22K2;FORKLIFT CB;DIESEL;2024;ACCESSORIES ROTARY LAMP, SAFETY BELT, BACKBUZZER, SPION, ENGINE QUANCHAI, MAST STD 2 STAGE;QUANCHAI;Q240873244H;3TON;DIESEL;M300;3000MM;-;SOLID TIRE;28X9-15;6.50-10;2
2;010303J7616;CPCD30-M1K2;FORKLIFT CB;DIESEL;2024;ACCESSORIES ROTARY LAMP, SAFETY BELT, BACKBUZZER, SPION, ENGINE MITSUBISHI S4S, MAST STD 2 STAGE;MITSUBISHI;S4S-400945;3TON;DIESEL;M300;3000MM;-;SOLID TIRE;28X9-15;6.50-10;2
3;010303J7615;CPCD30-M1K2;FORKLIFT CB;DIESEL;2024;ACCESSORIES ROTARY LAMP, SAFETY BELT, BACKBUZZER, SPION, ENGINE MITSUBISHI S4S, MAST STD 2 STAGE;MITSUBISHI;S4S-400946;3TON;DIESEL;M300;3000MM;-;SOLID TIRE;28X9-15;6.50-10;2
4;020303J7702;CPC30-WS1K2;FORKLIFT CB;DIESEL;2024;ACCESSORIES ROTARY LAMP, SAFETY BELT, BACKBUZZER, SPION, ENGINE ISUZU, MAST STD 2 STAGE;ISUZU;322202;3TON;DIESEL;M300;3000MM;-;SOLID TIRE;28X9-15;6.50-10;2
5;07020DP3747;CQD20-A2RLIG2;REACH TRUCK;ELECTRIC;2024;ACCESSORIES ROTARY LAMP, BACKBUZZER, SPION, REACH TRUCK SIT-ON, HELI-Ion LITHIUM BATTERY;-;-;2TON;ELECTRIC;-;-;-;CASTER WHEEL;-;-;4
6;08030JFX737;CBD30J-RLI;PALLET MOVER;ELECTRIC;2024;LONG FORK P 2400MM/L 685MM (DOUBLE PALLET) LITHIUM BATTERY;-;-;3TON;ELECTRIC;-;-;-;LOAD WHEEL;-;-;-
7;08015XA6954;CBD15-ALIH;HAND PALLET ELECTRIC;ELECTRIC;2024;LOW FORK P 1150MM/L 680MM (SINGLE PALLET) LITHIUM BATTERY;-;-;1,5TON;ELECTRIC;-;-;-;LOAD WHEEL;-;-;-
8;08015XA6961;CBD15-ALIH;HAND PALLET ELECTRIC;ELECTRIC;2024;LOW FORK P 1150MM/L 680MM (SINGLE PALLET) LITHIUM BATTERY;-;-;1,5TON;ELECTRIC;-;-;-;LOAD WHEEL;-;-;-
9;08015XA6951;CBD15-ALIH;HAND PALLET ELECTRIC;ELECTRIC;2024;LOW FORK P 1150MM/L 680MM (SINGLE PALLET) LITHIUM BATTERY;-;-;1,5TON;ELECTRIC;-;-;-;LOAD WHEEL;-;-;-
10;08015XA6952;CBD15-ALIH;HAND PALLET ELECTRIC;ELECTRIC;2024;LOW FORK P 1150MM/L 680MM (SINGLE PALLET) LITHIUM BATTERY;-;-;1,5TON;ELECTRIC;-;-;-;LOAD WHEEL;-;-;-
11;08015XA6953;CBD15-ALIH;HAND PALLET ELECTRIC;ELECTRIC;2024;LOW FORK P 1150MM/L 680MM (SINGLE PALLET) LITHIUM BATTERY;-;-;1,5TON;ELECTRIC;-;-;-;LOAD WHEEL;-;-;-
12;08015XA6955;CBD15-ALIH;HAND PALLET ELECTRIC;ELECTRIC;2024;LOW FORK P 1150MM/L 680MM (SINGLE PALLET) LITHIUM BATTERY;-;-;1,5TON;ELECTRIC;-;-;-;LOAD WHEEL;-;-;-
13;08015XA6956;CBD15-ALIH;HAND PALLET ELECTRIC;ELECTRIC;2024;LOW FORK P 1150MM/L 680MM (SINGLE PALLET) LITHIUM BATTERY;-;-;1,5TON;ELECTRIC;-;-;-;LOAD WHEEL;-;-;-
14;08015XA6957;CBD15-ALIH;HAND PALLET ELECTRIC;ELECTRIC;2024;LOW FORK P 1150MM/L 680MM (SINGLE PALLET) LITHIUM BATTERY;-;-;1,5TON;ELECTRIC;-;-;-;LOAD WHEEL;-;-;-
15;08015XA6958;CBD15-ALIH;HAND PALLET ELECTRIC;ELECTRIC;2024;LOW FORK P 1150MM/L 680MM (SINGLE PALLET) LITHIUM BATTERY;-;-;1,5TON;ELECTRIC;-;-;-;LOAD WHEEL;-;-;-
16;08015XA6959;CBD15-ALIH;HAND PALLET ELECTRIC;ELECTRIC;2024;LOW FORK P 1150MM/L 680MM (SINGLE PALLET) LITHIUM BATTERY;-;-;1,5TON;ELECTRIC;-;-;-;LOAD WHEEL;-;-;-
17;08015XA6960;CBD15-ALIH;HAND PALLET ELECTRIC;ELECTRIC;2024;LOW FORK P 1150MM/L 680MM (SINGLE PALLET) LITHIUM BATTERY;-;-;1,5TON;ELECTRIC;-;-;-;LOAD WHEEL;-;-;-
18;05040DR4845;CPD40-GB2LI;FORKLIFT CB;ELECTRIC;2025;ACCESSORIES ROTARY LAMP, SAFETY BELT, BACKBUZZER, USB CHARGER, LAMPU SOROT, MAST FFL 3 STAGE, HELI-Ion LITHIUM BATTERY;-;-;4TON;ELECTRIC;ZSM435;4350MM;-;SOLID TIRE;28X12.5-15;21X8-9;3
19;08015JLR994;CBD15J-LI-S;HAND PALLET ELECTRIC;ELECTRIC;2025;LOW FORK P 1150MM/L 680MM (SINGLE PALLET) LITHIUM BATTERY;-;-;1,5TON;ELECTRIC;-;-;-;LOAD WHEEL;-;-;-
20;08015JLR993;CBD15J-LI-S;HAND PALLET ELECTRIC;ELECTRIC;2025;LOW FORK P 1150MM/L 680MM (SINGLE PALLET) LITHIUM BATTERY;-;-;1,5TON;ELECTRIC;-;-;-;LOAD WHEEL;-;-;-
21;08015JLR992;CBD15J-LI-S;HAND PALLET ELECTRIC;ELECTRIC;2025;LOW FORK P 1150MM/L 680MM (SINGLE PALLET) LITHIUM BATTERY;-;-;1,5TON;ELECTRIC;-;-;-;LOAD WHEEL;-;-;-
22;08015JLR991;CBD15J-LI-S;HAND PALLET ELECTRIC;ELECTRIC;2025;LOW FORK P 1150MM/L 680MM (SINGLE PALLET) LITHIUM BATTERY;-;-;1,5TON;ELECTRIC;-;-;-;LOAD WHEEL;-;-;-
23;08015JLR990;CBD15J-LI-S;HAND PALLET ELECTRIC;ELECTRIC;2025;LOW FORK P 1150MM/L 680MM (SINGLE PALLET) LITHIUM BATTERY;-;-;1,5TON;ELECTRIC;-;-;-;LOAD WHEEL;-;-;-
24;08015JLR989;CBD15J-LI-S;HAND PALLET ELECTRIC;ELECTRIC;2025;LOW FORK P 1150MM/L 680MM (SINGLE PALLET) LITHIUM BATTERY;-;-;1,5TON;ELECTRIC;-;-;-;LOAD WHEEL;-;-;-
25;08015JLS000;CBD15J-LI-S;HAND PALLET ELECTRIC;ELECTRIC;2025;LOW FORK P 1150MM/L 680MM (SINGLE PALLET) LITHIUM BATTERY;-;-;1,5TON;ELECTRIC;-;-;-;LOAD WHEEL;-;-;-
26;08015JLR987;CBD15J-LI-S;HAND PALLET ELECTRIC;ELECTRIC;2025;LOW FORK P 1150MM/L 680MM (SINGLE PALLET) LITHIUM BATTERY;-;-;1,5TON;ELECTRIC;-;-;-;LOAD WHEEL;-;-;-
27;08015JLR986;CBD15J-LI-S;HAND PALLET ELECTRIC;ELECTRIC;2025;LOW FORK P 1150MM/L 680MM (SINGLE PALLET) LITHIUM BATTERY;-;-;1,5TON;ELECTRIC;-;-;-;LOAD WHEEL;-;-;-
28;08015JLR981;CBD15J-LI-S;HAND PALLET ELECTRIC;ELECTRIC;2025;LOW FORK P 1150MM/L 680MM (SINGLE PALLET) LITHIUM BATTERY;-;-;1,5TON;ELECTRIC;-;-;-;LOAD WHEEL;-;-;-
29;08015JLR980;CBD15J-LI-S;HAND PALLET ELECTRIC;ELECTRIC;2025;LOW FORK P 1150MM/L 680MM (SINGLE PALLET) LITHIUM BATTERY;-;-;1,5TON;ELECTRIC;-;-;-;LOAD WHEEL;-;-;-
30;08015JLR979;CBD15J-LI-S;HAND PALLET ELECTRIC;ELECTRIC;2025;LOW FORK P 1150MM/L 680MM (SINGLE PALLET) LITHIUM BATTERY;-;-;1,5TON;ELECTRIC;-;-;-;LOAD WHEEL;-;-;-
31;08015JLR978;CBD15J-LI-S;HAND PALLET ELECTRIC;ELECTRIC;2025;LOW FORK P 1150MM/L 680MM (SINGLE PALLET) LITHIUM BATTERY;-;-;1,5TON;ELECTRIC;-;-;-;LOAD WHEEL;-;-;-
32;08015JLR988;CBD15J-LI-S;HAND PALLET ELECTRIC;ELECTRIC;2025;LOW FORK P 1150MM/L 680MM (SINGLE PALLET) LITHIUM BATTERY;-;-;1,5TON;ELECTRIC;-;-;-;LOAD WHEEL;-;-;-
33;8FBR18-20412;8FBR18;REACH TRUCK;ELECTRIC;2025;ROTARY LAMP, SPION, LAMPU, MAST FFL 3 STAGE, SIT-ON;-;-;1,8TON;ELECTRIC;FSVE61 (6000);6000MM;-;CASTER WHEEL;-;-;4
34;05025DR4662;CPD25-GB6LI-S;FORKLIFT CB;ELECTRIC;2025;ACCESSORIES ROTARY LAMP, BACKBUZZER, SAFETYBELT, USB CHARGER, LAMPU SOROT, MAST FFL 2 STAGE, HELI-Lion LITHIUM BATTERY;-;-;2,5TON;ELECTRIC;ZM300 FFL 2 STAGE;3000MM;-;SOLID TIRE;7.00-12;18X7-8;3
35;05025DR4558;CPD25-GB6LI-S;FORKLIFT CB;ELECTRIC;2025;ACCESSORIES ROTARY LAMP, BACKBUZZER, SAFETYBELT, USB CHARGER, LAMPU SOROT, MAST FFL 2 STAGE, HELI-Lion LITHIUM BATTERY;-;-;2,5TON;ELECTRIC;ZM300 FFL 2 STAGE;3000MM;-;SOLID TIRE;7.00-12;18X7-8;3
36;05025DR4557;CPD25-GB6LI-S;FORKLIFT CB;ELECTRIC;2025;ACCESSORIES ROTARY LAMP, BACKBUZZER, SAFETYBELT, USB CHARGER, LAMPU SOROT, MAST FFL 2 STAGE, HELI-Lion LITHIUM BATTERY;-;-;2,5TON;ELECTRIC;ZM300 FFL 2 STAGE;3000MM;-;SOLID TIRE;7.00-12;18X7-8;3
37;05025DR4560;CPD25-GB6LI-S;FORKLIFT CB;ELECTRIC;2025;ACCESSORIES ROTARY LAMP, BACKBUZZER, SAFETYBELT, USB CHARGER, LAMPU SOROT, MAST FFL 2 STAGE, HELI-Lion LITHIUM BATTERY;-;-;2,5TON;ELECTRIC;ZM300 FFL 2 STAGE;3000MM;-;SOLID TIRE;7.00-12;18X7-8;3
38;08015XA9924;CBD15-ALIH;HAND PALLET ELECTRIC;ELECTRIC;2025;LOW FORK P 1150MM/L 680MM (SINGLE PALLET) LITHIUM BATTERY;-;-;1,5TON;ELECTRIC;-;-;-;LOAD WHEEL;-;-;-
39;08015XA9923;CBD15-ALIH;HAND PALLET ELECTRIC;ELECTRIC;2025;LOW FORK P 1150MM/L 680MM (SINGLE PALLET) LITHIUM BATTERY;-;-;1,5TON;ELECTRIC;-;-;-;LOAD WHEEL;-;-;-
40;08015XA9937;CBD15-ALIH;HAND PALLET ELECTRIC;ELECTRIC;2025;LOW FORK P 1150MM/L 680MM (SINGLE PALLET) LITHIUM BATTERY;-;-;1,5TON;ELECTRIC;-;-;-;LOAD WHEEL;-;-;-
41;08015XA9925;CBD15-ALIH;HAND PALLET ELECTRIC;ELECTRIC;2025;LOW FORK P 1150MM/L 680MM (SINGLE PALLET) LITHIUM BATTERY;-;-;1,5TON;ELECTRIC;-;-;-;LOAD WHEEL;-;-;-
42;08015XA9926;CBD15-ALIH;HAND PALLET ELECTRIC;ELECTRIC;2025;LOW FORK P 1150MM/L 680MM (SINGLE PALLET) LITHIUM BATTERY;-;-;1,5TON;ELECTRIC;-;-;-;LOAD WHEEL;-;-;-
43;08015XA9927;CBD15-ALIH;HAND PALLET ELECTRIC;ELECTRIC;2025;LOW FORK P 1150MM/L 680MM (SINGLE PALLET) LITHIUM BATTERY;-;-;1,5TON;ELECTRIC;-;-;-;LOAD WHEEL;-;-;-
44;08015XA9928;CBD15-ALIH;HAND PALLET ELECTRIC;ELECTRIC;2025;LOW FORK P 1150MM/L 680MM (SINGLE PALLET) LITHIUM BATTERY;-;-;1,5TON;ELECTRIC;-;-;-;LOAD WHEEL;-;-;-
45;08015XA9936;CBD15-ALIH;HAND PALLET ELECTRIC;ELECTRIC;2025;LOW FORK P 1150MM/L 680MM (SINGLE PALLET) LITHIUM BATTERY;-;-;1,5TON;ELECTRIC;-;-;-;LOAD WHEEL;-;-;-
46;08015XA9935;CBD15-ALIH;HAND PALLET ELECTRIC;ELECTRIC;2025;LOW FORK P 1150MM/L 680MM (SINGLE PALLET) LITHIUM BATTERY;-;-;1,5TON;ELECTRIC;-;-;-;LOAD WHEEL;-;-;-
47;08015XA9934;CBD15-ALIH;HAND PALLET ELECTRIC;ELECTRIC;2025;LOW FORK P 1150MM/L 680MM (SINGLE PALLET) LITHIUM BATTERY;-;-;1,5TON;ELECTRIC;-;-;-;LOAD WHEEL;-;-;-
48;08015XA9933;CBD15-ALIH;HAND PALLET ELECTRIC;ELECTRIC;2025;LOW FORK P 1150MM/L 680MM (SINGLE PALLET) LITHIUM BATTERY;-;-;1,5TON;ELECTRIC;-;-;-;LOAD WHEEL;-;-;-
49;08015XA9932;CBD15-ALIH;HAND PALLET ELECTRIC;ELECTRIC;2025;LOW FORK P 1150MM/L 680MM (SINGLE PALLET) LITHIUM BATTERY;-;-;1,5TON;ELECTRIC;-;-;-;LOAD WHEEL;-;-;-
50;08015XA9931;CBD15-ALIH;HAND PALLET ELECTRIC;ELECTRIC;2025;LOW FORK P 1150MM/L 680MM (SINGLE PALLET) LITHIUM BATTERY;-;-;1,5TON;ELECTRIC;-;-;-;LOAD WHEEL;-;-;-
51;08015XA9930;CBD15-ALIH;HAND PALLET ELECTRIC;ELECTRIC;2025;LOW FORK P 1150MM/L 680MM (SINGLE PALLET) LITHIUM BATTERY;-;-;1,5TON;ELECTRIC;-;-;-;LOAD WHEEL;-;-;-
52;08015XA9929;CBD15-ALIH;HAND PALLET ELECTRIC;ELECTRIC;2025;LOW FORK P 1150MM/L 680MM (SINGLE PALLET) LITHIUM BATTERY;-;-;1,5TON;ELECTRIC;-;-;-;LOAD WHEEL;-;-;-
53;05030DS3472;CPD30-GB2LI-M;FORKLIFT CB;ELECTRIC;2025;ACCESSORIES ROTARY LAMP, BACKBUZZER, SAFETY BELT, LAMPU SOROT, SPION, USB CHARGER, MAST FFL 3 STAGE, HELI-Lion LITHIUM BATTERY;-;-;3TON;ELECTRIC;ZSM450;4500MM;-;SOLID TIRE;28X9-15;200/50-10;4
54;05050DS3692;CPD50-GB2LI;FORKLIFT CB;ELECTRIC;2025;ACCESSORIES ROTARY LAMP, BACKBUZZER, SAFETY BELT, LAMPU SOROT, SPION, USB CHARGER, MAST FFL 3 STAGE, HELI-Lion LITHIUM BATTERY;-;-;5TON;ELECTRIC;ZSM435;4350MM;-;SOLID TIRE;28X12.5-15;21X8-9;4
55;08020JMX645;CBD20J-LI-S;HAND PALLET ELECTRIC;ELECTRIC;2025;LOW FORK P 1150MM/L 680MM (SINGLE PALLET) LITHIUM BATTERY;-;-;2TON;ELECTRIC;-;-;-;LOAD WHEEL;-;-;-
56;08020JMX644;CBD20J-LI-S;HAND PALLET ELECTRIC;ELECTRIC;2025;LOW FORK P 1150MM/L 680MM (SINGLE PALLET) LITHIUM BATTERY;-;-;2TON;ELECTRIC;-;-;-;LOAD WHEEL;-;-;-
57;08020JMX642;CBD20J-LI-S;HAND PALLET ELECTRIC;ELECTRIC;2025;LOW FORK P 1150MM/L 680MM (SINGLE PALLET) LITHIUM BATTERY;-;-;2TON;ELECTRIC;-;-;-;LOAD WHEEL;-;-;-
58;08020JMX640;CBD20J-LI-S;HAND PALLET ELECTRIC;ELECTRIC;2025;LOW FORK P 1150MM/L 680MM (SINGLE PALLET) LITHIUM BATTERY;-;-;2TON;ELECTRIC;-;-;-;LOAD WHEEL;-;-;-
59;08020JMX639;CBD20J-LI-S;HAND PALLET ELECTRIC;ELECTRIC;2025;LOW FORK P 1150MM/L 680MM (SINGLE PALLET) LITHIUM BATTERY;-;-;2TON;ELECTRIC;-;-;-;LOAD WHEEL;-;-;-
60;08020JMX636;CBD20J-LI-S;HAND PALLET ELECTRIC;ELECTRIC;2025;LOW FORK P 1150MM/L 680MM (SINGLE PALLET) LITHIUM BATTERY;-;-;2TON;ELECTRIC;-;-;-;LOAD WHEEL;-;-;-
61;08020JMX635;CBD20J-LI-S;HAND PALLET ELECTRIC;ELECTRIC;2025;LOW FORK P 1150MM/L 680MM (SINGLE PALLET) LITHIUM BATTERY;-;-;2TON;ELECTRIC;-;-;-;LOAD WHEEL;-;-;-
62;08020JMX634;CBD20J-LI-S;HAND PALLET ELECTRIC;ELECTRIC;2025;LOW FORK P 1150MM/L 680MM (SINGLE PALLET) LITHIUM BATTERY;-;-;2TON;ELECTRIC;-;-;-;LOAD WHEEL;-;-;-
63;08020JMX633;CBD20J-LI-S;HAND PALLET ELECTRIC;ELECTRIC;2025;LOW FORK P 1150MM/L 680MM (SINGLE PALLET) LITHIUM BATTERY;-;-;2TON;ELECTRIC;-;-;-;LOAD WHEEL;-;-;-
64;08020JMX631;CBD20J-LI-S;HAND PALLET ELECTRIC;ELECTRIC;2025;LOW FORK P 1150MM/L 680MM (SINGLE PALLET) LITHIUM BATTERY;-;-;2TON;ELECTRIC;-;-;-;LOAD WHEEL;-;-;-
65;08020JMX630;CBD20J-LI-S;HAND PALLET ELECTRIC;ELECTRIC;2025;LOW FORK P 1150MM/L 680MM (SINGLE PALLET) LITHIUM BATTERY;-;-;2TON;ELECTRIC;-;-;-;LOAD WHEEL;-;-;-
66;FDZN25-42275;FDZN25;FORKLIFT CB;DIESEL;2025;VISIBLE TWO STAGE 3500MM MAST, 1070MM FORK, PNEUMATIC TIRE, ROTARY LAMP, BACKBUZZER, SAFETYBELT;TOYOTA;1DZ-0437430;2,5TON;DIESEL;FSV 4700;4700MM;-;PNEUMATIC;700-12;600-9;2
67;FDZN25-42274;FDZN25;FORKLIFT CB;DIESEL;2025;VISIBLE TWO STAGE 3500MM MAST, 1070MM FORK, PNEUMATIC TIRE, ROTARY LAMP, BACKBUZZER, SAFETYBELT;TOYOTA;1DZ-0437431;2,5TON;DIESEL;FSV 4700;4700MM;-;PNEUMATIC;700-12;600-9;2
68;FDZN25-42253;FDZN25;FORKLIFT CB;DIESEL;2025;VISIBLE TWO STAGE 3500MM MAST, 1070MM FORK, PNEUMATIC TIRE, ROTARY LAMP, BACKBUZZER, SAFETYBELT;TOYOTA;1DZ-0436954;2,5TON;DIESEL;FSV 4700;4700MM;-;PNEUMATIC;700-12;600-9;2
69;FDZN25-42267;FDZN25;FORKLIFT CB;DIESEL;2025;VISIBLE TWO STAGE 3500MM MAST, 1070MM FORK, PNEUMATIC TIRE, ROTARY LAMP, BACKBUZZER, SAFETYBELT;TOYOTA;1DZ-0437349;2,5TON;DIESEL;FSV 4700;4700MM;-;PNEUMATIC;700-12;600-9;2
70;FDZN25-42270;FDZN25;FORKLIFT CB;DIESEL;2025;VISIBLE TWO STAGE 3500MM MAST, 1070MM FORK, PNEUMATIC TIRE, ROTARY LAMP, BACKBUZZER, SAFETYBELT;TOYOTA;1DZ-0437306;2,5TON;DIESEL;FSV 4700;4700MM;-;PNEUMATIC;700-12;600-9;2
71;FDZN25-42264;FDZN25;FORKLIFT CB;DIESEL;2025;VISIBLE TWO STAGE 3500MM MAST, 1070MM FORK, PNEUMATIC TIRE, ROTARY LAMP, BACKBUZZER, SAFETYBELT;TOYOTA;1DZ-0437655;2,5TON;DIESEL;FSV 4700;4700MM;-;PNEUMATIC;700-12;600-9;2
72;FDZN25-42251;FDZN25;FORKLIFT CB;DIESEL;2025;VISIBLE TWO STAGE 3500MM MAST, 1070MM FORK, PNEUMATIC TIRE, ROTARY LAMP, BACKBUZZER, SAFETYBELT;TOYOTA;1DZ-0436981;2,5TON;DIESEL;FSV 4700;4700MM;-;PNEUMATIC;700-12;600-9;2
73;010253P1046;CPCD25-M1K2;FORKLIFT CB;DIESEL;2025;3CV+AUTO TRANSMISSION, MAST 3 SPOOL HOSE, FORK 1220MM, ACCESSORIES ROTARY LAMP, SAFETYBELT, SPION, LAMPU SOROT, BACK BUZZER.;MITSUBISHI;S4S-414726;2,5TON;DIESEL;M300;3000MM;-;PNEUMATIC;700-12;600-9;3
74;010253P1045;CPCD25-M1K2;FORKLIFT CB;DIESEL;2025;3CV+AUTO TRANSMISSION, MAST 3 SPOOL HOSE, FORK 1220MM, ACCESSORIES ROTARY LAMP, SAFETYBELT, SPION, LAMPU SOROT, BACK BUZZER.;MITSUBISHI;S4S-414724;2,5TON;DIESEL;M300;3000MM;-;PNEUMATIC;700-12;600-9;3
75;010253P1044;CPCD25-M1K2;FORKLIFT CB;DIESEL;2025;3CV+AUTO TRANSMISSION, MAST 3 SPOOL HOSE, FORK 1220MM, ACCESSORIES ROTARY LAMP, SAFETYBELT, SPION, LAMPU SOROT, BACK BUZZER.;MITSUBISHI;S4S-414721;2,5TON;DIESEL;M300;3000MM;-;PNEUMATIC;700-12;600-9;3
76;05050DS8071;CPD50-A2DLIG3;FORKLIFT CB;ELECTRIC;2025;4CV+HELI G3, USB CHARGER, FORK 1220MM, CONTAINER VERSION, 2230MM OVERHEAD GUARD, ACCESSORIES SAFETYBELT, ROTARY LAMP, BACK BUZZER;-;-;5TON;ELECTRIC;ZSM435;4350MM;-;SOLID TIRE;28x12.5-15;21x8-9;4
77;05050DS8072;CPD50-A2DLIG3;FORKLIFT CB;ELECTRIC;2025;4CV+HELI G3, USB CHARGER, FORK 1220MM, CONTAINER VERSION, 2230MM OVERHEAD GUARD, ACCESSORIES SAFETYBELT, ROTARY LAMP, BACK BUZZER;-;-;5TON;ELECTRIC;ZSM435;4350MM;-;SOLID TIRE;28x12.5-15;21x8-9;4
78;05050DS8073;CPD50-A2DLIG3;FORKLIFT CB;ELECTRIC;2025;4CV+HELI G3, USB CHARGER, FORK 1220MM, CONTAINER VERSION, 2230MM OVERHEAD GUARD, ACCESSORIES SAFETYBELT, ROTARY LAMP, BACK BUZZER;-;-;5TON;ELECTRIC;ZSM435;4350MM;-;SOLID TIRE;28x12.5-15;21x8-9;4
79;080157DD894;CBD15-YLI;HAND PALLET ELECTRIC;ELECTRIC;2025;HAND PALLET FORK P 1150MM/L 680MM;-;-;1,5TON;ELECTRIC;-;-;-;LOAD WHEEL;-;-;-
80;080157DD895;CBD15-YLI;HAND PALLET ELECTRIC;ELECTRIC;2025;HAND PALLET FORK P 1150MM/L 680MM;-;-;1,5TON;ELECTRIC;-;-;-;LOAD WHEEL;-;-;-
81;080157DD896;CBD15-YLI;HAND PALLET ELECTRIC;ELECTRIC;2025;HAND PALLET FORK P 1150MM/L 680MM;-;-;1,5TON;ELECTRIC;-;-;-;LOAD WHEEL;-;-;-
82;080157DD897;CBD15-YLI;HAND PALLET ELECTRIC;ELECTRIC;2025;HAND PALLET FORK P 1150MM/L 680MM;-;-;1,5TON;ELECTRIC;-;-;-;LOAD WHEEL;-;-;-
83;080157DD898;CBD15-YLI;HAND PALLET ELECTRIC;ELECTRIC;2025;HAND PALLET FORK P 1150MM/L 680MM;-;-;1,5TON;ELECTRIC;-;-;-;LOAD WHEEL;-;-;-
84;080157DD899;CBD15-YLI;HAND PALLET ELECTRIC;ELECTRIC;2025;HAND PALLET FORK P 1150MM/L 680MM;-;-;1,5TON;ELECTRIC;-;-;-;LOAD WHEEL;-;-;-
85;080157DD900;CBD15-YLI;HAND PALLET ELECTRIC;ELECTRIC;2025;HAND PALLET FORK P 1150MM/L 680MM;-;-;1,5TON;ELECTRIC;-;-;-;LOAD WHEEL;-;-;-
86;080157DD901;CBD15-YLI;HAND PALLET ELECTRIC;ELECTRIC;2025;HAND PALLET FORK P 1150MM/L 680MM;-;-;1,5TON;ELECTRIC;-;-;-;LOAD WHEEL;-;-;-
87;080157DD902;CBD15-YLI;HAND PALLET ELECTRIC;ELECTRIC;2025;HAND PALLET FORK P 1150MM/L 680MM;-;-;1,5TON;ELECTRIC;-;-;-;LOAD WHEEL;-;-;-
88;080157DD903;CBD15-YLI;HAND PALLET ELECTRIC;ELECTRIC;2025;HAND PALLET FORK P 1150MM/L 680MM;-;-;1,5TON;ELECTRIC;-;-;-;LOAD WHEEL;-;-;-
89;080157DD904;CBD15-YLI;HAND PALLET ELECTRIC;ELECTRIC;2025;HAND PALLET FORK P 1150MM/L 680MM;-;-;1,5TON;ELECTRIC;-;-;-;LOAD WHEEL;-;-;-
90;05050DS8328;CPD50-A2DLIG3;FORKLIFT CB;ELECTRIC;2025;4CV+BACK BUZZER, HELI G3 LITHIUM, FORK 1220MM, USB CHARGER, CONTAINER VERSION, ACCESSORIES ROTARY LAMP, SAFETYBELT, SPION, LAMPU SOROT;-;-;5TON;ELECTRIC;ZSM435;4350MM;-;SOLID TIRE;28x12.5-15;21x8-9;4
91;05050DS8074;CPD50-A2DLIG3;FORKLIFT CB;ELECTRIC;2025;4CV+BACK BUZZER, HELI G3 LITHIUM, FORK 1220MM, USB CHARGER, CONTAINER VERSION, ACCESSORIES ROTARY LAMP, SAFETYBELT, SPION, LAMPU SOROT;-;-;5TON;ELECTRIC;ZSM435;4350MM;-;SOLID TIRE;28x12.5-15;21x8-9;4
92;05030DS7431;CPD30-GB2LI-M;FORKLIFT CB;ELECTRIC;2025;4CV+BACK BUZZER, HELI G3 LITHIUM, FORK 1220MM, USB CHARGER, CONTAINER VERSION, ACCESSORIES ROTARY LAMP, SAFETYBELT, SPION, LAMPU SOROT;-;-;3TON;ELECTRIC;ZSM470;4700MM;-;PNEUMATIC;28x9-15;200/50-10;4
93;05030DS7430;CPD30-GB2LI-M;FORKLIFT CB;ELECTRIC;2025;4CV+BACK BUZZER, HELI G3 LITHIUM, FORK 1220MM, USB CHARGER, CONTAINER VERSION, ACCESSORIES ROTARY LAMP, SAFETYBELT, SPION, LAMPU SOROT;-;-;3TON;ELECTRIC;ZSM470;4700MM;-;PNEUMATIC;28x9-15;200/50-10;4
94;05030DS7429;CPD30-GB2LI-M;FORKLIFT CB;ELECTRIC;2025;4CV+BACK BUZZER, HELI G3 LITHIUM, FORK 1220MM, USB CHARGER, CONTAINER VERSION, ACCESSORIES ROTARY LAMP, SAFETYBELT, SPION, LAMPU SOROT;-;-;3TON;ELECTRIC;ZSM470;4700MM;-;PNEUMATIC;28x9-15;200/50-10;4
95;05030DS7427;CPD30-GB2LI-M;FORKLIFT CB;ELECTRIC;2025;4CV+BACK BUZZER, HELI G3 LITHIUM, FORK 1220MM, USB CHARGER, CONTAINER VERSION, ACCESSORIES ROTARY LAMP, SAFETYBELT, SPION, LAMPU SOROT;-;-;3TON;ELECTRIC;ZSM470;4700MM;-;PNEUMATIC;28x9-15;200/50-10;4
96;080207DD878;CBD20-UGD;PALLET MOVER CABIN;ELECTRIC;2025;PALLET MOVER CABIN LOW FORK P 1150MM/L 680MM;-;-;2TON;ELECTRIC;-;-;-;LOAD WHEEL;-;-;-
97;080207DD888;CBD20-UGD;PALLET MOVER CABIN;ELECTRIC;2025;PALLET MOVER CABIN LOW FORK P 1150MM/L 680MM;-;-;2TON;ELECTRIC;-;-;-;LOAD WHEEL;-;-;-
98;010303P1179;CPCD30-Q22K2;FORKLIFT CB;DIESEL;2025;HELI K2 ENGINE QUANCHAI, 2 CV, ZSM450 MAST, PNEUMATIC TYRE, FORK 1070MM, ACCESORIS, ROTARY LAMP, BACK BUZZER, LAMPU SOROT, SAFETY BELT, SPION;QUANCHAI;Q250776491H;3TON;DIESEL;ZSM450;4500MM;-;PNEUMATIC;28X9-15;650-10;2
99;010503P0940;CPCD50-M4G3;FORKLIFT CB;DIESEL;2025;HELI G3 ENGINE MITSUBISHI, 3 CV, M300 MAST. SOLID TIRE, FORK 1220MM, ACCESORIS, ROTARY LAMP, BACKBUZZER, LAMPU SOROT, SAFETYBELT, USB-CHARGER, SPION;MITSUBISHI;S6S-140140;5TON;DIESEL;M300;3000MM;-;SOLID TIRE;300-15;700-12;3
100;011003P0932;CPCD100-W2K2;FORKLIFT CB;DIESEL;2025;HELI K2 ENGINE ISUZU, 4 CV, M300 MAST STD, DOUBLE FRONT PNEUMATIC TIRE, FORK 1220MM, ACCESSORIES ROTARY LAMP, BACK BUZZER, SAFETYBELT, LAMPU SOROT, SPION.;ISUZU;6BG1-451600;10TON;DIESEL;M300;3000MM;-;PNEUMATIC;9.00-20;9.00-20;4
101;08020JNN650;CQDM20J-LI;MINI REACH TRUCK STACKER;ELECTRIC;2025;HELI SMALL REACH STACKER, LITIHIUM BATTREY WITH CHARGER, ZSM450 MAST, 3CV, 1070MM WITH TILTING FUNCTION;-;-;2TON;ELECTRIC;ZSM450;4500MM;-;LOAD WHEEL;-;-;3
102;05035DS7419;CPD35-GC6LI-S;FORKLIFT CB;ELECTRIC;2025;HELI G2, LITHIUM, ZSM450 MAST, LISHEN-80-280Ah, 4CV, SOLID TIRE, FORK 1520MM, ACCESORIES LAMPU SOROT, BACK BUZZER, USB CHARGER, SAFETYBELT,ROTARY LAMP, SPION;-;-;3,5TON;ELECTRIC;ZSM450;4500MM;-;SOLID TIRE;28X9-15;200/50-10;4
103;05035DS7418;CPD35-GC6LI-S;FORKLIFT CB;ELECTRIC;2025;HELI G2, LITHIUM, ZSM450 MAST, LISHEN-80-280Ah, 4CV, SOLID TIRE, FORK 1520MM, ACCESORIES LAMPU SOROT, BACK BUZZER, USB CHARGER, SAFETYBELT,ROTARY LAMP, SPION;-;-;3,5TON;ELECTRIC;ZSM450;4500MM;-;SOLID TIRE;28X9-15;200/50-10;4
104;05035DS7417;CPD35-GC6LI-S;FORKLIFT CB;ELECTRIC;2025;HELI G2, LITHIUM, ZSM450 MAST, LISHEN-80-280Ah, 4CV, SOLID TIRE, FORK 1520MM, ACCESORIES LAMPU SOROT, BACK BUZZER, USB CHARGER, SAFETYBELT,ROTARY LAMP, SPION;-;-;3,5TON;ELECTRIC;ZSM450;4500MM;-;SOLID TIRE;28X9-15;200/50-10;4
105;08020JNN652;CQDM20J-LI;MINI REACH TRUCK STACKER;ELECTRIC;2025;HELI SMALL REACH STACKER, LITIHIUM BATTREY WITH CHARGER, M300 MAST, 3CV, 1070MM WITH TILTING FUNCTION;-;-;2TON;ELECTRIC;M300;3000MM;-;LOAD WHEEL;-;-;3
106;08020JNN654;CQDM20J-LI;MINI REACH TRUCK STACKER;ELECTRIC;2025;HELI SMALL REACH STACKER, LITIHIUM BATTREY WITH CHARGER, M300 MAST, 3CV, 1070MM WITH TILTING FUNCTION;-;-;2TON;ELECTRIC;M300;3000MM;-;LOAD WHEEL;-;-;3
107;08020JNN657;CQDM20J-LI;MINI REACH TRUCK STACKER;ELECTRIC;2025;HELI SMALL REACH STACKER, LITIHIUM BATTREY WITH CHARGER, M300 MAST, 3CV, 1070MM WITH TILTING FUNCTION;-;-;2TON;ELECTRIC;M300;3000MM;-;LOAD WHEEL;-;-;3
108;08020JNN658;CQDM20J-LI;MINI REACH TRUCK STACKER;ELECTRIC;2025;HELI SMALL REACH STACKER, LITIHIUM BATTREY WITH CHARGER, M300 MAST, 3CV, 1070MM WITH TILTING FUNCTION;-;-;2TON;ELECTRIC;M300;3000MM;-;LOAD WHEEL;-;-;3
109;08020JNN659;CQDM20J-LI;MINI REACH TRUCK STACKER;ELECTRIC;2025;HELI SMALL REACH STACKER, LITIHIUM BATTREY WITH CHARGER, M300 MAST, 3CV, 1070MM WITH TILTING FUNCTION;-;-;2TON;ELECTRIC;M300;3000MM;-;LOAD WHEEL;-;-;3
110;F5032011;ETV MC320-1150-11510DZ;REACH TRUCK;ELECTRIC;2025;SIT-ON basic lead cap. at load centre 600mm 2000kg, residual capacity at top beam 1000kg, maximum fork height 11510mm, close mast height 4470mm free lift 3870mm, extended mast height;-;-;2TON;ELECTRIC;11510MM (FFL);11510MM;-;CASTER WHEEL;-;-;3
111;F5032967;ETV MC320-1150-10520DZ;REACH TRUCK;ELECTRIC;2025;SIT-ON basic lead cap. at load centre 600mm 2000kg, residual capacity at top beam 1000kg, maximum fork height 10520mm, close mast height 4140mm free lift 3400mm, extended mast height, ACCESORIES, LAMPU SOROT, BACK BUZZER, SPION, SAFETYBELT, SPION, ROTARY LAMP;-;-;2TON;ELECTRIC;10520MM (FFL);10520MM;-;CASTER WHEEL;-;-;3
112;F5032965;ETV MC320-1150-10520DZ;REACH TRUCK;ELECTRIC;2025;SIT-ON basic lead cap. at load centre 600mm 2000kg, residual capacity at top beam 1000kg, maximum fork height 10520mm, close mast height 4140mm free lift 3400mm, extended mast height, ACCESORIES, LAMPU SOROT, BACK BUZZER, SPION, SAFETYBELT, SPION, ROTARY LAMP;-;-;2TON;ELECTRIC;10520MM (FFL);10520MM;-;CASTER WHEEL;-;-;3
113;F5032968;ETV MC320-1150-10520DZ;REACH TRUCK;ELECTRIC;2025;SIT-ON basic lead cap. at load centre 600mm 2000kg, residual capacity at top beam 1000kg, maximum fork height 10520mm, close mast height 4140mm free lift 3400mm, extended mast height, ACCESORIES, LAMPU SOROT, BACK BUZZER, SPION, SAFETYBELT, SPION, ROTARY LAMP;-;-;2TON;ELECTRIC;10520MM (FFL);10520MM;-;CASTER WHEEL;-;-;3
114;F5032970;ETV MC320-1150-10520DZ;REACH TRUCK;ELECTRIC;2025;SIT-ON basic lead cap. at load centre 600mm 2000kg, residual capacity at top beam 1000kg, maximum fork height 10520mm, close mast height 4140mm free lift 3400mm, extended mast height, ACCESORIES, LAMPU SOROT, BACK BUZZER, SPION, SAFETYBELT, SPION, ROTARY LAMP;-;-;2TON;ELECTRIC;10520MM (FFL);10520MM;-;CASTER WHEEL;-;-;3
115;05025DS7434;CPD25-GB2LI-M;FORKLIFT CB;ELECTRIC;2025;HELI G2 LITHIUM FORKLIFT, LISHEN-80V280Ah, 4 CV, FORK 1820MM, PNEUMATIC TIRE, ACESSORIES ROTARY LAMP, USB CHARGER, BACKBUZZER, SAFETYBELT, LED, SPION, FFL;-;-;2,5TON;ELECTRIC;ZSM470;4700MM;-;PNEUMATIC;7.00-12;18x7-8;4
116;05030DS7414;CPD30-GC6LI-S;FORKLIFT CB;ELECTRIC;2025;HELI G2 LITHIUM FORKLIFT, LISHEN-80V280Ah, 4CV, FORK 1220MM, PNEUMATIC FRONT TIRE, SOLID REAR TIRE, ACCESSORIES ROTARY LAMP, USB CHARGER, BACKBUZZER, LED, SPION, SAFETYBELT, FFL;-;-;3TON;ELECTRIC;ZSM470;4700MM;-;PNEUMATIC;28X9-15;200/50-10;4
117;05030DS7413;CPD30-GC6LI-S;FORKLIFT CB;ELECTRIC;2025;HELI G2 LITHIUM FORKLIFT, LISHEN-80V280Ah, 4CV, FORK 1220MM, PNEUMATIC FRONT TIRE, SOLID REAR TIRE, ACCESSORIES ROTARY LAMP, USB CHARGER, BACKBUZZER, LED, SPION, SAFETYBELT, FFL;-;-;3TON;ELECTRIC;ZSM470;4700MM;-;PNEUMATIC;28X9-15;200/50-10;4
118;05030DS7412;CPD30-GC6LI-S;FORKLIFT CB;ELECTRIC;2025;HELI G2 LITHIUM FORKLIFT, LISHEN-80V280Ah, 4CV, FORK 1220MM, PNEUMATIC FRONT TIRE, SOLID REAR TIRE, ACCESSORIES ROTARY LAMP, USB CHARGER, BACKBUZZER, LED, SPION, SAFETYBELT, FFL;-;-;3TON;ELECTRIC;ZSM470;4700MM;-;PNEUMATIC;28X9-15;200/50-10;4
119;05030DS7411;CPD30-GC6LI-S;FORKLIFT CB;ELECTRIC;2025;HELI G2 LITHIUM FORKLIFT, LISHEN-80V280Ah, 4CV, FORK 1220MM, PNEUMATIC FRONT TIRE, SOLID REAR TIRE, ACCESSORIES ROTARY LAMP, USB CHARGER, BACKBUZZER, LED, SPION, SAFETYBELT, FFL;-;-;3TON;ELECTRIC;ZSM470;4700MM;-;PNEUMATIC;28X9-15;200/50-10;4
120;05030DS7410;CPD30-GC6LI-S;FORKLIFT CB;ELECTRIC;2025;HELI G2 LITHIUM FORKLIFT, LISHEN-80V280Ah, 4CV, FORK 1220MM, PNEUMATIC FRONT TIRE, SOLID REAR TIRE, ACCESSORIES ROTARY LAMP, USB CHARGER, BACKBUZZER, LED, SPION, SAFETYBELT, FFL;-;-;3TON;ELECTRIC;ZSM470;4700MM;-;PNEUMATIC;28X9-15;200/50-10;4
121;08020JNN649;CQDM20J-LI;MINI REACH TRUCK STACKER;ELECTRIC;2025;HELI SMALL REACH STACKER LITHIUM BATTERY WITH CHARGER, M300 MAST, 3CV, FORK 1070MM (WITH TILTING FUNCTION);-;-;2TON;ELECTRIC;M300;3000MM;-;LOAD WHEEL;-;-;3
122;080207DD892;CBD20-UGD;PALLET MOVER CABIN;ELECTRIC;2025;PALLET MOVER CABIN LONG FORK P 2400MM/L 685MM;-;-;2TON;ELECTRIC;-;-;-;LOAD WHEEL;-;-;-
123;F5032966;ETV MC320-1150-10520DZ;REACH TRUCK;ELECTRIC;2025;SIT-ON basic lead cap. at load centre 600mm 2000kg, residual capacity at top beam 1000kg, maximum fork height 10520mm, close mast height 4140mm free lift 3400mm, extended mast height, ACCESORIES, LAMPU SOROT, BACK BUZZER, SPION, SAFETYBELT, SPION, ROTARY LAMP;-;-;2TON;ELECTRIC;10520MM (FFL);10520MM;-;CASTER WHEEL;-;-;3
124;F5032004;ETV MC320-1150-10520DZ;REACH TRUCK;ELECTRIC;2025;SIT-ON basic lead cap. at load centre 600mm 2000kg, residual capacity at top beam 1000kg, maximum fork height 10520mm, close mast height 4140mm free lift 3400mm, extended mast height, ACCESORIES, LAMPU SOROT, BACK BUZZER, SPION, SAFETYBELT, SPION, ROTARY LAMP;-;-;2TON;ELECTRIC;10520MM (FFL);10520MM;-;CASTER WHEEL;-;-;3
125;F5032003;ETV MC320-1150-10520DZ;REACH TRUCK;ELECTRIC;2025;SIT-ON basic lead cap. at load centre 600mm 2000kg, residual capacity at top beam 1000kg, maximum fork height 10520mm, close mast height 4140mm free lift 3400mm, extended mast height, ACCESORIES, LAMPU SOROT, BACK BUZZER, SPION, SAFETYBELT, SPION, ROTARY LAMP;-;-;2TON;ELECTRIC;10520MM (FFL);10520MM;-;CASTER WHEEL;-;-;3
126;F5032005;ETV MC320-1150-10520DZ;REACH TRUCK;ELECTRIC;2025;SIT-ON basic lead cap. at load centre 600mm 2000kg, residual capacity at top beam 1000kg, maximum fork height 10520mm, close mast height 4140mm free lift 3400mm, extended mast height, ACCESORIES, LAMPU SOROT, BACK BUZZER, SPION, SAFETYBELT, SPION, ROTARY LAMP;-;-;2TON;ELECTRIC;10520MM (FFL);10520MM;-;CASTER WHEEL;-;-;3
127;185F-04972;NRS18CB1;REACH TRUCK;ELECTRIC;2026;MAST TRIPLEX STAGE 7000MM, FORK 1070MM, 4CV, ACCESSORIES BACKBUZZER, LAMPU SOROT, SPION.;-;-;1,8TON;ELECTRIC;R18M700MS (3 STAGE);7000MM;-;CASTER WHEEL;-;-;4
128;185F-04973;NRS18CB1;REACH TRUCK;ELECTRIC;2026;MAST TRIPLEX STAGE 7000MM, FORK 1070MM, 4CV, ACCESSORIES BACKBUZZER, LAMPU SOROT, SPION.;-;-;1,8TON;ELECTRIC;R18M700MS (3 STAGE);7000MM;-;CASTER WHEEL;-;-;4
129;F5033010;ETV MC320-1150-10520DZ;REACH TRUCK;ELECTRIC;2026;SIT-ON basic lead cap. at load centre 600mm 2000kg, residual capacity at top beam 1000kg, maximum fork height 10520mm, close mast height 4140mm free lift 3400mm, extended mast height, ACCESORIES, LAMPU SOROT, BACK BUZZER, SPION, SAFETYBELT, SPION, ROTARY LAMP;-;-;2TON;ELECTRIC;10520MM (FFL);10520MM;-;CASTER WHEEL;-;-;3
130;F5032972;ETV MC320-1150-10520DZ;REACH TRUCK;ELECTRIC;2026;SIT-ON basic lead cap. at load centre 600mm 2000kg, residual capacity at top beam 1000kg, maximum fork height 10520mm, close mast height 4140mm free lift 3400mm, extended mast height, ACCESORIES, LAMPU SOROT, BACK BUZZER, SPION, SAFETYBELT, SPION, ROTARY LAMP;-;-;2TON;ELECTRIC;10520MM (FFL);10520MM;-;CASTER WHEEL;-;-;3
131;F5032977;ETV MC320-1150-11510DZ;REACH TRUCK;ELECTRIC;2026;SIT-ON basic lead cap. at load centre 600mm 2000kg, residual capacity at top beam 1000kg, maximum fork height 11510mm, close mast height 4470mm free lift 3870mm, extended mast height;-;-;2TON;ELECTRIC;11510MM (FFL);11510MM;-;CASTER WHEEL;-;-;3
132;F5032978;ETV MC320-1150-11510DZ;REACH TRUCK;ELECTRIC;2026;SIT-ON basic lead cap. at load centre 600mm 2000kg, residual capacity at top beam 1000kg, maximum fork height 11510mm, close mast height 4470mm free lift 3870mm, extended mast height;-;-;2TON;ELECTRIC;11510MM (FFL);11510MM;-;CASTER WHEEL;-;-;3
133;F5032971;ETV MC320-1150-10520DZ;REACH TRUCK;ELECTRIC;2026;SIT-ON basic lead cap. at load centre 600mm 2000kg, residual capacity at top beam 1000kg, maximum fork height 10520mm, close mast height 4140mm free lift 3400mm, extended mast height, ACCESORIES, LAMPU SOROT, BACK BUZZER, SPION, SAFETYBELT, SPION, ROTARY LAMP;-;-;2TON;ELECTRIC;10520MM (FFL);10520MM;-;CASTER WHEEL;-;-;3
134;F5032974;ETV MC320-1150-10520DZ;REACH TRUCK;ELECTRIC;2026;SIT-ON basic lead cap. at load centre 600mm 2000kg, residual capacity at top beam 1000kg, maximum fork height 10520mm, close mast height 4140mm free lift 3400mm, extended mast height, ACCESORIES, LAMPU SOROT, BACK BUZZER, SPION, SAFETYBELT, SPION, ROTARY LAMP;-;-;2TON;ELECTRIC;10520MM (FFL);10520MM;-;CASTER WHEEL;-;-;3
135;F5032973;ETV MC320-1150-10520DZ;REACH TRUCK;ELECTRIC;2026;SIT-ON basic lead cap. at load centre 600mm 2000kg, residual capacity at top beam 1000kg, maximum fork height 10520mm, close mast height 4140mm free lift 3400mm, extended mast height, ACCESORIES, LAMPU SOROT, BACK BUZZER, SPION, SAFETYBELT, SPION, ROTARY LAMP;-;-;2TON;ELECTRIC;10520MM (FFL);10520MM;-;CASTER WHEEL;-;-;3
136;010353R7125;CPCD35-M1K2;FORKLIFT CB;DIESEL;2026;FORKLIFT DIESEL TYPE CB MITSUBISHI S4S, M300 MAST, 3 SPOOL+HOSE, PNEUMATIC TYRE, FORK 1070MM, SAFETYBELT, BACKBUZZER.;MITSUBISHI;S4S-421695;3,5TON;DIESEL;M300;3000MM;-;PNEUMATIC;28X9-15;6.50-10;3
137;07025DT7549;CQD25-A2RLIG2;REACH TRUCK;ELECTRIC;2026;FORKLIFT ELECTRIC TYPE RT STANDING, ZSM600 MAST,80V150ah LITIUM, 4VALVES WITH SIDE SHIFTER, FORK 1150MM, ACCESSORIES ROTARY BEACON, BACKBUZZER, USB CHARGER, LED;-;-;2,5TON;ELECTRIC;ZSM600;6000MM;-;CASTER WHEEL;-;-;4
138;FDZN30-45485;FDZN30;FORKLIFT CB;DIESEL;2026;FDZN30 COUNTERBALANCE 3, DIESEL POWERED, OPERATOR TYPE SITE DOWN, AUTOMATIC TRANSMISSION, PNEUMATIC TIRE, LIFT HEIGHT 4300MM (WIDE VISIBLE FULL FREE LIFT 3 STAGES FSV Mast), FORK LENGHT 1070MM, ROTARY LAMP, 2 CONTROL VALVE, BACKBUZZER, SAFETYBELT.;TOYOTA;1DZ-0441976;3TON;DIESEL;FSV 4300MM;4300MM;-;PNEUMATIC;28X9B15;6.50B10;2
139;FDZN30-45506;FDZN30;FORKLIFT CB;DIESEL;2026;FDZN30 COUNTERBALANCE 3, DIESEL POWERED, OPERATOR TYPE SITE DOWN, AUTOMATIC TRANSMISSION, PNEUMATIC TIRE, LIFT HEIGHT 4300MM (WIDE VISIBLE FULL FREE LIFT 3 STAGES FSV Mast), FORK LENGHT 1070MM, ROTARY LAMP, 2 CONTROL VALVE, BACKBUZZER, SAFETYBELT.;TOYOTA;1DZ-0441976;3TON;DIESEL;FSV 4300MM;4300MM;-;PNEUMATIC;28X9B15;6.50B10;2
140;06015DT8522;CPD15SQ-A6LIG3-S;THREE WHEEL;ELECTRIC;2026;FORKLIFT ELECTRIC TYPE CB THREE WHEEL LITHIUM FORKLIFT ZSM500 MAST3CV 1070MM FORK,80V150Ah LISHEN 80V 100 A CHARGER, ROTARY LAMP, SPION, USB CHARGER, SAFETY BELT, BACKBUZZER, LED;-;-;1,5TON;ELECTRIC;ZSM500;5000MM;-;SOLID TIRE;18X7-8;140/55-9;3
141;06015DT8523;CPD15SQ-A6LIG3-S;THREE WHEEL;ELECTRIC;2026;FORKLIFT ELECTRIC TYPE CB THREE WHEEL LITHIUM FORKLIFT ZSM500 MAST3CV 1070MM FORK,80V150Ah LISHEN 80V 100 A CHARGER, ROTARY LAMP, SPION, USB CHARGER, SAFETY BELT, BACKBUZZER, LED;-;-;1,5TON;ELECTRIC;ZSM500;5000MM;-;SOLID TIRE;18X7-8;140/55-9;3
142;05035DT8272;CPD35-GB2LI-M;FORKLIFT CB;ELECTRIC;2026;FORKLIFT ELECTRIC TYPE CB ZSM450, LISHEN-80V404AH, SOLID TYRE, FORK1520MM, ACCESSORIES ROTARY LAMP, BACKBUZZER, USB CHARGER, SAFETYBELT, SPION, LED;-;-;3,5TON;ELECTRIC;ZSM450;4500MM;-;SOLID TIRE;28X9-15;200/50-10;4
143;05035DT8273;CPD35-GB2LI-M;FORKLIFT CB;ELECTRIC;2026;FORKLIFT ELECTRIC TYPE CB ZSM450, LISHEN-80V404AH, SOLID TYRE, FORK1520MM, ACCESSORIES ROTARY LAMP, BACKBUZZER, USB CHARGER, SAFETYBELT, SPION, LED;-;-;3,5TON;ELECTRIC;ZSM450;4500MM;-;SOLID TIRE;28X9-15;200/50-10;4
144;05035DT8274;CPD35-GB2LI-M;FORKLIFT CB;ELECTRIC;2026;FORKLIFT ELECTRIC TYPE CB ZSM450, LISHEN-80V404AH, SOLID TYRE, FORK1520MM, ACCESSORIES ROTARY LAMP, BACKBUZZER, USB CHARGER, SAFETYBELT, SPION, LED;-;-;3,5TON;ELECTRIC;ZSM450;4500MM;-;SOLID TIRE;28X9-15;200/50-10;4
145;05035DT8275;CPD35-GB2LI-M;FORKLIFT CB;ELECTRIC;2026;FORKLIFT ELECTRIC TYPE CB ZSM450, LISHEN-80V404AH, SOLID TYRE, FORK1520MM, ACCESSORIES ROTARY LAMP, BACKBUZZER, USB CHARGER, SAFETYBELT, SPION, LED;-;-;3,5TON;ELECTRIC;ZSM450;4500MM;-;SOLID TIRE;28X9-15;200/50-10;4
146;05035DT8276;CPD35-GB2LI-M;FORKLIFT CB;ELECTRIC;2026;FORKLIFT ELECTRIC TYPE CB ZSM450, LISHEN-80V404AH, SOLID TYRE, FORK1520MM, ACCESSORIES ROTARY LAMP, BACKBUZZER, USB CHARGER, SAFETYBELT, SPION, LED;-;-;3,5TON;ELECTRIC;ZSM450;4500MM;-;SOLID TIRE;28X9-15;200/50-10;4
147;05035DT8277;CPD35-GB2LI-M;FORKLIFT CB;ELECTRIC;2026;FORKLIFT ELECTRIC TYPE CB ZSM450, LISHEN-80V404AH, SOLID TYRE, FORK1520MM, ACCESSORIES ROTARY LAMP, BACKBUZZER, USB CHARGER, SAFETYBELT, SPION, LED;-;-;3,5TON;ELECTRIC;ZSM450;4500MM;-;SOLID TIRE;28X9-15;200/50-10;4
148;05035DT8278;CPD35-GB2LI-M;FORKLIFT CB;ELECTRIC;2026;FORKLIFT ELECTRIC TYPE CB ZSM450, LISHEN-80V404AH, SOLID TYRE, FORK1520MM, ACCESSORIES ROTARY LAMP, BACKBUZZER, USB CHARGER, SAFETYBELT, SPION, LED;-;-;3,5TON;ELECTRIC;ZSM450;4500MM;-;SOLID TIRE;28X9-15;200/50-10;3
149;22040YC9283;QYD40S-J3G2LI;TOWING;ELECTRIC;2026;FORKLIFT ELECTRIC TYPE TOWING TRACTOR LITHIUM BATERY 24V200AH, ROTARY LAMP, BACKBUZZER, SAFETY BELT;-;-;4TON;ELECTRIC;-;-;-;SOLID TIRE;400-8/3.00;400-8/3.00;-
150;22040YC9284;QYD40S-J3G2LI;TOWING;ELECTRIC;2026;FORKLIFT ELECTRIC TYPE TOWING TRACTOR LITHIUM BATERY 24V200AH, ROTARY LAMP, BACKBUZZER, SAFETY BELT;-;-;4TON;ELECTRIC;-;-;-;SOLID TIRE;400-8/3.00;400-8/3.00;-
151;22040YC9285;QYD40S-J3G2LI;TOWING;ELECTRIC;2026;FORKLIFT ELECTRIC TYPE TOWING TRACTOR LITHIUM BATERY 24V200AH, ROTARY LAMP, BACKBUZZER, SAFETY BELT;-;-;4TON;ELECTRIC;-;-;-;SOLID TIRE;400-8/3.00;400-8/3.00;-
152;22040YC9286;QYD40S-J3G2LI;TOWING;ELECTRIC;2026;FORKLIFT ELECTRIC TYPE TOWING TRACTOR LITHIUM BATERY 24V200AH, ROTARY LAMP, BACKBUZZER, SAFETY BELT;-;-;4TON;ELECTRIC;-;-;-;SOLID TIRE;400-8/3.00;400-8/3.00;-
153;22040YC9287;QYD40S-J3G2LI;TOWING;ELECTRIC;2026;FORKLIFT ELECTRIC TYPE TOWING TRACTOR LITHIUM BATERY 24V200AH, ROTARY LAMP, BACKBUZZER, SAFETY BELT;-;-;4TON;ELECTRIC;-;-;-;SOLID TIRE;400-8/3.00;400-8/3.00;-
154;22040YC9288;QYD40S-J3G2LI;TOWING;ELECTRIC;2026;FORKLIFT ELECTRIC TYPE TOWING TRACTOR LITHIUM BATERY 24V200AH, ROTARY LAMP, BACKBUZZER, SAFETY BELT;-;-;4TON;ELECTRIC;-;-;-;SOLID TIRE;400-8/3.00;400-8/3.00;-
155;22040YC9289;QYD40S-J3G2LI;TOWING;ELECTRIC;2026;FORKLIFT ELECTRIC TYPE TOWING TRACTOR LITHIUM BATERY 24V200AH, ROTARY LAMP, BACKBUZZER, SAFETY BELT;-;-;4TON;ELECTRIC;-;-;-;SOLID TIRE;400-8/3.00;400-8/3.00;-
156;22040YC9290;QYD40S-J3G2LI;TOWING;ELECTRIC;2026;FORKLIFT ELECTRIC TYPE TOWING TRACTOR LITHIUM BATERY 24V200AH, ROTARY LAMP, BACKBUZZER, SAFETY BELT;-;-;4TON;ELECTRIC;-;-;-;SOLID TIRE;400-8/3.00;400-8/3.00;-
157;010503R9263;CPCD50-M4XK2;FORKLIFT CB;DIESEL;2026;FORKLIFT DIESEL TYPE CB HELI DIESEL MITSUBISHI S6S METIC TRANSMITION MAST M300 PHENEMITIC TIRE FORK 1220, ROTARY LAMP, LED, SPION, SAFETY BELT, BACKBUZZER, 6 SILINDER;MITSUBISHI;S6S-142439;5TON;DIESEL;M300;3000MM;-;PNEUMATIC;300-15;7.00-12;2
158;010353S1050;CPCD35-M1K2;FORKLIFT CB;DIESEL;2026;FORKLIFT DIESEL TYPE CB HELI DIESEL FORKLIFT MITSUBISHI S4S ZSM450 MAST PHENEMITIC TIRE FORK 1070, ROTARY BEKEN, SPION, LED, BACKBUZZER, SAFETY BELT, 4 SILINDER;MITSUBISHI;S4S-423094;3,5TON;DIESEL;ZSM450;4500MM;-;PNEUMATIC;28X9-15/8.15-15;6.50-10;4
159;010353S1051;CPCD35-M1K2;FORKLIFT CB;DIESEL;2026;FORKLIFT DIESEL TYPE CB HELI DIESEL FORKLIFT MITSUBISHI S4S ZSM450 MAST PHENEMITIC TIRE FORK 1070, ROTARY BEKEN, SPION, LED, BACKBUZZER, SAFETY BELT, 4 SILINDER;MITSUBISHI;S4S-423089;3,5TON;DIESEL;ZSM450;4500MM;-;PNEUMATIC;28X9-15/8.15-15;6.50-10;4
160;010353S1052;CPCD35-M1K2;FORKLIFT CB;DIESEL;2026;FORKLIFT DIESEL TYPE CB HELI DIESEL FORKLIFT MITSUBISHI S4S ZSM450 MAST PHENEMITIC TIRE FORK 1070, ROTARY BEKEN, SPION, LED, BACKBUZZER, SAFETY BELT, 4 SILINDER;MITSUBISHI;S4S-422890;3,5TON;DIESEL;ZSM450;4500MM;-;PNEUMATIC;28X9-15/8.15-15;6.50-10;4
161;010353S1053;CPCD35-M1K2;FORKLIFT CB;DIESEL;2026;FORKLIFT DIESEL TYPE CB HELI DIESEL FORKLIFT MITSUBISHI S4S ZSM450 MAST PHENEMITIC TIRE FORK 1070, ROTARY BEKEN, SPION, LED, BACKBUZZER, SAFETY BELT, 4 SILINDER;MITSUBISHI;S4S-422867;3,5TON;DIESEL;ZSM450;4500MM;-;PNEUMATIC;28X9-15/8.15-15;6.50-10;4
162;010353S1054;CPCD35-M1K2;FORKLIFT CB;DIESEL;2026;FORKLIFT DIESEL TYPE CB HELI DIESEL FORKLIFT MITSUBISHI S4S ZSM450 MAST PHENEMITIC TIRE FORK 1070, ROTARY BEKEN, SPION, LED, BACKBUZZER, SAFETY BELT, 4 SILINDER;MITSUBISHI;S4S-422868;3,5TON;DIESEL;ZSM450;4500MM;-;PNEUMATIC;28X9-15/8.15-15;6.50-10;4
163;010353S1055;CPCD35-M1K2;FORKLIFT CB;DIESEL;2026;FORKLIFT DIESEL TYPE CB HELI DIESEL FORKLIFT MITSUBISHI S4S ZSM450 MAST PHENEMITIC TIRE FORK 1070, ROTARY BEKEN, SPION, LED, BACKBUZZER, SAFETY BELT, 4 SILINDER;MITSUBISHI;S4S-423080;3,5TON;DIESEL;ZSM450;4500MM;-;PNEUMATIC;28X9-15/8.15-15;6.50-10;4
164;010353S1059;CPCD35-M1K2;FORKLIFT CB;DIESEL;2026;FORKLIFT DIESEL TYPE CB HELI DIESEL FORKLIFT MITSUBISHI S4S ZSM450 MAST PHENEMITIC TIRE FORK 1070, ROTARY BEKEN, SPION, LED, BACKBUZZER, SAFETY BELT, 4 SILINDER;MITSUBISHI;S4S-423108;3,5TON;DIESEL;ZSM450;4500MM;-;PNEUMATIC;28X9-15/8.15-15;6.50-10;4
165;05025DT8187;CPD25-GC6LI-S;FORKLIFT CB;ELECTRIC;2026;FORKLIFT ELECTRIC TYPE CB HELI LITHIUM FORKLIFT ZSM600,MAST 3CV,1070MM,80V280AH LISHEN BATTERY80V200A CHARGER, ROTARY, SAFETY BELT, BACKBUZZER, LED, SPION, USB CHARGER;-;-;2,5TON;ELECTRIC;ZSM600;6000MM;-;PNEUMATIC;7.00-12;18X7-8;3
166;05025DT8188;CPD25-GC6LI-S;FORKLIFT CB;ELECTRIC;2026;FORKLIFT ELECTRIC TYPE CB HELI LITHIUM FORKLIFT ZSM600,MAST 3CV,1070MM,80V280AH LISHEN BATTERY80V200A CHARGER, ROTARY, SAFETY BELT, BACKBUZZER, LED, SPION, USB CHARGER;-;-;2,5TON;ELECTRIC;ZSM600;6000MM;-;PNEUMATIC;7.00-12;18X7-8;3
167;05025DT8343;CPD25-GC6LI-S;FORKLIFT CB;ELECTRIC;2026;FORKLIFT ELECTRIC TYPE CB HELI LITHIUM MITSHUBISHI S6S METIC TRANMISISION M500 SOLID TYRE 1220MM FORK, ROTARY, USB CHARGER, THREEWAY, SPION, LED, SAFETY BELT, BACKBUZZER;-;-;2,5TON;ELECTRIC;M500;5000MM;-;PNEUMATIC;7.00-12;18X7-8;3
168;05025DT8344;CPD25-GC6LI-S;FORKLIFT CB;ELECTRIC;2026;FORKLIFT ELECTRIC TYPE CB HELI LITHIUM MITSHUBISHI S6S METIC TRANMISISION M500 SOLID TYRE 1220MM FORK, ROTARY, USB CHARGER, THREEWAY, SPION, LED, SAFETY BELT, BACKBUZZER;-;-;2,5TON;ELECTRIC;M500;5000MM;-;PNEUMATIC;7.00-12;18X7-8;3
169;05025DT8345;CPD25-GC6LI-S;FORKLIFT CB;ELECTRIC;2026;FORKLIFT ELECTRIC TYPE CB HELI LITHIUM MITSHUBISHI S6S METIC TRANMISISION M500 SOLID TYRE 1220MM FORK, ROTARY, USB CHARGER, THREEWAY, SPION, LED, SAFETY BELT, BACKBUZZER;-;-;2,5TON;ELECTRIC;M500;5000MM;-;PNEUMATIC;7.00-12;18X7-8;3
170;05025DT8346;CPD25-GC6LI-S;FORKLIFT CB;ELECTRIC;2026;FORKLIFT ELECTRIC TYPE CB HELI LITHIUM MITSHUBISHI S6S METIC TRANMISISION M500 SOLID TYRE 1220MM FORK, ROTARY, USB CHARGER, THREEWAY, SPION, LED, SAFETY BELT, BACKBUZZER;-;-;2,5TON;ELECTRIC;M500;5000MM;-;PNEUMATIC;7.00-12;18X7-8;3
171;05025DT8347;CPD25-GC6LI-S;FORKLIFT CB;ELECTRIC;2026;FORKLIFT ELECTRIC TYPE CB HELI LITHIUM MITSHUBISHI S6S METIC TRANMISISION M500 SOLID TYRE 1220MM FORK, ROTARY, USB CHARGER, THREEWAY, SPION, LED, SAFETY BELT, BACKBUZZER;-;-;2,5TON;ELECTRIC;M500;5000MM;-;PNEUMATIC;7.00-12;18X7-8;3
172;05035DT8139;CPD35-GC6LI-S;FORKLIFT CB;ELECTRIC;2026;FORKLIFT ELECTRIC TYPE CB HELI LITHIUM FORKLIFT ZSM450 PHENEMITIC TIRE FORK 1220MM, ROTARY, BACKBUZZER, SPION, LED, SAFETY BELT, USB CHARGER;-;-;3,5TON;ELECTRIC;ZSM450;4500MM;-;SOLID TIRE;28X9-15;200/50-10;3
173;05035DT8140;CPD35-GC6LI-S;FORKLIFT CB;ELECTRIC;2026;FORKLIFT ELECTRIC TYPE CB HELI LITHIUM FORKLIFT ZSM450 PHENEMITIC TIRE FORK 1220MM, ROTARY, BACKBUZZER, SPION, LED, SAFETY BELT, USB CHARGER;-;-;3,5TON;ELECTRIC;ZSM450;4500MM;-;SOLID TIRE;28X9-15;200/50-10;3
174;07018DT8124;CQD18-A2RLIG2;REACH TRUCK;ELECTRIC;2026;FORKLIFT ELECTRIC TYPE RT HELI LITHIUM BATTERY STANDING TYPE REACH TRUCK ZSM675 SIDE SHIFTER AA50mm FORK, SAFETY BELT, LED, BACKBUZZER, DISPLAY, USB CHARGER, INCLUDE CAMERA;-;-;1,8TON;ELECTRIC;ZSM675;6750MM;-;CASTER WHEEL;-;-;4
175;07018DT8125;CQD18-A2RLIG2;REACH TRUCK;ELECTRIC;2026;FORKLIFT ELECTRIC TYPE RT HELI LITHIUM BATTERY STANDING TYPE REACH TRUCK ZSM675 SIDE SHIFTER AA50mm FORK, SAFETY BELT, LED, BACKBUZZER, DISPLAY, USB CHARGER, INCLUDE CAMERA;-;-;1,8TON;ELECTRIC;ZSM675;6750MM;-;CASTER WHEEL;-;-;4
176;07018DT8259;CQD18-A2RLIG2;REACH TRUCK;ELECTRIC;2026;FORKLIFT ELECTRIC TYPE RT HELI LITHIUM BATTERY STANDING TYPE REACH TRUCK ZSM600 SIDE SHIFTER AA50mm FORK;-;-;1,8TON;ELECTRIC;ZSM600;6000MM;-;CASTER WHEEL;-;-;4
177;07018DT8260;CQD18-A2RLIG2;REACH TRUCK;ELECTRIC;2026;FORKLIFT ELECTRIC TYPE RT HELI LITHIUM BATTERY STANDING TYPE REACH TRUCK ZSM675 SIDE SHIFTER AA50mm FORK, SAFETY BELT, LED, BACKBUZZER, DISPLAY, USB CHARGER, INCLUDE CAMERA;-;-;1,8TON;ELECTRIC;ZSM675;6750MM;-;CASTER WHEEL;-;-;4
178;07020DT8388;CQD20-GB2SHDLI;REACH TRUCK;ELECTRIC;2026;FORKLIFT ELECTRIC TYPE RT HELI REACH TRUCK ZSM950 LITHIUM BATTERY SIDE SHIFTER 1150mm, SAFETY BELT, LED, BACKBUZZER, DISPLAY, USB CHARGER, ROTARY BEKEN, SPION, SEAT, INCLUDE CAMERA FRONT;-;-;2TON;ELECTRIC;ZSM950;9500MM;-;CASTER WHEEL;-;-;4
179;07020DT8389;CQD20-GB2SHDLI;REACH TRUCK;ELECTRIC;2026;FORKLIFT ELECTRIC TYPE RT HELI REACH TRUCK ZSM950 LITHIUM BATTERY SIDE SHIFTER 1150mm, SAFETY BELT, LED, BACKBUZZER, DISPLAY, USB CHARGER, ROTARY BEKEN, SPION, SEAT, INCLUDE CAMERA FRONT;-;-;2TON;ELECTRIC;ZSM950;9500MM;-;CASTER WHEEL;-;-;4
180;07020DT8390;CQD20-GB2SHDLI;REACH TRUCK;ELECTRIC;2026;FORKLIFT ELECTRIC TYPE RT HELI REACH TRUCK ZSM950 LITHIUM BATTERY SIDE SHIFTER 1150mm, SAFETY BELT, LED, BACKBUZZER, DISPLAY, USB CHARGER, ROTARY BEKEN, SPION, SEAT, INCLUDE CAMERA FRONT;-;-;2TON;ELECTRIC;ZSM950;9500MM;-;CASTER WHEEL;-;-;4
181;07020DT8391;CQD20-GB2SHDLI;REACH TRUCK;ELECTRIC;2026;FORKLIFT ELECTRIC TYPE RT HELI REACH TRUCK ZSM950 LITHIUM BATTERY SIDE SHIFTER 1150mm, SAFETY BELT, LED, BACKBUZZER, DISPLAY, USB CHARGER, ROTARY BEKEN, SPION, SEAT, INCLUDE CAMERA FRONT;-;-;2TON;ELECTRIC;ZSM950;9500MM;-;CASTER WHEEL;-;-;4
182;07020DT8392;CQD20-GB2SHDLI;REACH TRUCK;ELECTRIC;2026;FORKLIFT ELECTRIC TYPE RT HELI REACH TRUCK ZSM950 LITHIUM BATTERY SIDE SHIFTER 1150mm, SAFETY BELT, LED, BACKBUZZER, DISPLAY, USB CHARGER, ROTARY BEKEN, SPION, SEAT, INCLUDE CAMERA FRONT;-;-;2TON;ELECTRIC;ZSM950;9500MM;-;CASTER WHEEL;-;-;4
183;07025DT8678;CQD25-A2RLIG2;REACH TRUCK;ELECTRIC;2026;FORKLIFT ELECTRIC TYPE RT HELI STANDING TYPEREACH TRUCK ZSM500 SIDE SHIFTER 1150MM FORK, ROTARY BEKEN, LED, BACKBUZZER, SPION, USB CHARGER;-;-;2,5TON;ELECTRIC;ZSM500;5000MM;-;CASTER WHEEL;-;-;4
184;07025DT8679;CQD25-A2RLIG2;REACH TRUCK;ELECTRIC;2026;FORKLIFT ELECTRIC TYPE RT HELI STANDING TYPEREACH TRUCK ZSM500 SIDE SHIFTER 1150MM FORK, ROTARY BEKEN, LED, BACKBUZZER, SPION, USB CHARGER;-;-;2,5TON;ELECTRIC;ZSM500;5000MM;-;CASTER WHEEL;-;-;4
185;07025DT8680;CQD25-A2RLIG2;REACH TRUCK;ELECTRIC;2026;FORKLIFT ELECTRIC TYPE RT HELI STANDING TYPEREACH TRUCK ZSM500 SIDE SHIFTER 1150MM FORK, ROTARY BEKEN, LED, BACKBUZZER, SPION, USB CHARGER;-;-;2,5TON;ELECTRIC;ZSM500;5000MM;-;CASTER WHEEL;-;-;4
186;010253S1434;CPCD25-M1K2;FORKLIFT CB;DIESEL;2026;FORKLIFT DIESEL TYPE CB HELI DIESEL MITSHUBISHI S4S METIC TRANSMITION ZSM500 MAST 3 PNEUMATIC TIRE 1070MM, ROTARY BEKEN, SAFETY BELT, LED, SPION, BACKBUZZER, 4 SILINDER;MITSUBISHI;S4S-422965;2,5TON;DIESEL;ZSM500;5000MM;-;PNEUMATIC;7.00-12;6.00-9;3
187;010253S1435;CPCD25-M1K2;FORKLIFT CB;DIESEL;2026;FORKLIFT DIESEL TYPE CB HELI DIESEL MITSHUBISHI S4S METIC TRANSMITION ZSM500 MAST 3 SOLID TIRE 1070MM, ROTARY BEKEN, SAFETY BELT, LED, SPION, BACKBUZZER, 4 SILINDER;MITSUBISHI;S4S-422967;2,5TON;DIESEL;ZSM500;5000MM;-;SOLID TIRE;7.00-12;6.00-9;3
188;010503R9262;CPCD50-M4XK2;FORKLIFT CB;DIESEL;2026;FORKLIFT DIESEL TYPE CB HELI DIESEL MITSUBISHI S6S METIC TRANSMITION MAST M300 PHENEMITIC TIRE FORK 2230MM, ROTARY, LED, SPION, BACKBUZZER, SAFETY BELT, 6 SILINDER;MITSUBISHI;S6S-142371;5TON;DIESEL;M300;3000MM;-;PNEUMATIC;300-15;7.00-12;2
189;06015DT8524;CPD15SQ-A6LIG3-S;THREE WHEEL;ELECTRIC;2026;FORKLIFT ELECTRIC TYPE CB THREE WHEEL HELI LITHIUM FORKLIFT ZSM500 MAST3CV 1070 MM FORK,80V150Ah LISHEN 80V 100 A CHARGER, ROTARY, BACKBUZZER, SAFETY BELT, USB CHARGER, SPION, LED;-;-;1,8TON;ELECTRIC;ZSM300;3000MM;-;SOLID TIRE;18X7-8;140/55-9;3
190;05025DT8358;CPD25-A6LIK3-H;FORKLIFT CB;ELECTRIC;2026;FORKLIFT ELECTRIC TYPE CB HELI LITHIUM FORKLIFT M300, 80V202AH, REMA CHARGER, SOLID TYRE 1070MM FORK, ROTARY, BACKBUZZER, SPION, LED, SAFETY BELT;-;-;2,5TON;ELECTRIC;M300;3000MM;-;SOLID TIRE;7.00-12;6.00-9;2
191;05025DT8359;CPD25-A6LIK3-H;FORKLIFT CB;ELECTRIC;2026;FORKLIFT ELECTRIC TYPE CB HELI LITHIUM FORKLIFT M300, 80V202AH, REMA CHARGER, SOLID TYRE 1070MM FORK, ROTARY, BACKBUZZER, SPION, LED, SAFETY BELT;-;-;2,5TON;ELECTRIC;M300;3000MM;-;SOLID TIRE;7.00-12;6.00-9;2
192;05025DT8360;CPD25-A6LIK3-H;FORKLIFT CB;ELECTRIC;2026;FORKLIFT ELECTRIC TYPE CB HELI LITHIUM FORKLIFT M300, 80V202AH, REMA CHARGER, SOLID TYRE 1070MM FORK, ROTARY, BACKBUZZER, SPION, LED, SAFETY BELT;-;-;2,5TON;ELECTRIC;M300;3000MM;-;SOLID TIRE;7.00-12;6.00-9;2
193;05025DT8361;CPD25-A6LIK3-H;FORKLIFT CB;ELECTRIC;2026;FORKLIFT ELECTRIC TYPE CB HELI LITHIUM FORKLIFT M300, 80V202AH, REMA CHARGER, SOLID TYRE 1070MM FORK, ROTARY, BACKBUZZER, SPION, LED, SAFETY BELT;-;-;2,5TON;ELECTRIC;M300;3000MM;-;SOLID TIRE;7.00-12;6.00-9;2
194;05025DT8362;CPD25-A6LIK3-H;FORKLIFT CB;ELECTRIC;2026;FORKLIFT ELECTRIC TYPE CB HELI LITHIUM FORKLIFT M300, 80V202AH, REMA CHARGER, SOLID TYRE 1070MM FORK, ROTARY, BACKBUZZER, SPION, LED, SAFETY BELT;-;-;2,5TON;ELECTRIC;M300;3000MM;-;SOLID TIRE;7.00-12;6.00-9;2
195;05035DT8138;CPD35-GC6LI-S;FORKLIFT CB;ELECTRIC;2026;FORKLIFT ELECTRIC TYPE CB HELI LITHIUM FORKLIFT M300, 80V202AH, REMA CHARGER, SOLID TYRE 1070MM FORK, ROTARY, BACKBUZZER, SPION, LED, SAFETY BELT;-;-;3,5TON;ELECTRIC;ZSM450;4500MM;-;SOLID TIRE;28X9-15;200/50-10;3
196;05035DT8141;CPD35-GC6LI-S;FORKLIFT CB;ELECTRIC;2026;FORKLIFT ELECTRIC TYPE CB HELI LITHIUM FORKLIFT M300, 80V202AH, REMA CHARGER, SOLID TYRE 1070MM FORK, ROTARY, BACKBUZZER, SPION, LED, SAFETY BELT;-;-;3,5TON;ELECTRIC;ZSM450;4500MM;-;SOLID TIRE;28X9-15;200/50-10;3
197;05035DT8142;CPD35-GC6LI-S;FORKLIFT CB;ELECTRIC;2026;FORKLIFT ELECTRIC TYPE CB HELI LITHIUM FORKLIFT M300, 80V202AH, REMA CHARGER, SOLID TYRE 1070MM FORK, ROTARY, BACKBUZZER, SPION, LED, SAFETY BELT;-;-;3,5TON;ELECTRIC;ZSM450;4500MM;-;SOLID TIRE;28X9-15;200/50-10;3
198;05035DT8143;CPD35-GC6LI-S;FORKLIFT CB;ELECTRIC;2026;FORKLIFT ELECTRIC TYPE CB HELI LITHIUM FORKLIFT M300, 80V202AH, REMA CHARGER, SOLID TYRE 1070MM FORK, ROTARY, BACKBUZZER, SPION, LED, SAFETY BELT;-;-;3,5TON;ELECTRIC;ZSM450;4500MM;-;SOLID TIRE;28X9-15;200/50-10;3
199;05035DT8144;CPD35-GC6LI-S;FORKLIFT CB;ELECTRIC;2026;FORKLIFT ELECTRIC TYPE CB HELI LITHIUM FORKLIFT M300, 80V202AH, REMA CHARGER, SOLID TYRE 1070MM FORK, ROTARY, BACKBUZZER, SPION, LED, SAFETY BELT;-;-;3,5TON;ELECTRIC;ZSM450;4500MM;-;SOLID TIRE;28X9-15;200/50-10;3
200;05035DT8145;CPD35-GC6LI-S;FORKLIFT CB;ELECTRIC;2026;FORKLIFT ELECTRIC TYPE CB HELI LITHIUM FORKLIFT M300, 80V202AH, REMA CHARGER, SOLID TYRE 1070MM FORK, ROTARY, BACKBUZZER, SPION, LED, SAFETY BELT;-;-;3,5TON;ELECTRIC;ZSM450;4500MM;-;SOLID TIRE;28X9-15;200/50-10;3
201;05035DT8146;CPD35-GC6LI-S;FORKLIFT CB;ELECTRIC;2026;FORKLIFT ELECTRIC TYPE CB HELI LITHIUM FORKLIFT M300, 80V202AH, REMA CHARGER, SOLID TYRE 1070MM FORK, ROTARY, BACKBUZZER, SPION, LED, SAFETY BELT;-;-;3,5TON;ELECTRIC;ZSM450;4500MM;-;SOLID TIRE;28X9-15;200/50-10;3
202;05035DT8147;CPD35-GC6LI-S;FORKLIFT CB;ELECTRIC;2026;FORKLIFT ELECTRIC TYPE CB HELI LITHIUM FORKLIFT M300, 80V202AH, REMA CHARGER, SOLID TYRE 1070MM FORK, ROTARY, BACKBUZZER, SPION, LED, SAFETY BELT;-;-;3,5TON;ELECTRIC;ZSM450;4500MM;-;SOLID TIRE;28X9-15;200/50-10;3
203;05040DT8792;CPD40-GB2LI;FORKLIFT CB;ELECTRIC;2026;FORKLIFT ELECTRIC TYPE CB HELI M300,SIDE SHIFTER,1220MM ORK FRONT REAR, ROTARY, BLUE SPOT, LED, SPION, BACK BUZZER, SAFETY BELT, USB CHARGER;-;-;4TON;ELECTRIC;M300;3000MM;-;SOLID TIRE;250-15;21X8-9;3
204;CJ2511-3083;PC-CB30SL-P1;HAND PALLET MANUAL;DIESEL;2026;HAND PALLET MANUAL FORK PANJANG 1220MM/LEBAR 685MM;-;-;-;-;-;-;-;LOAD WHEEL;-;-;-
205;CJ2511-3084;PC-CB30SL-P1;HAND PALLET MANUAL;DIESEL;2026;HAND PALLET MANUAL FORK PANJANG 1220MM/LEBAR 685MM;-;-;-;-;-;-;-;LOAD WHEEL;-;-;-
206;08020JUA163;CQDM20J-LI;HAND PALLET ELECTRIC;ELECTRIC;2026;FORKLIFT ELECTRIC TYPE PM HELI LITHIUM BATTERY SMALL REACH TRUCK ER ZSM500,1070MM FORTK (WITH TILTING FUNCTION);-;-;2TON;ELECTRIC;ZSM500;5000MM;-;LOAD WHEEL;-;-;3
207;08020JUA164;CQDM20J-LI;HAND PALLET ELECTRIC;ELECTRIC;2026;FORKLIFT ELECTRIC TYPE PM HELI LITHIUM BATTERY SMALL REACH TRUCK ER ZSM500,1070MM FORTK (WITH TILTING FUNCTION);-;-;2TON;ELECTRIC;ZSM500;5000MM;-;LOAD WHEEL;-;-;3
208;08020JUA165;CQDM20J-LI;HAND PALLET ELECTRIC;ELECTRIC;2026;FORKLIFT ELECTRIC TYPE PM HELI LITHIUM BATTERY SMALL REACH TRUCK ER ZSM500,1070MM FORTK (WITH TILTING FUNCTION);-;-;2TON;ELECTRIC;ZSM500;5000MM;-;LOAD WHEEL;-;-;3
209;08020JUA166;CQDM20J-LI;HAND PALLET ELECTRIC;ELECTRIC;2026;FORKLIFT ELECTRIC TYPE PM HELI LITHIUM BATTERY SMALL REACH TRUCK ER ZSM500,1070MM FORTK (WITH TILTING FUNCTION);-;-;2TON;ELECTRIC;ZSM500;5000MM;-;LOAD WHEEL;-;-;3
210;08020JUA167;CQDM20J-LI;HAND PALLET ELECTRIC;ELECTRIC;2026;FORKLIFT ELECTRIC TYPE PM HELI LITHIUM BATTERY SMALL REACH TRUCK ER ZSM500,1070MM FORTK (WITH TILTING FUNCTION);-;-;2TON;ELECTRIC;ZSM500;5000MM;-;LOAD WHEEL;-;-;3
211;080207EF930;CBD20-UGD;PALLET MOVER CABIN;ELECTRIC;2026;PALLET MOVER CABIN LOW FORK/SINGLE PALLET P 1150MM/L 680MM;-;-;2TON;ELECTRIC;-;-;-;LOAD WHEEL;-;-;-
212;080207EF931;CBD20-UGD;PALLET MOVER CABIN;ELECTRIC;2026;PALLET MOVER CABIN LOW FORK/SINGLE PALLET P 1150MM/L 680MM;-;-;2TON;ELECTRIC;-;-;-;LOAD WHEEL;-;-;-
213;080207EF932;CBD20-UGD;PALLET MOVER CABIN;ELECTRIC;2026;PALLET MOVER CABIN LOW FORK/SINGLE PALLET P 1150MM/L 680MM;-;-;2TON;ELECTRIC;-;-;-;LOAD WHEEL;-;-;-
214;080207EF933;CBD20-UGD;PALLET MOVER CABIN;ELECTRIC;2026;PALLET MOVER CABIN LOW FORK/SINGLE PALLET P 1150MM/L 680MM;-;-;2TON;ELECTRIC;-;-;-;LOAD WHEEL;-;-;-
215;080207EF934;CBD20-UGD;PALLET MOVER CABIN;ELECTRIC;2026;PALLET MOVER CABIN LOW FORK/SINGLE PALLET P 1150MM/L 680MM;-;-;2TON;ELECTRIC;-;-;-;LOAD WHEEL;-;-;-
216;080207EF935;CBD20-UGD;PALLET MOVER CABIN;ELECTRIC;2026;PALLET MOVER CABIN LONG FORK/DOUBLE PALLET P 2400MM/L 680MM;-;-;2TON;ELECTRIC;-;-;-;LOAD WHEEL;-;-;-
217;080207EF936;CBD20-UGD;PALLET MOVER CABIN;ELECTRIC;2026;PALLET MOVER CABIN LONG FORK/DOUBLE PALLET P 2400MM/L 680MM;-;-;2TON;ELECTRIC;-;-;-;LOAD WHEEL;-;-;-
218;080207EF937;CBD20-UGD;PALLET MOVER CABIN;ELECTRIC;2026;PALLET MOVER CABIN LONG FORK/DOUBLE PALLET P 2400MM/L 680MM;-;-;2TON;ELECTRIC;-;-;-;LOAD WHEEL;-;-;-
219;080207EF938;CBD20-UGD;PALLET MOVER CABIN;ELECTRIC;2026;PALLET MOVER CABIN LONG FORK/DOUBLE PALLET P 2400MM/L 680MM;-;-;2TON;ELECTRIC;-;-;-;LOAD WHEEL;-;-;-
220;080207EF939;CBD20-UGD;PALLET MOVER CABIN;ELECTRIC;2026;PALLET MOVER CABIN LONG FORK/DOUBLE PALLET P 2400MM/L 680MM;-;-;2TON;ELECTRIC;-;-;-;LOAD WHEEL;-;-;-
221;CJ25113080;PC-CB30SL-P1;HAND PALLET MANUAL;DIESEL;2026;HAND PALLET MANUAL FORK PANJANG 1220MM/LEBAR 685MM;-;-;-;-;-;-;-;LOAD WHEEL;-;-;-
222;CJ25113081;PC-CB30SL-P1;HAND PALLET MANUAL;DIESEL;2026;HAND PALLET MANUAL FORK PANJANG 1220MM/LEBAR 685MM;-;-;-;-;-;-;-;LOAD WHEEL;-;-;-
223;CJ25113084;PC-CB30SL-P1;HAND PALLET MANUAL;DIESEL;2026;HAND PALLET MANUAL FORK PANJANG 1220MM/LEBAR 685MM;-;-;-;-;-;-;-;LOAD WHEEL;-;-;-
224;CJ25120026;PC-CB30SL-P1;HAND PALLET MANUAL;DIESEL;2026;HAND PALLET MANUAL FORK PANJANG 1220MM/LEBAR 685MM;-;-;-;-;-;-;-;LOAD WHEEL;-;-;-
