id;customer_name;customer_code;marketing_name;is_active;created_at;updated_at
1;PT ABC Kogen Dairy;AKD62;DEIS;1;17/02/2026 18:08;17/02/2026 18:08
2;PT Adira Makmur Abadi;AMA97;DEIS;1;17/02/2026 18:08;17/02/2026 18:08
3;PT Admira Garuda Nusantara;AGN06;WINSTON;1;17/02/2026 18:08;17/02/2026 18:08
4;PT Amerta Indah Otsuka;AIO90;DEIS;1;17/02/2026 18:08;17/02/2026 18:08
5;PT Asahimas Flat Glass Tbk;AFGT83;TATA;1;17/02/2026 18:08;17/02/2026 18:08
6;PT Asian Isuzu Casting Center;AICC72;DEIS;1;17/02/2026 18:08;17/02/2026 18:08
7;PT Aspex Kumbong;AK84;NANDA;1;17/02/2026 18:08;17/02/2026 18:08
8;PT Astro Technologies Indonesia;ATI69;DEIS;1;17/02/2026 18:08;17/02/2026 18:08
9;PT Bakrie Autoparts;BA38;DEIS;1;17/02/2026 18:08;17/02/2026 18:08
10;PT Bekaert Indonesia;BI41;DEIS;1;17/02/2026 18:08;17/02/2026 18:08
11;PT Berjaya Nawaplastic Indonesia;BNI40;DEIS;1;17/02/2026 18:08;17/02/2026 18:08
12;PT Berlina Tbk;BT49;DEIS;1;17/02/2026 18:08;17/02/2026 18:08
13;PT Bitutek;B95;TATA;1;17/02/2026 18:08;17/02/2026 18:08
14;PT Bridon;B30;NANDA;1;17/02/2026 18:08;17/02/2026 18:08
15;PT Bukit Muria Jaya;BMJ38;DEIS;1;17/02/2026 18:08;17/02/2026 18:08
16;PT Cahayaputra Asa Keramik Tbk;CAKT06;NANDA;1;17/02/2026 18:08;17/02/2026 18:08
17;PT Catur Sentosa Anugrah;CSA83;DEIS;1;17/02/2026 18:08;17/02/2026 18:08
18;PT Cemindo Gemilang Tbk;CGT16;DEIS;1;17/02/2026 18:08;17/02/2026 18:08
19;PT Cipta Mapan Logistik;CML50;NANDA;1;17/02/2026 18:08;17/02/2026 18:08
20;PT Cipta Mortar Utama;CMU87;DEIS;1;17/02/2026 18:08;17/02/2026 18:08
21;PT Cipta Multi Buana Perkasa;CMBP27;DEIS;1;17/02/2026 18:08;17/02/2026 18:08
22;PT Cipta Niaga Semesta;CNS19;DEIS;1;17/02/2026 18:08;17/02/2026 18:08
23;PT Cipta Unggul Lintas Samudera;CULS52;DEIS;1;17/02/2026 18:08;17/02/2026 18:08
24;PT CJ Logistics Indonesia;CLI94;DEIS;1;17/02/2026 18:08;17/02/2026 18:08
25;PT CS2 Pola Sehat;CPS91;DEIS;1;17/02/2026 18:08;17/02/2026 18:08
26;PT Daho PNC Indonesia;DPI76;DEIS;1;17/02/2026 18:08;17/02/2026 18:08
27;PT Dayacipta Kemasindo;DK29;TATA;1;17/02/2026 18:08;17/02/2026 18:08
28;PT Dharma Control Cable Indonesia;DCCI03;DEIS;1;17/02/2026 18:08;17/02/2026 18:08
29;PT Dharma Polimetal Tbk;DPT89;NANDA;1;17/02/2026 18:08;17/02/2026 18:08
30;PT DHL Supply Chain Indonesia;DSCI04;DEIS;1;17/02/2026 18:08;17/02/2026 18:08
31;PT Duta Citra Lestari;DCL87;DEIS;1;17/02/2026 18:08;17/02/2026 18:08
32;PT Duta Sentosa Yasa;DSY24;DEIS;1;17/02/2026 18:08;17/02/2026 18:08
33;PT Energi Sejahtera Mas;ESM10;DEIS;1;17/02/2026 18:08;17/02/2026 18:08
34;PT Fajar Surya Wisesa Tbk;FSWT72;TATA;1;17/02/2026 18:08;17/02/2026 18:08
35;PT Frigoglass Indonesia;FI03;DEIS;1;17/02/2026 18:08;17/02/2026 18:08
36;PT Fukuyama Giken Indonesia;FGI15;DEIS;1;17/02/2026 18:08;17/02/2026 18:08
37;PT Georg Fischer Indonesia;GFI12;DEIS;1;17/02/2026 18:08;17/02/2026 18:08
38;PT Godrej Consumer Products Indonesia;GCPI16;DEIS;1;17/02/2026 18:08;17/02/2026 18:08
39;PT Haier Electrical Appliances Indonesia;HEAI33;DEIS;1;17/02/2026 18:08;17/02/2026 18:08
40;PT Hasta Putera Perkasa;HPP52;DEIS;1;17/02/2026 18:08;17/02/2026 18:08
41;PT Heinz ABC Indonesia;HAI15;DEIS;1;17/02/2026 18:08;17/02/2026 18:08
42;PT Herlina Indah;HI65;TATA;1;17/02/2026 18:08;17/02/2026 18:08
43;PT Ichikoh Indonesia;II68;NANDA;1;17/02/2026 18:08;17/02/2026 18:08
44;PT ICI Paints Indonesia;IPI44;DEIS;1;17/02/2026 18:08;17/02/2026 18:08
45;PT Indah Kiat Pulp & Paper Tbk;IKP&PT08;DEIS;1;17/02/2026 18:08;17/02/2026 18:08
46;PT Indo Bharat Rayon;IBR05;DEIS;1;17/02/2026 18:08;17/02/2026 18:08
47;PT Indo Kordsa Tbk;IKT62;DEIS;1;17/02/2026 18:08;17/02/2026 18:08
48;PT Indocement Tunggal Prakarsa Tbk;ITPT26;DEIS;1;17/02/2026 18:08;17/02/2026 18:08
49;PT Indofood CBP Sukses Makmur;ICSM43;NANDA;1;17/02/2026 18:08;17/02/2026 18:08
50;PT Indokuat Sukses Makmur;ISM08;DEIS;1;17/02/2026 18:08;17/02/2026 18:08
51;PT Indolakto;I38;DEIS;1;17/02/2026 18:08;17/02/2026 18:08
52;PT Indonesia Chemi-Con;IC55;DEIS;1;17/02/2026 18:08;17/02/2026 18:08
53;PT Intan Jaya Solusi Medika;IJSM91;DEIS;1;17/02/2026 18:08;17/02/2026 18:08
54;PT Intilog;INT38;DEIS;1;17/02/2026 18:08;17/02/2026 18:08
55;PT Kaldu Sari Nabati Indonesia;KSNI26;DEIS;1;17/02/2026 18:08;17/02/2026 18:08
56;PT Kamadjaja Logistik;KL25;NANDA;1;17/02/2026 18:08;17/02/2026 18:08
57;PT Karya Perdana Engineering;KPE93;DEIS;1;17/02/2026 18:08;17/02/2026 18:08
58;PT KCC Glass Indonesia;KGI76;DEIS;1;17/02/2026 18:08;17/02/2026 18:08
59;PT Keramika Indonesia Assosiasi;KIA91;DEIS;1;17/02/2026 18:08;17/02/2026 18:08
60;PT Kino Indonesia Tbk;KIT33;DEIS;1;17/02/2026 18:08;17/02/2026 18:08
61;PT Kirana Permata;KP51;TATA;1;17/02/2026 18:08;17/02/2026 18:08
62;PT Kohler Manufacturing Indonesia;KMI90;DEIS;1;17/02/2026 18:08;17/02/2026 18:08
63;PT Konverta Mitra Abadi;KMA85;DEIS;1;17/02/2026 18:08;17/02/2026 18:08
64;PT Lami Packaging Indonesia;LPI29;DEIS;1;17/02/2026 18:08;17/02/2026 18:08
65;PT Lao Chow Indonesia;LCI23;NANDA;1;17/02/2026 18:08;17/02/2026 18:08
66;PT LG Electronics Indonesia;LEI74;DEIS;1;17/02/2026 18:08;17/02/2026 18:08
67;PT Maruhachi Indonesia;MI36;NANDA;1;17/02/2026 18:08;17/02/2026 18:08
68;PT Metalart Astra Indonesia;MAI19;DEIS;1;17/02/2026 18:08;17/02/2026 18:08
69;PT Mulia Glass;MG66;NANDA;1;17/02/2026 18:08;17/02/2026 18:08
70;PT Musashi Auto Parts Indonesia;MAPI75;DEIS;1;17/02/2026 18:08;17/02/2026 18:08
71;PT Nusantara Ekspres Kilat;NEK42;TATA;1;17/02/2026 18:08;17/02/2026 18:08
72;PT Nusantara Parkerizing;NP49;TATA;1;17/02/2026 18:08;17/02/2026 18:08
73;PT Oji Sinarmas Packaging;OSP86;DEIS;1;17/02/2026 18:08;17/02/2026 18:08
74;PT Otsuka Indonesia;OI91;DEIS;1;17/02/2026 18:08;17/02/2026 18:08
75;PT Panasonic Gobel Energy Indonesia;PGEI78;DEIS;1;17/02/2026 18:08;17/02/2026 18:08
76;PT Papandayan Cocoa Industries;PCI48;DEIS;1;17/02/2026 18:08;17/02/2026 18:08
77;PT Papertech Indonesia;PI86;DEIS;1;17/02/2026 18:08;17/02/2026 18:08
78;PT Perfetti Van Melle Indonesia;PVMI18;DEIS;1;17/02/2026 18:08;17/02/2026 18:08
79;PT Prokemas Adhikari Kreasi;PAK02;DEIS;1;17/02/2026 18:08;17/02/2026 18:08
80;PT Prysmian Cables Indonesia;PCI95;DEIS;1;17/02/2026 18:08;17/02/2026 18:08
81;PT Purinusa Ekapersada;PE24;DEIS;1;17/02/2026 18:08;17/02/2026 18:08
82;PT Samsung SDS Global SCL Indonesia;SSGSI59;DYAN;1;17/02/2026 18:08;17/02/2026 18:08
83;PT Sanko Gosei Technology;SGT69;DEIS;1;17/02/2026 18:08;17/02/2026 18:08
84;PT Semen Indonesia (Persero) Tbk;SI(T59;DEIS;1;17/02/2026 18:08;17/02/2026 18:08
85;PT Sika Indonesia;SI24;DEIS;1;17/02/2026 18:08;17/02/2026 18:08
86;PT SKK Kaken Indonesia;SKI78;DEIS;1;17/02/2026 18:08;17/02/2026 18:08
87;PT South Pacific Viscose;SPV45;DEIS;1;17/02/2026 18:08;17/02/2026 18:08
88;PT Sugity Creatives;SC58;DYAN;1;17/02/2026 18:08;17/02/2026 18:08
89;PT Summit Adyawinsa Indonesia;SAI91;DEIS;1;17/02/2026 18:08;17/02/2026 18:08
90;PT Superior Porcelain Sukses;SPS46;DEIS;1;17/02/2026 18:08;17/02/2026 18:08
91;PT Supernova Flexible Packaging;SFP62;NANDA;1;17/02/2026 18:08;17/02/2026 18:08
92;PT Surya Rengo Containers;SRC52;NANDA;1;17/02/2026 18:08;17/02/2026 18:08
93;PT Tech Onshore MEP Prefabricatiors Indonesia;TOMPI15;TATA;1;17/02/2026 18:08;17/02/2026 18:08
94;PT Tekpak Indonesia;TI76;TATA;1;17/02/2026 18:08;17/02/2026 18:08
95;PT The Univenus;TU65;DEIS;1;17/02/2026 18:08;17/02/2026 18:08
96;PT Tirta Alam Segar;TAS89;TATA;1;17/02/2026 18:08;17/02/2026 18:08
97;PT Topla Abadi Jaya;TAJ80;TATA;1;17/02/2026 18:08;17/02/2026 18:08
98;PT Torrecid Indonesia;TI30;DEIS;1;17/02/2026 18:08;17/02/2026 18:08
99;PT Unilever Indonesia Tbk;UIT11;DEIS;1;17/02/2026 18:08;17/02/2026 18:08
100;PT Yanmar Indonesia;YI29;DEIS;1;17/02/2026 18:08;17/02/2026 18:08
101;PT YCH Indonesia;YI81;DEIS;1;17/02/2026 18:08;17/02/2026 18:08
102;PT Younexa Inti Materials;YIM94;NANDA;1;17/02/2026 18:08;17/02/2026 18:08
103;PT Zeus Kimiatama Indonesia;ZKI50;TATA;1;17/02/2026 18:08;17/02/2026 18:08
104;OTSUKA DISTRIBUTION;OD02;DEIS;1;17/02/2026 18:08;17/02/2026 18:08
105;CIPTA MULTI BUANA;CMB13;DEIS;1;17/02/2026 18:08;17/02/2026 18:08
106;CJ LOGISTIC SERVICE INDONESIA;CLSI29;DEIS;1;17/02/2026 18:08;17/02/2026 18:08
107;DAHO PNC;DP99;DYAN;1;17/02/2026 18:08;17/02/2026 18:08
108;ELECTRA MOBILITAS INDONESIA;EMI36;DEIS;1;17/02/2026 18:08;17/02/2026 18:08
109;GEORG FISCHER;GF68;DYAN;1;17/02/2026 18:08;17/02/2026 18:08
110;HYUNDAI ENERGY;HE76;NANDA;1;17/02/2026 18:08;17/02/2026 18:08
111;HONDA PRECUSION PARTS MANUFACTURING;HPPM49;DYAN;1;17/02/2026 18:08;17/02/2026 18:08
112;ICI PAINTS;IP28;TATA;1;17/02/2026 18:08;17/02/2026 18:08
113;IGP INTERNASIONAL;II01;TATA;1;17/02/2026 18:08;17/02/2026 18:08
114;KARYA INTI KARTON;KIK62;TATA;1;17/02/2026 18:08;17/02/2026 18:08
115;KYORAKU BLOWMOLDING;KB73;DYAN;1;17/02/2026 18:08;17/02/2026 18:08
116;LION SUPERINDO;LS79;DEIS;1;17/02/2026 18:08;17/02/2026 18:08
117;NS BLUE SCOPE;NBS92;TATA;1;17/02/2026 18:08;17/02/2026 18:08
118;NON FERINDO;NF51;DEIS;1;17/02/2026 18:08;17/02/2026 18:08
119;PROKEMAS;P46;DEIS;1;17/02/2026 18:08;17/02/2026 18:08
120;RECKKIT BENCKIZER;RB73;DEIS;1;17/02/2026 18:08;17/02/2026 18:08
121;SENOPATI FUJITRANS;SF11;NANDA;1;17/02/2026 18:08;17/02/2026 18:08
122;SINOTRANS OVERSEAS INDONESIA;SOI07;DYAN;1;17/02/2026 18:08;17/02/2026 18:08
123;SRI TRANG LINGGA;STL63;DEIS;1;17/02/2026 18:08;17/02/2026 18:08
124;CV SUKARESMI;S01;DYAN;1;17/02/2026 18:08;17/02/2026 18:08
125;SUMMIT SEOYON;SS31;TATA;1;17/02/2026 18:08;17/02/2026 18:08
126;STAR RUBBER;SR37;DEIS;1;17/02/2026 18:08;17/02/2026 18:08
127;SASA INTI;SI05;TATA;1;17/02/2026 18:08;17/02/2026 18:08
128;SANKEIKID;S66;TATA;1;17/02/2026 18:08;17/02/2026 18:08
129;TRI CENTRUM;TC13;NANDA;1;17/02/2026 18:08;17/02/2026 18:08
130;TRIMITRA CIKARANG;TC68;NANDA;1;17/02/2026 18:08;17/02/2026 18:08
131;TUFFINDO NITTOKU AUTONEUM;TNA83;FACHRUDIN;1;17/02/2026 18:08;17/02/2026 18:08
132;ULTRA JAYA MILK;UJM03;TATA;1;17/02/2026 18:08;17/02/2026 18:08
133;UPE POWER EQUIPMENT;UPE08;TATA;1;17/02/2026 18:08;17/02/2026 18:08
134;MATAHARI RENTAL TEKNIK;MRT48;WINSTON;1;17/02/2026 18:08;17/02/2026 18:08
135;PT Asian Isuzu;AI36;NANDA;1;17/02/2026 18:08;17/02/2026 18:08
136;PT ABC Kogen;AK48;DEIS;1;17/02/2026 18:08;17/02/2026 18:08
137;PT Aristides Logistik;AL63;NANDA;1;17/02/2026 18:08;17/02/2026 18:08
138;PT Automotive Fastener Aoyama Indonesia;AFAI53;NANDA;1;17/02/2026 18:08;17/02/2026 18:08
139;PT CS2;C56;NANDA;1;17/02/2026 18:08;17/02/2026 18:08
140;PT. Colorobbia;C13;NANDA;1;17/02/2026 18:08;17/02/2026 18:08
141;PT. Intitrans Perkasa Abadi;IPA04;NANDA;1;17/02/2026 18:08;17/02/2026 18:08
142;PT. Intilog Sukses Abadi;ISA65;NANDA;1;17/02/2026 18:08;17/02/2026 18:08
143;PT LX Pantos Jakarta;LPJ85;TATA;1;17/02/2026 18:08;17/02/2026 18:08
144;PT Kamadjaja Logistik - Softext;KL-S17;TATA;1;17/02/2026 18:08;17/02/2026 18:08
145;PT Mulia Raya Agrijaya;MRA63;NANDA;1;17/02/2026 18:08;17/02/2026 18:08
146;PT Megmilk Snow Brand Indonesia;MSBI73;NANDA;1;17/02/2026 18:08;17/02/2026 18:08
147;PT. Supernova;S87;NANDA;1;17/02/2026 18:08;17/02/2026 18:08
148;PT Semen Jawa;SJ45;NANDA;1;17/02/2026 18:08;17/02/2026 18:08
149;PT Resik Bumi Perkasa;RBP50;TATA;1;17/02/2026 18:08;17/02/2026 18:08
150;PT ARISAMANDIRI PRATAMA;AP58;NANDA;1;17/02/2026 18:08;17/02/2026 18:08
151;PT Indocorr Packaging Cikarang;IPC16;NANDA;1;17/02/2026 18:08;17/02/2026 18:08
152;PT NGK Keramik;NK25;NANDA;1;17/02/2026 18:08;17/02/2026 18:08
153;PT Lentera Hidup Bersama;LHB20;DEIS;1;17/02/2026 18:08;17/02/2026 18:08
154;PT Linfox Logistics Indonesia;LLI94;NANDA;1;17/02/2026 18:08;17/02/2026 18:08
155;PT Fajar Unggul Nusantara;FUN89;DEIS;1;17/02/2026 18:08;17/02/2026 18:08
156;PT Zhi Xing Indonesia;ZXI96;TATA;1;17/02/2026 18:08;17/02/2026 18:08
157;PT Cepat MRO Solusi Indonesia;CMSI99;NANDA;1;17/02/2026 18:08;17/02/2026 18:08
158;PT Daesan Makmur Sentosa;DMS84;TATA;1;17/02/2026 18:08;17/02/2026 18:08
159;Majalengka - NUTRIBEV;M-N61;DEIS;1;17/02/2026 18:08;17/02/2026 18:08
160;PT. Indah Bestari Permai;IBP15;DEIS;1;17/02/2026 18:08;17/02/2026 18:08
161;PT.Ingress Technologies Indonesia;PTI82;NANDA;1;17/02/2026 18:08;17/02/2026 18:08
162;PT Kanepackage Indonesia;KI41;NANDA;1;17/02/2026 18:08;17/02/2026 18:08
163;PT. Kati Kartika Murni;KKM43;DEIS;1;17/02/2026 18:08;17/02/2026 18:08
164;PT.M-I Production Chemicals;PPC80;TATA;1;17/02/2026 18:08;17/02/2026 18:08
165;PT. Rusli Jagat Utama;RJU14;NANDA;1;17/02/2026 18:08;17/02/2026 18:08
166;PT. Frigoglass;F03;NANDA;1;17/02/2026 18:08;17/02/2026 18:08
167;PT Perfetti Van;PV06;TATA;1;17/02/2026 18:08;17/02/2026 18:08
168;PT Piaggio Indonesia Industrial;PII52;TATA;1;17/02/2026 18:08;17/02/2026 18:08
169;PT Logis All Global;LAG54;NANDA;1;17/02/2026 18:08;17/02/2026 18:08
170;PT Logisall Servis Indonesia;LSI19;NANDA;1;17/02/2026 18:08;17/02/2026 18:08
171;Misumi Indonesia;MI54;TATA;1;17/02/2026 18:08;17/02/2026 18:08
172;Berlina;B29;TATA;1;17/02/2026 18:08;17/02/2026 18:08
173;Berjaya Nawaplastic;BN10;NANDA;1;17/02/2026 18:08;17/02/2026 18:08
174;Asianargo;A53;NANDA;1;17/02/2026 18:08;17/02/2026 18:08
175;Indokuat -Delta Silicon - 4 unit;I-S-4U41;TATA;1;17/02/2026 18:08;17/02/2026 18:08
176;Jakarta Sereal;JS71;NANDA;1;17/02/2026 18:08;17/02/2026 18:08
177;PT Kasmaji;K16;TATA;1;17/02/2026 18:08;17/02/2026 18:08
178;Rapid Plast;RP63;TATA;1;17/02/2026 18:08;17/02/2026 18:08
179;Gunanusa;G81;NANDA;1;17/02/2026 18:08;17/02/2026 18:08
180;Ingress Industrial;II55;NANDA;1;17/02/2026 18:08;17/02/2026 18:08
181;Komala Agung;KA05;NANDA;1;17/02/2026 18:08;17/02/2026 18:08
182;PT Saitama;S08;TATA;1;17/02/2026 18:08;17/02/2026 18:08
183;Sokobimo Indo Perkasa;SIP95;NANDA;1;17/02/2026 18:08;17/02/2026 18:08
184;PT Hab Dong Indonesia;HDI67;NANDA;1;17/02/2026 18:08;17/02/2026 18:08
185;SKK kaken;SK65;NANDA;1;17/02/2026 18:08;17/02/2026 18:08
186;Trimitra Indoplast;TI01;NANDA;1;17/02/2026 18:08;17/02/2026 18:08
187;PT Yanmar;Y86;NANDA;1;17/02/2026 18:08;17/02/2026 18:08
188;Primacorr Mandiri;PM64;NANDA;1;17/02/2026 18:08;17/02/2026 18:08
189;Riau Andalan Paperboard International;RAPI01;DEIS;1;17/02/2026 18:08;17/02/2026 18:08
190;PT Samudera Logistics Services;SLS07;DEIS;1;17/02/2026 18:08;17/02/2026 18:08
191;PT Tirta Sukses Perkasa;TSP34;TATA;1;17/02/2026 18:08;17/02/2026 18:08
192;PT Phoenix Resources International;PRI31;DEIS;1;17/02/2026 18:08;17/02/2026 18:08
193;PT Java Seafood;JS20;TATA;1;17/02/2026 18:08;17/02/2026 18:08
194;PT SNF Polymers Indonesia;SPI33;TATA;1;17/02/2026 18:08;17/02/2026 18:08
195;PT Reckitt Benckiser Cileungsi;RBC01;TATA;1;17/02/2026 18:14;17/02/2026 18:14
196;PT Sumber Niaga Industri;SNI01;TATA;1;17/02/2026 18:14;17/02/2026 18:14
197;PT Wira Insani;WIN01;DEIS;1;17/02/2026 18:14;17/02/2026 18:14
198;PT Indoblock Mitra Lestari Indonesia;IML01;TATA;1;17/02/2026 18:14;17/02/2026 18:14
199;PT Ultra Prima Abadi;UPA01;TATA;1;17/02/2026 18:14;17/02/2026 18:14
200;PT Sains Logistics;SAL01;TATA;1;17/02/2026 18:14;17/02/2026 18:14
201;PT Kokoh Inti Arebama;KIA01;TATA;1;17/02/2026 18:14;17/02/2026 18:14
202;PT Flora Food Manufacturing;FFM01;TATA;1;17/02/2026 18:14;17/02/2026 18:14
203;PT Indonesia Steel Tube;IST01;TATA;1;17/02/2026 18:14;17/02/2026 18:14
204;PT Kadaka;KDK01;TATA;1;17/02/2026 18:14;17/02/2026 18:14
205;PT KKM Karawaci;KKM01;TATA;1;17/02/2026 18:14;17/02/2026 18:14
206;PT Perfetti Van Melle Indonesia;PVM01;TATA;1;17/02/2026 18:14;17/02/2026 18:14
207;PT Bima Inti Kertas;BIK01;TATA;1;17/02/2026 18:14;17/02/2026 18:14
208;PT Griya Mandiri Perkasa;GMP01;TATA;1;17/02/2026 18:14;17/02/2026 18:14
209;PT Indoris Printing Indonesia;IDP01;TATA;1;17/02/2026 18:14;17/02/2026 18:14
210;PT M-I Production;MIP01;TATA;1;17/02/2026 18:14;17/02/2026 18:14
211;PT Okamoto Logistics Nusantara;OLN01;TATA;1;17/02/2026 18:14;17/02/2026 18:14
212;PT Papcor Asia Pacific;PAP01;TATA;1;17/02/2026 18:14;17/02/2026 18:14
213;PT Saint Gobain Trading Indonesia;SGT01;TATA;1;17/02/2026 18:14;17/02/2026 18:14
214;PT Selaras Donlim Indonesia;SDL01;TATA;1;17/02/2026 18:14;17/02/2026 18:14
215;PT Ultra Prima Plast;UPP01;TATA;1;17/02/2026 19:24;17/02/2026 19:24
216;PT Saitama Stamping Indonesia;SSI01;TATA;1;17/02/2026 19:24;17/02/2026 19:24
217;PT Taco Anugrah Corporindo;TAC01;TATA;1;17/02/2026 19:24;17/02/2026 19:24
218;PT Wahana Citra Nabati;WCN01;DEIS;1;17/02/2026 19:24;17/02/2026 19:24
219;Pindo Deli Pulp and Paper;PDPP01;DEIS;1;17/02/2026 20:53;17/02/2026 20:53
220;PT LASTANA EXPRESS INDONESIA;LEI01;TATA;1;17/02/2026 20:53;17/02/2026 20:53
221;PT LX Phantos Jakarta;LXPH01;TATA;1;17/02/2026 20:53;17/02/2026 20:53
222;Yoowon Electronics Jababeka;YOOW01;TATA;1;17/02/2026 20:53;17/02/2026 20:53
223;PT Berkat Anugerah Plasindo Pratama;BAPP01;TATA;1;17/02/2026 21:03;17/02/2026 21:03
224;OKI Pulp & Paper;OKI01;DEIS;1;;
225;PT Cipta Futura;CF01;;1;;
226;PT Weatherford Indonesia;WIN02;DEIS;1;;
227;PT Mecoindo (Itron);M01;;1;;
228;PT Step Up Indonesia;STI01;;1;;
229;PT Prana Raya;PR01;;1;;
230;Wuxi Xin Yuan Chuan Construction Eng;WXYC;TATA;1;;
231;PT Mizushima Metal Indonesia;MMI;;1;;
232;PT Cloud Machinery Technology Indonesia;CMTI;;1;;
233;PT Restu Agung Wijaya;RAW;;1;;
234;PT Sun Dragon (Food Packaging Indo);SD;;1;;
235;PT ILC Logistics Indonesia;ILC;;1;;
236;PT Indoriss Printingdo;IP;;1;;
237;PT Lintas Dirga Nusantara;LDN;;1;;
238;PT Nissin Jaya Indonesia;NJI;;1;;
239;PT Sanco Gosai Indonesia;SG;;1;;
;;;;;;
;;;;;;
;;;;;;
;;;;;;
;;;;;;
;;;;;;
;;;;;;
;;;;;;
;;;;;;
;;;;;;
;;;;;;
;;;;;;
;;;;;;
;;;;;;
;;;;;;
;;;;;;
;;;;;;
;;;;;;
;;;;;;
;;;;;;
;;;;;;
;;;;;;
;;;;;;
;;;;;;
;;;;;;
;;;;;;
;;;;;;
;;;;;;
;;;;;;
;;;;;;
;;;;;;
;;;;;;
;;;;;;
;;;;;;
;;;;;;
;;;;;;
;;;;;;
;;;;;;
;;;;;;
;;;;;;
;;;;;;
;;;;;;
;;;;;;
;;;;;;
;;;;;;
;;;;;;
;;;;;;
;;;;;;
;;;;;;
;;;;;;
;;;;;;
;;;;;;
;;;;;;
;;;;;;
;;;;;;
;;;;;;
;;;;;;
;;;;;;
;;;;;;
;;;;;;
;;;;;;
;;;;;;
;;;;;;
;;;;;;
;;;;;;
;;;;;;
;;;;;;
;;;;;;
;;;;;;
;;;;;;
;;;;;;
;;;;;;
;;;;;;
;;;;;;
;;;;;;
;;;;;;
;;;;;;
;;;;;;
;;;;;;
;;;;;;
;;;;;;
;;;;;;
;;;;;;
;;;;;;
;;;;;;
;;;;;;
;;;;;;
;;;;;;
;;;;;;
;;;;;;
;;;;;;
;;;;;;
;;;;;;
;;;;;;
;;;;;;
;;;;;;
;;;;;;
;;;;;;
;;;;;;
;;;;;;
;;;;;;
;;;;;;
;;;;;;
;;;;;;
;;;;;;
;;;;;;
;;;;;;
;;;;;;
;;;;;;
;;;;;;
;;;;;;
;;;;;;
;;;;;;
;;;;;;
;;;;;;
;;;;;;
;;;;;;
;;;;;;
;;;;;;
;;;;;;
;;;;;;
;;;;;;
;;;;;;
;;;;;;
;;;;;;
;;;;;;
;;;;;;
;;;;;;
;;;;;;
;;;;;;
;;;;;;
;;;;;;
;;;;;;
;;;;;;
;;;;;;
;;;;;;
;;;;;;
;;;;;;
;;;;;;
;;;;;;
;;;;;;
;;;;;;
;;;;;;
;;;;;;
;;;;;;
;;;;;;
;;;;;;
;;;;;;
;;;;;;
;;;;;;
;;;;;;
;;;;;;
;;;;;;
;;;;;;
;;;;;;
;;;;;;
;;;;;;
;;;;;;
;;;;;;
;;;;;;
;;;;;;
;;;;;;
;;;;;;
;;;;;;
;;;;;;
;;;;;;
;;;;;;
;;;;;;
;;;;;;
;;;;;;
;;;;;;
;;;;;;
;;;;;;
;;;;;;
;;;;;;
;;;;;;
;;;;;;
;;;;;;
;;;;;;
;;;;;;
;;;;;;
;;;;;;
;;;;;;
;;;;;;
;;;;;;
;;;;;;
;;;;;;
;;;;;;
;;;;;;
;;;;;;
;;;;;;
;;;;;;
;;;;;;
;;;;;;
;;;;;;
;;;;;;
;;;;;;
;;;;;;
;;;;;;
;;;;;;
;;;;;;
;;;;;;
;;;;;;
;;;;;;
;;;;;;
;;;;;;
;;;;;;
;;;;;;
;;;;;;
;;;;;;
;;;;;;
;;;;;;
;;;;;;
;;;;;;
;;;;;;
;;;;;;
;;;;;;
;;;;;;
;;;;;;
;;;;;;
;;;;;;
;;;;;;
;;;;;;
;;;;;;
;;;;;;
;;;;;;
;;;;;;
;;;;;;
;;;;;;
;;;;;;
;;;;;;
;;;;;;
;;;;;;
;;;;;;
;;;;;;
;;;;;;
;;;;;;
;;;;;;
;;;;;;
;;;;;;
;;;;;;
;;;;;;
;;;;;;
;;;;;;
;;;;;;
;;;;;;
;;;;;;
;;;;;;
;;;;;;
;;;;;;
;;;;;;
;;;;;;
;;;;;;
;;;;;;
;;;;;;
;;;;;;
;;;;;;
;;;;;;
;;;;;;
;;;;;;
;;;;;;
;;;;;;
;;;;;;
;;;;;;
;;;;;;
;;;;;;
;;;;;;
;;;;;;
;;;;;;
;;;;;;
;;;;;;
;;;;;;
;;;;;;
;;;;;;
;;;;;;
;;;;;;
;;;;;;
;;;;;;
;;;;;;
;;;;;;
;;;;;;
;;;;;;
;;;;;;
;;;;;;
;;;;;;
;;;;;;
;;;;;;
;;;;;;
;;;;;;
;;;;;;
;;;;;;
;;;;;;
;;;;;;
;;;;;;
;;;;;;
;;;;;;
;;;;;;
;;;;;;
;;;;;;
;;;;;;
;;;;;;
;;;;;;
;;;;;;
;;;;;;
;;;;;;
;;;;;;
;;;;;;
;;;;;;
;;;;;;
;;;;;;
;;;;;;
;;;;;;
;;;;;;
;;;;;;
;;;;;;
;;;;;;
;;;;;;
;;;;;;
;;;;;;
;;;;;;
;;;;;;
;;;;;;
;;;;;;
;;;;;;
;;;;;;
;;;;;;
;;;;;;
;;;;;;
;;;;;;
;;;;;;
;;;;;;
;;;;;;
;;;;;;
;;;;;;
;;;;;;
;;;;;;
;;;;;;
;;;;;;
;;;;;;
;;;;;;
;;;;;;
;;;;;;
;;;;;;
;;;;;;
;;;;;;
;;;;;;
;;;;;;
;;;;;;
;;;;;;
;;;;;;
;;;;;;
;;;;;;
;;;;;;
;;;;;;
;;;;;;
;;;;;;
;;;;;;
;;;;;;
;;;;;;
;;;;;;
;;;;;;
;;;;;;
;;;;;;
;;;;;;
;;;;;;
;;;;;;
;;;;;;
;;;;;;
;;;;;;
;;;;;;
;;;;;;
;;;;;;
;;;;;;
;;;;;;
;;;;;;
;;;;;;
;;;;;;
;;;;;;
;;;;;;
;;;;;;
;;;;;;
;;;;;;
;;;;;;
;;;;;;
;;;;;;
;;;;;;
;;;;;;
;;;;;;
;;;;;;
;;;;;;
;;;;;;
;;;;;;
;;;;;;
;;;;;;
;;;;;;
;;;;;;
;;;;;;
;;;;;;
;;;;;;
;;;;;;
;;;;;;
;;;;;;
;;;;;;
;;;;;;
;;;;;;
;;;;;;
;;;;;;
;;;;;;
;;;;;;
;;;;;;
;;;;;;
;;;;;;
;;;;;;
;;;;;;
;;;;;;
;;;;;;
;;;;;;
;;;;;;
;;;;;;
;;;;;;
;;;;;;
;;;;;;
;;;;;;
;;;;;;
;;;;;;
;;;;;;
;;;;;;
;;;;;;
;;;;;;
;;;;;;
;;;;;;
;;;;;;
;;;;;;
;;;;;;
;;;;;;
;;;;;;
;;;;;;
;;;;;;
;;;;;;
;;;;;;
;;;;;;
;;;;;;
;;;;;;
;;;;;;
;;;;;;
;;;;;;
;;;;;;
;;;;;;
;;;;;;
;;;;;;
;;;;;;
;;;;;;
;;;;;;
;;;;;;
;;;;;;
;;;;;;
;;;;;;
;;;;;;
;;;;;;
;;;;;;
;;;;;;
;;;;;;
;;;;;;
;;;;;;
;;;;;;
;;;;;;
;;;;;;
;;;;;;
;;;;;;
;;;;;;
;;;;;;
;;;;;;
;;;;;;
;;;;;;
;;;;;;
;;;;;;
;;;;;;
;;;;;;
;;;;;;
;;;;;;
;;;;;;
;;;;;;
;;;;;;
;;;;;;
;;;;;;
;;;;;;
;;;;;;
;;;;;;
;;;;;;
;;;;;;
;;;;;;
;;;;;;
;;;;;;
;;;;;;
;;;;;;
;;;;;;
;;;;;;
;;;;;;
;;;;;;
;;;;;;
;;;;;;
;;;;;;
;;;;;;
;;;;;;
;;;;;;
;;;;;;
;;;;;;
;;;;;;
;;;;;;
;;;;;;
;;;;;;
;;;;;;
;;;;;;
;;;;;;
;;;;;;
;;;;;;
;;;;;;
;;;;;;
;;;;;;
;;;;;;
;;;;;;
;;;;;;
;;;;;;
;;;;;;
;;;;;;
;;;;;;
;;;;;;
;;;;;;
;;;;;;
;;;;;;
;;;;;;
;;;;;;
;;;;;;
;;;;;;
;;;;;;
;;;;;;
;;;;;;
;;;;;;
;;;;;;
;;;;;;
;;;;;;
;;;;;;
;;;;;;
;;;;;;
;;;;;;
;;;;;;
;;;;;;
;;;;;;
;;;;;;
;;;;;;
;;;;;;
;;;;;;
;;;;;;
;;;;;;
;;;;;;
;;;;;;
;;;;;;
;;;;;;
;;;;;;
;;;;;;
;;;;;;
;;;;;;
;;;;;;
;;;;;;
;;;;;;
;;;;;;
;;;;;;
;;;;;;
;;;;;;
;;;;;;
;;;;;;
;;;;;;
;;;;;;
;;;;;;
;;;;;;
;;;;;;
;;;;;;
;;;;;;
;;;;;;
;;;;;;
;;;;;;
;;;;;;
;;;;;;
;;;;;;
;;;;;;
;;;;;;
;;;;;;
;;;;;;
;;;;;;
;;;;;;
;;;;;;
;;;;;;
;;;;;;
;;;;;;
;;;;;;
;;;;;;
;;;;;;
;;;;;;
;;;;;;
;;;;;;
;;;;;;
;;;;;;
;;;;;;
;;;;;;
;;;;;;
;;;;;;
;;;;;;
;;;;;;
;;;;;;
;;;;;;
;;;;;;
;;;;;;
;;;;;;
;;;;;;
;;;;;;
;;;;;;
;;;;;;
;;;;;;
;;;;;;
;;;;;;
;;;;;;
;;;;;;
;;;;;;
;;;;;;
;;;;;;
;;;;;;
;;;;;;
;;;;;;
;;;;;;
;;;;;;
;;;;;;
;;;;;;
;;;;;;
;;;;;;
;;;;;;
;;;;;;
;;;;;;
;;;;;;
;;;;;;
;;;;;;
;;;;;;
;;;;;;
;;;;;;
;;;;;;
;;;;;;
;;;;;;
;;;;;;
;;;;;;
;;;;;;
;;;;;;
;;;;;;
;;;;;;
;;;;;;
;;;;;;
;;;;;;
;;;;;;
;;;;;;
;;;;;;
;;;;;;
;;;;;;
;;;;;;
;;;;;;
;;;;;;
;;;;;;
;;;;;;
;;;;;;
;;;;;;
;;;;;;
;;;;;;
;;;;;;
;;;;;;
;;;;;;
;;;;;;
;;;;;;
;;;;;;
;;;;;;
;;;;;;
;;;;;;
;;;;;;
;;;;;;
;;;;;;
;;;;;;
;;;;;;
;;;;;;
;;;;;;
;;;;;;
;;;;;;
;;;;;;
;;;;;;
;;;;;;
;;;;;;
;;;;;;
;;;;;;
;;;;;;
;;;;;;
;;;;;;
;;;;;;
;;;;;;
;;;;;;
;;;;;;
;;;;;;
;;;;;;
;;;;;;
;;;;;;
;;;;;;
;;;;;;
;;;;;;
;;;;;;
;;;;;;
;;;;;;
;;;;;;
;;;;;;
;;;;;;
;;;;;;
;;;;;;
;;;;;;
;;;;;;
;;;;;;
;;;;;;
;;;;;;
;;;;;;
;;;;;;
;;;;;;
;;;;;;
;;;;;;
;;;;;;
;;;;;;
;;;;;;
;;;;;;
;;;;;;
;;;;;;
;;;;;;
;;;;;;
;;;;;;
;;;;;;
;;;;;;
;;;;;;
;;;;;;
;;;;;;
;;;;;;
;;;;;;
;;;;;;
;;;;;;
;;;;;;
;;;;;;
;;;;;;
;;;;;;
;;;;;;
;;;;;;
;;;;;;
;;;;;;
;;;;;;
;;;;;;
;;;;;;
;;;;;;
;;;;;;
;;;;;;
;;;;;;
