id;customer_id;location_name;area_id;location_code;location_type;address;contact_person;phone;email;pic_position;notes;city;province;postal_code;gps_latitude;gps_longitude;is_primary;is_active;created_at;updated_at
1;1;BANDUNG;NULL;BDG-001;BRANCH;Jl. Raya Cicalengka - Majalaya Km 1.5, Cicalengka, Bandung 40394;NULL;NULL;NULL;NULL;NULL;Bandung;Jawa Barat;40394;-691.750.000;10.761.910.000;1;1;17/02/2026 18:08;17/02/2026 18:08
2;2;JATENG;NULL;SMG-001;BRANCH;Kawasan Industri Candi Blok 11 no 2, Semarang;NULL;NULL;NULL;NULL;NULL;Semarang;Jawa Tengah;NULL;-696.670.000;11.041.670.000;1;1;17/02/2026 18:08;17/02/2026 18:08
3;3;Palembang;NULL;PLM-001;BRANCH;Jl. Bypass Alang-Alang Lebar No. 88, Kec. Alang-Alang Lebar, Palembang;NULL;NULL;NULL;NULL;NULL;Palembang;Sumatera Selatan;NULL;-297.610.000;10.477.540.000;1;1;17/02/2026 18:08;17/02/2026 18:08
4;4;LDC PASAR REBO;NULL;JKT-001;BRANCH;LDC Pasar Rebo, Jl. Raya Bogor KM 24, Jakarta Timur;NULL;NULL;NULL;NULL;NULL;Jakarta Timur;DKI Jakarta;NULL;-620.880.000;10.684.560.000;1;1;17/02/2026 18:08;17/02/2026 18:08
5;4;CICURUG;NULL;SKB-001;BRANCH;Jl. Siliwangi KM. 28, Desa Kutajaya, Cicurug, Sukabumi;NULL;NULL;NULL;NULL;NULL;Sukabumi;Jawa Barat;NULL;-692.710.000;10.692.710.000;0;1;17/02/2026 18:08;17/02/2026 18:08
6;4;SENTUL;NULL;BGR-001;BRANCH;Kawasan Industri Sentul, Jl. Olympic Raya, Babakan Madang, Bogor;NULL;NULL;NULL;NULL;NULL;Bogor;Jawa Barat;NULL;-659.710.000;10.680.600.000;0;1;17/02/2026 18:08;17/02/2026 18:08
7;4;CIKUPA;NULL;TNG-001;BRANCH;Jl. Raya Serang Km 12 (area industri Cikupa/Balaraja), Tangerang;NULL;NULL;NULL;NULL;NULL;Tangerang;Banten;NULL;-617.830.000;10.663.190.000;0;1;17/02/2026 18:08;17/02/2026 18:08
8;4;MALANG;NULL;MLG-001;BRANCH;Area Malang (Merujuk pada distribusi sekitar Pabrik Kejayan);NULL;NULL;NULL;NULL;NULL;Malang;Jawa Timur;NULL;-797.970.000;11.263.040.000;0;1;17/02/2026 18:08;17/02/2026 18:08
9;4;MEDAN;NULL;MDN-001;BRANCH;Jl. K.H. Wahid Hasyim No. 9, Medan;NULL;NULL;NULL;NULL;NULL;Medan;Sumatera Utara;NULL;359.520.000;9.867.220.000;0;1;17/02/2026 18:08;17/02/2026 18:08
10;4;SAWANGAN;NULL;DPK-001;BRANCH;Jl. Raya Sawangan No. 5, Pancoran Mas, Depok;NULL;NULL;NULL;NULL;NULL;Depok;Jawa Barat;NULL;-640.250.000;10.679.420.000;0;1;17/02/2026 18:08;17/02/2026 18:08
11;4;HYUNDAI;NULL;BKS-001;BRANCH;Kawasan Industri Hyundai, Inti Blok C, Cikarang Selatan, Bekasi;NULL;NULL;NULL;NULL;NULL;Bekasi;Jawa Barat;NULL;-623.490.000;10.698.960.000;0;1;17/02/2026 18:08;17/02/2026 18:08
12;4;PASURUAN;NULL;MLG-002;BRANCH;Jl. Raya Pasuruan-Malang Km 11, Kejayan, Pasuruan 67172;NULL;NULL;NULL;NULL;NULL;Malang;Jawa Timur;67172;-797.970.000;11.263.040.000;0;1;17/02/2026 18:08;17/02/2026 18:08
13;4;BARU;NULL;UNK-001;BRANCH;BARU;NULL;NULL;NULL;NULL;NULL;Unknown;Unknown;NULL;NULL;NULL;0;1;17/02/2026 18:08;17/02/2026 18:08
14;4;WH-A RMPM;NULL;SKB-002;WAREHOUSE;Warehouse WH-A RMPM, Area Cicurug, Sukabumi;NULL;NULL;NULL;NULL;NULL;Sukabumi;Jawa Barat;NULL;-692.710.000;10.692.710.000;0;1;17/02/2026 18:08;17/02/2026 18:08
15;4;Cicurug/WH ENMIX RMPM;NULL;SKB-003;WAREHOUSE;Jl. Siliwangi KM. 28, Desa Kutajaya, Cicurug, Sukabumi;NULL;NULL;NULL;NULL;NULL;Sukabumi;Jawa Barat;NULL;-692.710.000;10.692.710.000;0;1;17/02/2026 18:08;17/02/2026 18:08
16;4;WH-C RMPM;NULL;SKB-004;WAREHOUSE;Warehouse WH-C RMPM, Area Cicurug, Sukabumi;NULL;NULL;NULL;NULL;NULL;Sukabumi;Jawa Barat;NULL;-692.710.000;10.692.710.000;0;1;17/02/2026 18:08;17/02/2026 18:08
17;4;WH-B1 FG;NULL;SKB-005;WAREHOUSE;Warehouse WH-B1 FG, Area Cicurug, Sukabumi;NULL;NULL;NULL;NULL;NULL;Sukabumi;Jawa Barat;NULL;-692.710.000;10.692.710.000;0;1;17/02/2026 18:08;17/02/2026 18:08
18;4;WH-B2 FG;NULL;SKB-006;WAREHOUSE;Warehouse WH-B2 FG, Area Cicurug, Sukabumi;NULL;NULL;NULL;NULL;NULL;Sukabumi;Jawa Barat;NULL;-692.710.000;10.692.710.000;0;1;17/02/2026 18:08;17/02/2026 18:08
19;4;WH-B3 FG;NULL;SKB-007;WAREHOUSE;Warehouse WH-B3 FG, Area Cicurug, Sukabumi;NULL;NULL;NULL;NULL;NULL;Sukabumi;Jawa Barat;NULL;-692.710.000;10.692.710.000;0;1;17/02/2026 18:08;17/02/2026 18:08
20;4;LDC Bekasi;NULL;BKS-002;BRANCH;LDC Bekasi, Jl. Raya Industri, Bekasi;NULL;NULL;NULL;NULL;NULL;Bekasi;Jawa Barat;NULL;-623.490.000;10.698.960.000;0;1;17/02/2026 18:08;17/02/2026 18:08
21;4;Cicurug/ RMPM;NULL;SKB-008;BRANCH;Jl. Siliwangi KM. 28, Desa Kutajaya, Cicurug, Sukabumi;NULL;NULL;NULL;NULL;NULL;Sukabumi;Jawa Barat;NULL;-692.710.000;10.692.710.000;0;1;17/02/2026 18:08;17/02/2026 18:08
22;4;Cicurug/ Staging FG transfer WHA (1);NULL;SKB-009;WAREHOUSE;Jl. Siliwangi KM. 28, Desa Kutajaya, Cicurug, Sukabumi;NULL;NULL;NULL;NULL;NULL;Sukabumi;Jawa Barat;NULL;-692.710.000;10.692.710.000;0;1;17/02/2026 18:08;17/02/2026 18:08
23;4;Cicurug/ Staging delivery;NULL;SKB-010;BRANCH;Jl. Siliwangi KM. 28, Desa Kutajaya, Cicurug, Sukabumi;NULL;NULL;NULL;NULL;NULL;Sukabumi;Jawa Barat;NULL;-692.710.000;10.692.710.000;0;1;17/02/2026 18:08;17/02/2026 18:08
24;4;Cicurug/ Delivery;NULL;SKB-011;BRANCH;Jl. Siliwangi KM. 28, Desa Kutajaya, Cicurug, Sukabumi;NULL;NULL;NULL;NULL;NULL;Sukabumi;Jawa Barat;NULL;-692.710.000;10.692.710.000;0;1;17/02/2026 18:08;17/02/2026 18:08
25;4;Cicurug/ Loading CAN/ PET;NULL;SKB-012;BRANCH;Jl. Siliwangi KM. 28, Desa Kutajaya, Cicurug, Sukabumi;NULL;NULL;NULL;NULL;NULL;Sukabumi;Jawa Barat;NULL;-692.710.000;10.692.710.000;0;1;17/02/2026 18:08;17/02/2026 18:08
26;4;Cicurug/ Loading OC3;NULL;SKB-013;BRANCH;Jl. Siliwangi KM. 28, Desa Kutajaya, Cicurug, Sukabumi;NULL;NULL;NULL;NULL;NULL;Sukabumi;Jawa Barat;NULL;-692.710.000;10.692.710.000;0;1;17/02/2026 18:08;17/02/2026 18:08
27;4;Cicurug/ Transferan WHB;NULL;SKB-014;WAREHOUSE;Jl. Siliwangi KM. 28, Desa Kutajaya, Cicurug, Sukabumi;NULL;NULL;NULL;NULL;NULL;Sukabumi;Jawa Barat;NULL;-692.710.000;10.692.710.000;0;1;17/02/2026 18:08;17/02/2026 18:08
28;4;Cicurug/ Transferan WH A;NULL;SKB-015;WAREHOUSE;Jl. Siliwangi KM. 28, Desa Kutajaya, Cicurug, Sukabumi;NULL;NULL;NULL;NULL;NULL;Sukabumi;Jawa Barat;NULL;-692.710.000;10.692.710.000;0;1;17/02/2026 18:08;17/02/2026 18:08
29;4;Cicurug/ Loading AL4;NULL;SKB-016;BRANCH;Jl. Siliwangi KM. 28, Desa Kutajaya, Cicurug, Sukabumi;NULL;NULL;NULL;NULL;NULL;Sukabumi;Jawa Barat;NULL;-692.710.000;10.692.710.000;0;1;17/02/2026 18:08;17/02/2026 18:08
30;4;Cicurug/ Staging FG Transfer WH A (2);NULL;SKB-017;WAREHOUSE;Jl. Siliwangi KM. 28, Desa Kutajaya, Cicurug, Sukabumi;NULL;NULL;NULL;NULL;NULL;Sukabumi;Jawa Barat;NULL;-692.710.000;10.692.710.000;0;1;17/02/2026 18:08;17/02/2026 18:08
31;4;Cicurug/ Staging FG Transfer WH B;NULL;SKB-018;WAREHOUSE;Jl. Siliwangi KM. 28, Desa Kutajaya, Cicurug, Sukabumi;NULL;NULL;NULL;NULL;NULL;Sukabumi;Jawa Barat;NULL;-692.710.000;10.692.710.000;0;1;17/02/2026 18:08;17/02/2026 18:08
32;4;Cicurug/ Nami Paletiser;NULL;SKB-019;BRANCH;Jl. Siliwangi KM. 28, Desa Kutajaya, Cicurug, Sukabumi;NULL;NULL;NULL;NULL;NULL;Sukabumi;Jawa Barat;NULL;-692.710.000;10.692.710.000;0;1;17/02/2026 18:08;17/02/2026 18:08
33;4;Cicurug/ SIPA;NULL;SKB-020;BRANCH;Jl. Siliwangi KM. 28, Desa Kutajaya, Cicurug, Sukabumi;NULL;NULL;NULL;NULL;NULL;Sukabumi;Jawa Barat;NULL;-692.710.000;10.692.710.000;0;1;17/02/2026 18:08;17/02/2026 18:08
34;4;Cicurug/ CAN, PET, OC3,;NULL;SKB-021;BRANCH;Jl. Siliwangi KM. 28, Desa Kutajaya, Cicurug, Sukabumi;NULL;NULL;NULL;NULL;NULL;Sukabumi;Jawa Barat;NULL;-692.710.000;10.692.710.000;0;1;17/02/2026 18:08;17/02/2026 18:08
35;4;Cicurug/ Preparasi Luaar;NULL;SKB-022;BRANCH;Jl. Siliwangi KM. 28, Desa Kutajaya, Cicurug, Sukabumi;NULL;NULL;NULL;NULL;NULL;Sukabumi;Jawa Barat;NULL;-692.710.000;10.692.710.000;0;1;17/02/2026 18:08;17/02/2026 18:08
36;4;Cicurug/ Sugar handling OC3/ PET;NULL;SKB-023;BRANCH;Jl. Siliwangi KM. 28, Desa Kutajaya, Cicurug, Sukabumi;NULL;NULL;NULL;NULL;NULL;Sukabumi;Jawa Barat;NULL;-692.710.000;10.692.710.000;0;1;17/02/2026 18:08;17/02/2026 18:08
37;4;Cicurug/ Shrink/ PET;NULL;SKB-024;BRANCH;Jl. Siliwangi KM. 28, Desa Kutajaya, Cicurug, Sukabumi;NULL;NULL;NULL;NULL;NULL;Sukabumi;Jawa Barat;NULL;-692.710.000;10.692.710.000;0;1;17/02/2026 18:08;17/02/2026 18:08
38;4;Cicurug/ Lifter CAN;NULL;SKB-025;BRANCH;Jl. Siliwangi KM. 28, Desa Kutajaya, Cicurug, Sukabumi;NULL;NULL;NULL;NULL;NULL;Sukabumi;Jawa Barat;NULL;-692.710.000;10.692.710.000;0;1;17/02/2026 18:08;17/02/2026 18:08
39;4;Cicurug/ Sugar handling AL4;NULL;SKB-026;BRANCH;Jl. Siliwangi KM. 28, Desa Kutajaya, Cicurug, Sukabumi;NULL;NULL;NULL;NULL;NULL;Sukabumi;Jawa Barat;NULL;-692.710.000;10.692.710.000;0;1;17/02/2026 18:08;17/02/2026 18:08
40;4;Cicurug/ Supply resin AL4;NULL;SKB-027;BRANCH;Jl. Siliwangi KM. 28, Desa Kutajaya, Cicurug, Sukabumi;NULL;NULL;NULL;NULL;NULL;Sukabumi;Jawa Barat;NULL;-692.710.000;10.692.710.000;0;1;17/02/2026 18:08;17/02/2026 18:08
41;4;Cicurug/ Weighing AL4;NULL;SKB-028;BRANCH;Jl. Siliwangi KM. 28, Desa Kutajaya, Cicurug, Sukabumi;NULL;NULL;NULL;NULL;NULL;Sukabumi;Jawa Barat;NULL;-692.710.000;10.692.710.000;0;1;17/02/2026 18:08;17/02/2026 18:08
42;4;Sentul 1;NULL;BGR-002;BRANCH;Kawasan Industri Sentul, Jl. Olympic Raya, Babakan Madang, Bogor;NULL;NULL;NULL;NULL;NULL;Bogor;Jawa Barat;NULL;-659.710.000;10.680.600.000;0;1;17/02/2026 18:08;17/02/2026 18:08
43;4;Sentul 2;NULL;BGR-003;BRANCH;Kawasan Industri Sentul, Jl. Olympic Raya, Babakan Madang, Bogor;NULL;NULL;NULL;NULL;NULL;Bogor;Jawa Barat;NULL;-659.710.000;10.680.600.000;0;1;17/02/2026 18:08;17/02/2026 18:08
44;4;Yogyakarta;NULL;YOG-001;BRANCH;Area Yogyakarta;NULL;NULL;NULL;NULL;NULL;Yogyakarta;DI Yogyakarta;NULL;NULL;NULL;0;1;17/02/2026 18:08;17/02/2026 18:08
45;5;ANCOL;NULL;JKT-002;BRANCH;Jl. Ancol IX/5, Ancol Barat, Jakarta Utara 14430;NULL;NULL;NULL;NULL;NULL;Jakarta Utara;DKI Jakarta;14430;-620.880.000;10.684.560.000;1;1;17/02/2026 18:08;17/02/2026 18:08
46;5;Semua Lok (Prod A, B, C, dll);NULL;KRW-001;FACTORY;Kawasan Industri Indotaisei, Sektor IA Blok J-L, Cikampek, Karawang;NULL;NULL;NULL;NULL;NULL;Karawang;Jawa Barat;NULL;-630.630.000;10.730.190.000;0;1;17/02/2026 18:08;17/02/2026 18:08
47;5;Lok. Depo Ancol;NULL;UNK-002;WAREHOUSE;Lok. Depo Ancol;NULL;NULL;NULL;NULL;NULL;Unknown;Unknown;NULL;NULL;NULL;0;1;17/02/2026 18:08;17/02/2026 18:08
48;5;Lok. Prod A;NULL;UNK-003;FACTORY;Lok. Prod A;NULL;NULL;NULL;NULL;NULL;Unknown;Unknown;NULL;NULL;NULL;0;1;17/02/2026 18:08;17/02/2026 18:08
49;5;Lok. Prod B;NULL;UNK-004;FACTORY;Lok. Prod B;NULL;NULL;NULL;NULL;NULL;Unknown;Unknown;NULL;NULL;NULL;0;1;17/02/2026 18:08;17/02/2026 18:08
50;5;Lok. Prod C;NULL;UNK-005;FACTORY;Lok. Prod C;NULL;NULL;NULL;NULL;NULL;Unknown;Unknown;NULL;NULL;NULL;0;1;17/02/2026 18:08;17/02/2026 18:08
51;5;Lok. Logistic;NULL;UNK-006;BRANCH;Lok. Logistic;NULL;NULL;NULL;NULL;NULL;Unknown;Unknown;NULL;NULL;NULL;0;1;17/02/2026 18:08;17/02/2026 18:08
52;5;Lok. Cikampek;NULL;CIK-001;BRANCH;Lok. Cikampek;NULL;NULL;NULL;NULL;NULL;Cikampek;Jawa Barat;NULL;NULL;NULL;0;1;17/02/2026 18:08;17/02/2026 18:08
53;5;Lok. Planning;NULL;UNK-007;BRANCH;Lok. Planning;NULL;NULL;NULL;NULL;NULL;Unknown;Unknown;NULL;NULL;NULL;0;1;17/02/2026 18:08;17/02/2026 18:08
54;5;Lok. Depo Sunter;NULL;UNK-008;WAREHOUSE;Lok. Depo Sunter;NULL;NULL;NULL;NULL;NULL;Unknown;Unknown;NULL;NULL;NULL;0;1;17/02/2026 18:08;17/02/2026 18:08
55;5;Lok. KIM - Junbiki Karawang;NULL;KRW-002;BRANCH;Lok. KIM - Junbiki Karawang;NULL;NULL;NULL;NULL;NULL;Karawang;Jawa Barat;NULL;-630.630.000;10.730.190.000;0;1;17/02/2026 18:08;17/02/2026 18:08
56;5;Lok. BIC - Purchase CKP;NULL;UNK-009;BRANCH;Lok. BIC - Purchase CKP;NULL;NULL;NULL;NULL;NULL;Unknown;Unknown;NULL;NULL;NULL;0;1;17/02/2026 18:08;17/02/2026 18:08
57;6;KARAWANG;NULL;JKT-003;BRANCH;Kawasan Industri KIIC, Lot N 6-9, Jl. Tol Jakarta-Cikampek Km 47, Karawang 41361;NULL;NULL;NULL;NULL;NULL;Jakarta;DKI Jakarta;41361;-620.880.000;10.684.560.000;1;1;17/02/2026 18:08;17/02/2026 18:08
58;7;BOGOR;NULL;BGR-004;BRANCH;Jl. Raya Narogong Km 26, Desa Dayeuh, Cileungsi, Bogor 16820;NULL;NULL;NULL;NULL;NULL;Bogor;Jawa Barat;16820;-659.710.000;10.680.600.000;1;1;17/02/2026 18:08;17/02/2026 18:08
59;8;WH CIBITUNG;NULL;CKR-001;WAREHOUSE;Kawasan Industri MM2100, Blok B-1, Cikarang Barat;NULL;NULL;NULL;NULL;NULL;Cikarang;Jawa Barat;NULL;-626.050.000;10.715.340.000;1;1;17/02/2026 18:08;17/02/2026 18:08
60;8;WH Sentul;NULL;BGR-005;WAREHOUSE;Kawasan Industri Sentul, Jl. Lulut, Kec. Babakan Madang, Bogor;NULL;NULL;NULL;NULL;NULL;Bogor;Jawa Barat;NULL;-659.710.000;10.680.600.000;0;1;17/02/2026 18:08;17/02/2026 18:08
61;9;JAKARTA;NULL;MDN-002;BRANCH;Jl. Raya Bekasi Km 27, Pondok Ungu, Medan Satria, Bekasi 17132;NULL;NULL;NULL;NULL;NULL;Medan;Jawa Barat;17132;359.520.000;9.867.220.000;1;1;17/02/2026 18:08;17/02/2026 18:08
62;9;BEKASI;NULL;BKS-003;BRANCH;BEKASI;NULL;NULL;NULL;NULL;NULL;Bekasi;Jawa Barat;NULL;-623.490.000;10.698.960.000;0;1;17/02/2026 18:08;17/02/2026 18:08
63;10;KARAWANG;NULL;KRW-003;BRANCH;Jl. Surya Utama Kav I-14, Kawasan Industri Suryacipta, Karawang;NULL;NULL;NULL;NULL;NULL;Karawang;Jawa Barat;NULL;-630.630.000;10.730.190.000;1;1;17/02/2026 18:08;17/02/2026 18:08
64;11;HYUNDAI;NULL;CKR-002;BRANCH;Kota Deltamas, GIIC Blok AA No. 10A & 11, Cikarang Pusat;NULL;NULL;NULL;NULL;NULL;Cikarang;Jawa Barat;NULL;-626.050.000;10.715.340.000;1;1;17/02/2026 18:08;17/02/2026 18:08
65;12;Jababeka;NULL;CKR-003;BRANCH;Jl. Jababeka Raya Blok E 12-17, Kawasan Industri Jababeka, Cikarang;NULL;NULL;NULL;NULL;NULL;Cikarang;Jawa Barat;NULL;-626.050.000;10.715.340.000;1;1;17/02/2026 18:08;17/02/2026 18:08
66;13;BOGOR;NULL;BKS-004;BRANCH;Jl. Alternatif Cibubur Km 4, Blok CW 8/15, Citra Grand, Jatikarya (Perbatasan Bekasi/Bogor);NULL;NULL;NULL;NULL;NULL;Bekasi;Jawa Barat;NULL;-623.490.000;10.698.960.000;1;1;17/02/2026 18:08;17/02/2026 18:08
67;14;MM2100;NULL;BKS-005;BRANCH;Jl. Raya Bekasi Km 43, Wanasari, Cibitung, Bekasi 17520 (Sering diasosiasikan dengan area MM2100);NULL;NULL;NULL;NULL;NULL;Bekasi;Jawa Barat;17520;-623.490.000;10.698.960.000;1;1;17/02/2026 18:08;17/02/2026 18:08
68;14;Sutarmo;NULL;UNK-010;BRANCH;Sutarmo;NULL;NULL;NULL;NULL;NULL;Unknown;Unknown;NULL;NULL;NULL;0;1;17/02/2026 18:08;17/02/2026 18:08
69;14;Yayan;NULL;UNK-011;BRANCH;Yayan;NULL;NULL;NULL;NULL;NULL;Unknown;Unknown;NULL;NULL;NULL;0;1;17/02/2026 18:08;17/02/2026 18:08
70;14;Niko;NULL;UNK-012;BRANCH;Niko;NULL;NULL;NULL;NULL;NULL;Unknown;Unknown;NULL;NULL;NULL;0;1;17/02/2026 18:08;17/02/2026 18:08
71;14;Endang kusnandar;NULL;UNK-013;BRANCH;Endang kusnandar;NULL;NULL;NULL;NULL;NULL;Unknown;Unknown;NULL;NULL;NULL;0;1;17/02/2026 18:08;17/02/2026 18:08
72;14;5263;NULL;UNK-014;BRANCH;5263;NULL;NULL;NULL;NULL;NULL;Unknown;Unknown;NULL;NULL;NULL;0;1;17/02/2026 18:08;17/02/2026 18:08
73;15;KARAWANG;NULL;KRW-004;BRANCH;Jl. Karawang Spoor, Desa Purwadana, Telukjambe Timur, Karawang 41361;NULL;NULL;NULL;NULL;NULL;Karawang;Jawa Barat;41361;-630.630.000;10.730.190.000;1;1;17/02/2026 18:08;17/02/2026 18:08
74;16;KARAWANG;NULL;KRW-005;BRANCH;Desa Kutapohaci, Kec. Ciampel, Karawang 41361;NULL;NULL;NULL;NULL;NULL;Karawang;Jawa Barat;41361;-630.630.000;10.730.190.000;1;1;17/02/2026 18:08;17/02/2026 18:08
75;17;TANGERANG;NULL;TNG-002;BRANCH;Jl. Raya Serang KM 12, Bitung, Tangerang;NULL;NULL;NULL;NULL;NULL;Tangerang;Banten;NULL;-617.830.000;10.663.190.000;1;1;17/02/2026 18:08;17/02/2026 18:08
76;18;Dumai;NULL;DUM-001;BRANCH;Jl. Pelabuhan TPI, Kel. Laksamana, Kec. Dumai Kota, Kota Dumai, Riau;NULL;NULL;NULL;NULL;NULL;Dumai;Riau;NULL;168.190.000;10.144.790.000;1;1;17/02/2026 18:08;17/02/2026 18:08
77;19;CIBITUNG;NULL;CBT-001;BRANCH;Kawasan Industri MM2100, Cibitung;NULL;NULL;NULL;NULL;NULL;Cibitung;Jawa Barat;NULL;-625.810.000;10.708.700.000;1;1;17/02/2026 18:08;17/02/2026 18:08
78;20;MM2100;NULL;BKS-006;BRANCH;Kawasan Industri MM2100, Jl. Irian III Blok HH-8, Cikarang Barat, Bekasi;NULL;NULL;NULL;NULL;NULL;Bekasi;Jawa Barat;NULL;-623.490.000;10.698.960.000;1;1;17/02/2026 18:08;17/02/2026 18:08
79;21;TANGGERANG;NULL;TNG-003;BRANCH;Jl. Raya Serang Km. 12, Bitung Jaya, Tangerang;NULL;NULL;NULL;NULL;NULL;Tangerang;Banten;NULL;-617.830.000;10.663.190.000;1;1;17/02/2026 18:08;17/02/2026 18:08
80;22;Semua Depo (Pekayon, Soreang, dll);NULL;UNK-015;WAREHOUSE;Sesuai alamat Depo Mayora Group di wilayah tersebut.;NULL;NULL;NULL;NULL;NULL;Unknown;Unknown;NULL;NULL;NULL;1;1;17/02/2026 18:08;17/02/2026 18:08
81;23;Painan;NULL;PDG-001;BRANCH;Jl. Padang - Painan KM 20, Teluk Bayur, Padang, Sumatera Barat;NULL;NULL;NULL;NULL;NULL;Padang;Sumatera Barat;NULL;-0.9471;10.041.720.000;1;1;17/02/2026 18:08;17/02/2026 18:08
82;23;Painan (Padang);NULL;PDG-002;BRANCH;Painan (Padang);NULL;NULL;NULL;NULL;NULL;Padang;Sumatera Barat;NULL;-0.9471;10.041.720.000;0;1;17/02/2026 18:08;17/02/2026 18:08
83;24;SIDOARJO;NULL;SDA-001;BRANCH;Jl. Raya Suko No. 21, Kec. Suko, Sidoarjo, Jawa Timur;NULL;NULL;NULL;NULL;NULL;Sidoarjo;Jawa Timur;NULL;-745.080.000;11.271.830.000;1;1;17/02/2026 18:08;17/02/2026 18:08
84;25;Pandaan;NULL;SUB-001;BRANCH;Jl. Raya Surabaya-Malang KM 38, Pandaan, Pasuruan, Jawa Timur;NULL;NULL;NULL;NULL;NULL;Surabaya;Jawa Timur;NULL;-725.750.000;11.275.210.000;1;1;17/02/2026 18:08;17/02/2026 18:08
85;26;BATANG;NULL;BAT-001;BRANCH;Kawasan Industri Terpadu Batang (KITB), Kav BPSP Unit D-12, Batang, Jawa Tengah;NULL;NULL;NULL;NULL;NULL;Batang;Jawa Tengah;NULL;NULL;NULL;1;1;17/02/2026 18:08;17/02/2026 18:08
86;27;Tangerang;NULL;TNG-004;BRANCH;Jl. Pembangunan II No. 34, Kec. Batuceper, Kota Tangerang;NULL;NULL;NULL;NULL;NULL;Tangerang;Banten;NULL;-617.830.000;10.663.190.000;1;1;17/02/2026 18:08;17/02/2026 18:08
87;27;Cibitung;NULL;BKS-007;BRANCH;Kawasan Industri MM2100, Jl. Bali Blok T-1, Cikarang Barat, Bekasi;NULL;NULL;NULL;NULL;NULL;Bekasi;Jawa Barat;NULL;-623.490.000;10.698.960.000;0;1;17/02/2026 18:08;17/02/2026 18:08
88;27;Daan Mogot(Tangerang);NULL;TNG-005;BRANCH;Daan Mogot(Tangerang);NULL;NULL;NULL;NULL;NULL;Tangerang;Banten;NULL;-617.830.000;10.663.190.000;0;1;17/02/2026 18:08;17/02/2026 18:08
89;27;Karawang;NULL;KRW-006;BRANCH;Karawang;NULL;NULL;NULL;NULL;NULL;Karawang;Jawa Barat;NULL;-630.630.000;10.730.190.000;0;1;17/02/2026 18:08;17/02/2026 18:08
90;28;JABABEKA;NULL;CKR-004;BRANCH;Jl. Jababeka Raya Blok E No. 19-20, Kawasan Industri Jababeka, Cikarang;NULL;NULL;NULL;NULL;NULL;Cikarang;Jawa Barat;NULL;-626.050.000;10.715.340.000;1;1;17/02/2026 18:08;17/02/2026 18:08
91;29;EJIP;NULL;BKS-008;BRANCH;EJIP Industrial Park Plot 3J-2, Cikarang Selatan, Bekasi;NULL;NULL;NULL;NULL;NULL;Bekasi;Jawa Barat;NULL;-623.490.000;10.698.960.000;1;1;17/02/2026 18:08;17/02/2026 18:08
92;29;Delta Silicon;NULL;UNK-016;BRANCH;Delta Silicon;NULL;NULL;NULL;NULL;NULL;Unknown;Unknown;NULL;NULL;NULL;0;1;17/02/2026 18:08;17/02/2026 18:08
93;30;Osowilangun;NULL;SUB-002;BRANCH;Pergudangan Tambak Langon, Jl. Tambak Osowilangun, Surabaya;NULL;NULL;NULL;NULL;NULL;Surabaya;Jawa Timur;NULL;-725.750.000;11.275.210.000;1;1;17/02/2026 18:08;17/02/2026 18:08
94;30;Karawang;NULL;KRW-007;BRANCH;Karawang;NULL;NULL;NULL;NULL;NULL;Karawang;Jawa Barat;NULL;-630.630.000;10.730.190.000;0;1;17/02/2026 18:08;17/02/2026 18:08
95;30;MUF7;NULL;UNK-017;BRANCH;MUF7;NULL;NULL;NULL;NULL;NULL;Unknown;Unknown;NULL;NULL;NULL;0;1;17/02/2026 18:08;17/02/2026 18:08
96;30;Firmenich MUF7;NULL;UNK-018;BRANCH;Firmenich MUF7;NULL;NULL;NULL;NULL;NULL;Unknown;Unknown;NULL;NULL;NULL;0;1;17/02/2026 18:08;17/02/2026 18:08
97;30;MUF6;NULL;UNK-019;BRANCH;MUF6;NULL;NULL;NULL;NULL;NULL;Unknown;Unknown;NULL;NULL;NULL;0;1;17/02/2026 18:08;17/02/2026 18:08
98;30;CILEUNGSI;NULL;CIL-001;BRANCH;CILEUNGSI;NULL;NULL;NULL;NULL;NULL;Cileungsi;Jawa Barat;NULL;NULL;NULL;0;1;17/02/2026 18:08;17/02/2026 18:08
99;30;Osowilangun surabaya;NULL;SUB-003;BRANCH;Osowilangun surabaya;NULL;NULL;NULL;NULL;NULL;Surabaya;Jawa Timur;NULL;-725.750.000;11.275.210.000;0;1;17/02/2026 18:08;17/02/2026 18:08
100;30;MMP Cileungsi;NULL;CIL-002;BRANCH;MMP Cileungsi;NULL;NULL;NULL;NULL;NULL;Cileungsi;Jawa Barat;NULL;NULL;NULL;0;1;17/02/2026 18:08;17/02/2026 18:08
101;31;BEKASI;NULL;CKR-005;BRANCH;Kawasan Industri Jababeka, Jl. Jababeka II Blok C, Cikarang;NULL;NULL;NULL;NULL;NULL;Cikarang;Jawa Barat;NULL;-626.050.000;10.715.340.000;1;1;17/02/2026 18:08;17/02/2026 18:08
102;32;Marunda;NULL;BKS-009;BRANCH;Marunda Center Blok T Kav. 6-10, Tarumajaya, Bekasi;NULL;NULL;NULL;NULL;NULL;Bekasi;Jawa Barat;NULL;-623.490.000;10.698.960.000;1;1;17/02/2026 18:08;17/02/2026 18:08
103;33;DUMAI;NULL;MDN-003;BRANCH;Kawasan Industri Pelintung, Kec. Medang Kampai, Dumai, Riau;NULL;NULL;NULL;NULL;NULL;Medan;Sumatera Utara;NULL;359.520.000;9.867.220.000;1;1;17/02/2026 18:08;17/02/2026 18:08
104;34;MM2100;NULL;BKS-010;BRANCH;Jl. Kampung Gardu Sawah, Kalijaya, Cikarang Barat, Bekasi;NULL;NULL;NULL;NULL;NULL;Bekasi;Jawa Barat;NULL;-623.490.000;10.698.960.000;1;1;17/02/2026 18:08;17/02/2026 18:08
105;34;MM2100;NULL;BKS-011;BRANCH;Jl. Kampung Gardu Sawah, Kalijaya, Cikarang Barat, Bekasi;NULL;NULL;NULL;NULL;NULL;Bekasi;Jawa Barat;NULL;-623.490.000;10.698.960.000;0;1;17/02/2026 18:08;17/02/2026 18:08
106;34;Nanang Div Finishing;NULL;UNK-020;BRANCH;Nanang Div Finishing;NULL;NULL;NULL;NULL;NULL;Unknown;Unknown;NULL;NULL;NULL;0;1;17/02/2026 18:08;17/02/2026 18:08
107;34;Finishing tidak pakai bap sml;NULL;UNK-021;BRANCH;Finishing tidak pakai bap sml;NULL;NULL;NULL;NULL;NULL;Unknown;Unknown;NULL;NULL;NULL;0;1;17/02/2026 18:08;17/02/2026 18:08
108;35;JABABEKA;NULL;BKS-012;BRANCH;Jl. Jababeka VI, Blok P No. 1, Kawasan Industri Jababeka, Cikarang Utara, Bekasi 17530;NULL;NULL;NULL;NULL;NULL;Bekasi;Jawa Barat;17530;-623.490.000;10.698.960.000;1;1;17/02/2026 18:08;17/02/2026 18:08
109;36;MM2100;NULL;BKS-013;BRANCH;Kawasan Industri MM2100, Blok N-1, Gandamekar, Cikarang Barat, Bekasi 17520;NULL;NULL;NULL;NULL;NULL;Bekasi;Jawa Barat;17520;-623.490.000;10.698.960.000;1;1;17/02/2026 18:08;17/02/2026 18:08
110;37;KARAWANG;NULL;KRW-008;BRANCH;Desa Anggadita, Kec. Klari, Karawang Timur 41371;NULL;NULL;NULL;NULL;NULL;Karawang;Jawa Barat;41371;-630.630.000;10.730.190.000;1;1;17/02/2026 18:08;17/02/2026 18:08
111;38;CILEUNGSI;NULL;CIL-003;BRANCH;Jl. Raya Narogong KM 23.8, Cileungsi;NULL;NULL;NULL;NULL;NULL;Cileungsi;Jawa Barat;NULL;NULL;NULL;1;1;17/02/2026 18:08;17/02/2026 18:08
112;38;Bogor - GCPI 1;NULL;BGR-006;BRANCH;Bogor - GCPI 1;NULL;NULL;NULL;NULL;NULL;Bogor;Jawa Barat;NULL;-659.710.000;10.680.600.000;0;1;17/02/2026 18:08;17/02/2026 18:08
113;38;Bogor - GCPI 2;NULL;BGR-007;BRANCH;Bogor - GCPI 2;NULL;NULL;NULL;NULL;NULL;Bogor;Jawa Barat;NULL;-659.710.000;10.680.600.000;0;1;17/02/2026 18:08;17/02/2026 18:08
114;38;Bogor - GCPI 3;NULL;BGR-008;BRANCH;Bogor - GCPI 3;NULL;NULL;NULL;NULL;NULL;Bogor;Jawa Barat;NULL;-659.710.000;10.680.600.000;0;1;17/02/2026 18:08;17/02/2026 18:08
115;39;EJIP;NULL;BKS-014;BRANCH;EJIP Industrial Park Plot 1A No. 2, Cikarang Selatan, Bekasi 17550;NULL;NULL;NULL;NULL;NULL;Bekasi;Jawa Barat;17550;-623.490.000;10.698.960.000;1;1;17/02/2026 18:08;17/02/2026 18:08
116;40;FORISA;NULL;CKR-006;BRANCH;Kawasan Industri MM2100, Cikarang Barat;NULL;NULL;NULL;NULL;NULL;Cikarang;Jawa Barat;NULL;-626.050.000;10.715.340.000;1;1;17/02/2026 18:08;17/02/2026 18:08
117;40;1600reachtruck;NULL;UNK-022;BRANCH;1600reachtruck;NULL;NULL;NULL;NULL;NULL;Unknown;Unknown;NULL;NULL;NULL;0;1;17/02/2026 18:08;17/02/2026 18:08
118;41;Pandaan;NULL;SUB-004;BRANCH;Jl. Raya Surabaya-Malang KM 38, Pandaan, Pasuruan;NULL;NULL;NULL;NULL;NULL;Surabaya;Jawa Timur;NULL;-725.750.000;11.275.210.000;1;1;17/02/2026 18:08;17/02/2026 18:08
119;42;JAKARTA;NULL;JKT-004;BRANCH;Kawasan Industri Pulogadung, Jakarta Timur;NULL;NULL;NULL;NULL;NULL;Jakarta Timur;DKI Jakarta;NULL;-620.880.000;10.684.560.000;1;1;17/02/2026 18:08;17/02/2026 18:08
120;42;PULO GADUNG;NULL;JKT-005;BRANCH;Kawasan Industri Pulogadung, Jl. Rawa Sumur III Blok DD No. 13, Jakarta Timur;NULL;NULL;NULL;NULL;NULL;Jakarta Timur;DKI Jakarta;NULL;-620.880.000;10.684.560.000;0;1;17/02/2026 18:08;17/02/2026 18:08
121;43;MM2100;NULL;BKS-015;BRANCH;Kawasan Industri MM2100 Blok LL No. 1, Cikarang Barat, Bekasi;NULL;NULL;NULL;NULL;NULL;Bekasi;Jawa Barat;NULL;-623.490.000;10.698.960.000;1;1;17/02/2026 18:08;17/02/2026 18:08
122;44;JABABEKA;NULL;CKR-007;BRANCH;Kawasan Industri Jababeka, Cikarang;NULL;NULL;NULL;NULL;NULL;Cikarang;Jawa Barat;NULL;-626.050.000;10.715.340.000;1;1;17/02/2026 18:08;17/02/2026 18:08
123;45;Serang;NULL;SRG-001;BRANCH;Jl. Raya Serang KM 76, Desa Kragilan, Kec. Kragilan, Serang, Banten;NULL;NULL;NULL;NULL;NULL;Serang;Banten;NULL;-612.040.000;10.615.030.000;1;1;17/02/2026 18:08;17/02/2026 18:08
124;45;Tanggerang;NULL;TNG-006;BRANCH;Jl. Raya Serpong KM 8, Pakulonan, Kec. Serpong Utara, Tangerang Selatan;NULL;NULL;NULL;NULL;NULL;Tangerang;Banten;NULL;-617.830.000;10.663.190.000;0;1;17/02/2026 18:08;17/02/2026 18:08
125;45;Riau;NULL;RIA-001;BRANCH;Riau;NULL;NULL;NULL;NULL;NULL;Riau;Riau;NULL;NULL;NULL;0;1;17/02/2026 18:08;17/02/2026 18:08
126;45;Tangerang;NULL;TNG-007;BRANCH;Tangerang;NULL;NULL;NULL;NULL;NULL;Tangerang;Banten;NULL;-617.830.000;10.663.190.000;0;1;17/02/2026 18:08;17/02/2026 18:08
127;46;PURWAKARTA;NULL;PUR-001;BRANCH;Desa Cilangkap, Kec. Babakancikao, Purwakarta 41101;NULL;NULL;NULL;NULL;NULL;Purwakarta;Jawa Barat;41101;NULL;NULL;1;1;17/02/2026 18:08;17/02/2026 18:08
128;46;Purwakarta STORE;NULL;PUR-002;BRANCH;Purwakarta STORE;NULL;NULL;NULL;NULL;NULL;Purwakarta;Jawa Barat;NULL;NULL;NULL;0;1;17/02/2026 18:08;17/02/2026 18:08
129;46;5749;NULL;UNK-023;BRANCH;5749;NULL;NULL;NULL;NULL;NULL;Unknown;Unknown;NULL;NULL;NULL;0;1;17/02/2026 18:08;17/02/2026 18:08
130;46;2986;NULL;UNK-024;BRANCH;2986;NULL;NULL;NULL;NULL;NULL;Unknown;Unknown;NULL;NULL;NULL;0;1;17/02/2026 18:08;17/02/2026 18:08
131;46;2754;NULL;UNK-025;BRANCH;2754;NULL;NULL;NULL;NULL;NULL;Unknown;Unknown;NULL;NULL;NULL;0;1;17/02/2026 18:08;17/02/2026 18:08
132;46;RAW MATERIAL;NULL;UNK-026;BRANCH;RAW MATERIAL;NULL;NULL;NULL;NULL;NULL;Unknown;Unknown;NULL;NULL;NULL;0;1;17/02/2026 18:08;17/02/2026 18:08
133;46;3374;NULL;UNK-027;BRANCH;3374;NULL;NULL;NULL;NULL;NULL;Unknown;Unknown;NULL;NULL;NULL;0;1;17/02/2026 18:08;17/02/2026 18:08
134;46;5748;NULL;UNK-028;BRANCH;5748;NULL;NULL;NULL;NULL;NULL;Unknown;Unknown;NULL;NULL;NULL;0;1;17/02/2026 18:08;17/02/2026 18:08
135;46;3295;NULL;UNK-029;BRANCH;3295;NULL;NULL;NULL;NULL;NULL;Unknown;Unknown;NULL;NULL;NULL;0;1;17/02/2026 18:08;17/02/2026 18:08
136;46;2902;NULL;UNK-030;BRANCH;2902;NULL;NULL;NULL;NULL;NULL;Unknown;Unknown;NULL;NULL;NULL;0;1;17/02/2026 18:08;17/02/2026 18:08
137;46;3511;NULL;UNK-031;BRANCH;3511;NULL;NULL;NULL;NULL;NULL;Unknown;Unknown;NULL;NULL;NULL;0;1;17/02/2026 18:08;17/02/2026 18:08
138;46;3512;NULL;UNK-032;BRANCH;3512;NULL;NULL;NULL;NULL;NULL;Unknown;Unknown;NULL;NULL;NULL;0;1;17/02/2026 18:08;17/02/2026 18:08
139;46;3513;NULL;UNK-033;BRANCH;3513;NULL;NULL;NULL;NULL;NULL;Unknown;Unknown;NULL;NULL;NULL;0;1;17/02/2026 18:08;17/02/2026 18:08
140;46;3516;NULL;UNK-034;BRANCH;3516;NULL;NULL;NULL;NULL;NULL;Unknown;Unknown;NULL;NULL;NULL;0;1;17/02/2026 18:08;17/02/2026 18:08
141;46;WAREHOUSE;NULL;UNK-035;WAREHOUSE;WAREHOUSE;NULL;NULL;NULL;NULL;NULL;Unknown;Unknown;NULL;NULL;NULL;0;1;17/02/2026 18:08;17/02/2026 18:08
142;46;3002;NULL;UNK-036;BRANCH;3002;NULL;NULL;NULL;NULL;NULL;Unknown;Unknown;NULL;NULL;NULL;0;1;17/02/2026 18:08;17/02/2026 18:08
143;46;3683;NULL;UNK-037;BRANCH;3683;NULL;NULL;NULL;NULL;NULL;Unknown;Unknown;NULL;NULL;NULL;0;1;17/02/2026 18:08;17/02/2026 18:08
144;46;3684;NULL;UNK-038;BRANCH;3684;NULL;NULL;NULL;NULL;NULL;Unknown;Unknown;NULL;NULL;NULL;0;1;17/02/2026 18:08;17/02/2026 18:08
145;46;3680;NULL;UNK-039;BRANCH;3680;NULL;NULL;NULL;NULL;NULL;Unknown;Unknown;NULL;NULL;NULL;0;1;17/02/2026 18:08;17/02/2026 18:08
146;46;3681;NULL;UNK-040;BRANCH;3681;NULL;NULL;NULL;NULL;NULL;Unknown;Unknown;NULL;NULL;NULL;0;1;17/02/2026 18:08;17/02/2026 18:08
147;46;3682;NULL;UNK-041;BRANCH;3682;NULL;NULL;NULL;NULL;NULL;Unknown;Unknown;NULL;NULL;NULL;0;1;17/02/2026 18:08;17/02/2026 18:08
148;46;3679;NULL;UNK-042;BRANCH;3679;NULL;NULL;NULL;NULL;NULL;Unknown;Unknown;NULL;NULL;NULL;0;1;17/02/2026 18:08;17/02/2026 18:08
149;46;SODIUM;NULL;UNK-043;BRANCH;SODIUM;NULL;NULL;NULL;NULL;NULL;Unknown;Unknown;NULL;NULL;NULL;0;1;17/02/2026 18:08;17/02/2026 18:08
150;46;3731;NULL;UNK-044;BRANCH;3731;NULL;NULL;NULL;NULL;NULL;Unknown;Unknown;NULL;NULL;NULL;0;1;17/02/2026 18:08;17/02/2026 18:08
151;46;SULPHURE;NULL;UNK-045;BRANCH;SULPHURE;NULL;NULL;NULL;NULL;NULL;Unknown;Unknown;NULL;NULL;NULL;0;1;17/02/2026 18:08;17/02/2026 18:08
152;46;MATERIAL;NULL;UNK-046;BRANCH;MATERIAL;NULL;NULL;NULL;NULL;NULL;Unknown;Unknown;NULL;NULL;NULL;0;1;17/02/2026 18:08;17/02/2026 18:08
153;46;2180;NULL;UNK-047;BRANCH;2180;NULL;NULL;NULL;NULL;NULL;Unknown;Unknown;NULL;NULL;NULL;0;1;17/02/2026 18:08;17/02/2026 18:08
154;46;5722;NULL;UNK-048;BRANCH;5722;NULL;NULL;NULL;NULL;NULL;Unknown;Unknown;NULL;NULL;NULL;0;1;17/02/2026 18:08;17/02/2026 18:08
155;46;5724;NULL;UNK-049;BRANCH;5724;NULL;NULL;NULL;NULL;NULL;Unknown;Unknown;NULL;NULL;NULL;0;1;17/02/2026 18:08;17/02/2026 18:08
156;46;3049;NULL;UNK-050;BRANCH;3049;NULL;NULL;NULL;NULL;NULL;Unknown;Unknown;NULL;NULL;NULL;0;1;17/02/2026 18:08;17/02/2026 18:08
157;46;3704;NULL;UNK-051;BRANCH;3704;NULL;NULL;NULL;NULL;NULL;Unknown;Unknown;NULL;NULL;NULL;0;1;17/02/2026 18:08;17/02/2026 18:08
158;47;BOGOR;NULL;BGR-009;BRANCH;Jl. Pahlawan, Desa Karang Asem Timur, Citeureup, Bogor 16810;NULL;NULL;NULL;NULL;NULL;Bogor;Jawa Barat;16810;-659.710.000;10.680.600.000;1;1;17/02/2026 18:08;17/02/2026 18:08
159;48;BOGOR;NULL;BGR-010;BRANCH;Jl. Mayor Oking Jaya Atmaja, Citeureup, Bogor 16810;NULL;NULL;NULL;NULL;NULL;Bogor;Jawa Barat;16810;-659.710.000;10.680.600.000;1;1;17/02/2026 18:08;17/02/2026 18:08
160;49;CAKUNG;NULL;JKT-006;BRANCH;Jl. Raya Cakung Cilincing, Jakarta Timur;NULL;NULL;NULL;NULL;NULL;Jakarta Timur;DKI Jakarta;NULL;-620.880.000;10.684.560.000;1;1;17/02/2026 18:08;17/02/2026 18:08
161;49;MM2100;NULL;BKS-016;BRANCH;Kawasan Industri MM2100, Jl. Selayar No.9 Blok D, Cikarang Barat, Bekasi;NULL;NULL;NULL;NULL;NULL;Bekasi;Jawa Barat;NULL;-623.490.000;10.698.960.000;0;1;17/02/2026 18:08;17/02/2026 18:08
162;49;Rana Global;NULL;UNK-052;BRANCH;Rana Global;NULL;NULL;NULL;NULL;NULL;Unknown;Unknown;NULL;NULL;NULL;0;1;17/02/2026 18:08;17/02/2026 18:08
163;49;Cibitung;NULL;CBT-002;BRANCH;Cibitung;NULL;NULL;NULL;NULL;NULL;Cibitung;Jawa Barat;NULL;-625.810.000;10.708.700.000;0;1;17/02/2026 18:08;17/02/2026 18:08
164;49;Gudang Trinitas / ULTRAJAYA;NULL;UNK-053;WAREHOUSE;Gudang Trinitas / ULTRAJAYA;NULL;NULL;NULL;NULL;NULL;Unknown;Unknown;NULL;NULL;NULL;0;1;17/02/2026 18:08;17/02/2026 18:08
165;49;GIJ JABABEKA;NULL;UNK-054;BRANCH;GIJ JABABEKA;NULL;NULL;NULL;NULL;NULL;Unknown;Unknown;NULL;NULL;NULL;0;1;17/02/2026 18:08;17/02/2026 18:08
166;49;padalarang;NULL;UNK-055;BRANCH;padalarang;NULL;NULL;NULL;NULL;NULL;Unknown;Unknown;NULL;NULL;NULL;0;1;17/02/2026 18:08;17/02/2026 18:08
167;50;Deltasilicon;NULL;CKR-008;BRANCH;Kawasan Industri Delta Silicon 3, Jl. Selayar II Blok H7-8, Cikarang;NULL;NULL;NULL;NULL;NULL;Cikarang;Jawa Barat;NULL;-626.050.000;10.715.340.000;1;1;17/02/2026 18:08;17/02/2026 18:08
168;51;CIRACAS;NULL;JKT-007;BRANCH;Jl. Raya Bogor Km 26, Ciracas, Jakarta Timur;NULL;NULL;NULL;NULL;NULL;Jakarta Timur;DKI Jakarta;NULL;-620.880.000;10.684.560.000;1;1;17/02/2026 18:08;17/02/2026 18:08
169;51;CURUG;NULL;TNG-008;BRANCH;Jl. Raya Curug No. 99, Desa Curug Wetan, Kec. Curug, Tangerang;NULL;NULL;NULL;NULL;NULL;Tangerang;Banten;NULL;-617.830.000;10.663.190.000;0;1;17/02/2026 18:08;17/02/2026 18:08
170;51;SUKABUMI;NULL;SKB-029;BRANCH;Jl. Raya Siliwangi Km 28, Kutajaya, Cicurug, Sukabumi;NULL;NULL;NULL;NULL;NULL;Sukabumi;Jawa Barat;NULL;-692.710.000;10.692.710.000;0;1;17/02/2026 18:08;17/02/2026 18:08
171;51;PANDAAN;NULL;PSR-001;BRANCH;Jl. Raya Lebak Sari, Pandaan, Pasuruan 67156;NULL;NULL;NULL;NULL;NULL;Pasuruan;Jawa Timur;67156;-764.570.000;11.290.740.000;0;1;17/02/2026 18:08;17/02/2026 18:08
172;51;PURWOSARI;NULL;PSR-002;BRANCH;Jl. Raya Purwosari, Tejowangi, Purwosari, Pasuruan 67162;NULL;NULL;NULL;NULL;NULL;Pasuruan;Jawa Timur;67162;-764.570.000;11.290.740.000;0;1;17/02/2026 18:08;17/02/2026 18:08
173;51;Citereup;NULL;UNK-056;BRANCH;Citereup;NULL;NULL;NULL;NULL;NULL;Unknown;Unknown;NULL;NULL;NULL;0;1;17/02/2026 18:08;17/02/2026 18:08
174;51;Cicurug;NULL;UNK-057;BRANCH;Cicurug;NULL;NULL;NULL;NULL;NULL;Unknown;Unknown;NULL;NULL;NULL;0;1;17/02/2026 18:08;17/02/2026 18:08
175;51;Cicurug 3;NULL;UNK-058;BRANCH;Cicurug 3;NULL;NULL;NULL;NULL;NULL;Unknown;Unknown;NULL;NULL;NULL;0;1;17/02/2026 18:08;17/02/2026 18:08
176;52;EJIP;NULL;BKS-017;BRANCH;EJIP Industrial Park Plot 4C, Cikarang Selatan, Bekasi 17550;NULL;NULL;NULL;NULL;NULL;Bekasi;Jawa Barat;17550;-623.490.000;10.698.960.000;1;1;17/02/2026 18:08;17/02/2026 18:08
177;53;Jababeka;NULL;BKS-018;BRANCH;Kawasan Industri Jababeka II, Jl. Industri Selatan Blok JJ No. 6, Bekasi;NULL;NULL;NULL;NULL;NULL;Bekasi;Jawa Barat;NULL;-623.490.000;10.698.960.000;1;1;17/02/2026 18:08;17/02/2026 18:08
178;54;CIKAMPEK;NULL;CIK-002;BRANCH;Kawasan Industri Kota Bukit Indah, Blok D-II, Purwakarta/Cikampek;NULL;NULL;NULL;NULL;NULL;Cikampek;Jawa Barat;NULL;NULL;NULL;1;1;17/02/2026 18:08;17/02/2026 18:08
179;55;RANCAEKEK;NULL;BDG-002;BRANCH;Jl. Raya Cicalengka-Majalaya Km 1, Rancaekek, Bandung;NULL;NULL;NULL;NULL;NULL;Bandung;Jawa Barat;NULL;-691.750.000;10.761.910.000;1;1;17/02/2026 18:08;17/02/2026 18:08
180;55;MAJALENGKA;NULL;BDG-003;BRANCH;Jl. Raya Cirebon-Bandung Km 24, Sumberjaya, Majalengka;NULL;NULL;NULL;NULL;NULL;Bandung;Jawa Barat;NULL;-691.750.000;10.761.910.000;0;1;17/02/2026 18:08;17/02/2026 18:08
181;56;KARAWANG;NULL;KRW-009;BRANCH;Kawasan Industri KIIC, Jl. Harapan V Lot JJ-12, Karawang;NULL;NULL;NULL;NULL;NULL;Karawang;Jawa Barat;NULL;-630.630.000;10.730.190.000;1;1;17/02/2026 18:08;17/02/2026 18:08
182;56;Majalengka;NULL;UNK-059;BRANCH;Majalengka;NULL;NULL;NULL;NULL;NULL;Unknown;Unknown;NULL;NULL;NULL;0;1;17/02/2026 18:08;17/02/2026 18:08
183;57;JOMBANG;NULL;JOM-001;BRANCH;Jl. Raya Mojoagung No. 9, Jombang;NULL;NULL;NULL;NULL;NULL;Jombang;Jawa Tengah;NULL;NULL;NULL;1;1;17/02/2026 18:08;17/02/2026 18:08
184;58;Batang;NULL;BAT-002;BRANCH;Kawasan Industri Terpadu Batang (KITB), Gringsing, Batang, Jawa Tengah;NULL;NULL;NULL;NULL;NULL;Batang;Jawa Tengah;NULL;NULL;NULL;1;1;17/02/2026 18:08;17/02/2026 18:08
185;59;CILEUNGSI;NULL;BGR-011;BRANCH;Jl. Raya Narogong Km 51.9, Limus Nunggal, Cileungsi, Bogor 16820;NULL;NULL;NULL;NULL;NULL;Bogor;Jawa Barat;16820;-659.710.000;10.680.600.000;1;1;17/02/2026 18:08;17/02/2026 18:08
186;60;SUKABUMI;NULL;SKB-030;BRANCH;Jl. Raya Babakan KM 12, Sukabumi;NULL;NULL;NULL;NULL;NULL;Sukabumi;Jawa Barat;NULL;-692.710.000;10.692.710.000;1;1;17/02/2026 18:08;17/02/2026 18:08
187;61;Muara Angke;NULL;JKT-008;BRANCH;Pelabuhan Perikanan Samudera Nizam Zachman, Muara Angke, Jakarta Utara;NULL;NULL;NULL;NULL;NULL;Jakarta Utara;DKI Jakarta;NULL;-620.880.000;10.684.560.000;1;1;17/02/2026 18:08;17/02/2026 18:08
188;62;CIKARANG;NULL;CKR-009;BRANCH;Greenland International Industrial Center (GIIC), Blok DE No. 01, Deltamas, Cikarang Pusat;NULL;NULL;NULL;NULL;NULL;Cikarang;Jawa Barat;NULL;-626.050.000;10.715.340.000;1;1;17/02/2026 18:08;17/02/2026 18:08
189;63;LAMPUNG;NULL;LPG-001;BRANCH;Jl. Raya Branti Km. 20, Lampung Selatan;NULL;NULL;NULL;NULL;NULL;Lampung;Lampung;NULL;NULL;NULL;1;1;17/02/2026 18:08;17/02/2026 18:08
190;64;Empty;NULL;BKS-019;BRANCH;Kawasan Industri Delta Silicon 3, Cicau, Cikarang Pusat, Bekasi;NULL;NULL;NULL;NULL;NULL;Bekasi;Jawa Barat;NULL;-623.490.000;10.698.960.000;1;1;17/02/2026 18:08;17/02/2026 18:08
191;64;Tangerang;NULL;TNG-009;BRANCH;Tangerang;NULL;NULL;NULL;NULL;NULL;Tangerang;Banten;NULL;-617.830.000;10.663.190.000;0;1;17/02/2026 18:08;17/02/2026 18:08
192;64;1634;NULL;UNK-060;BRANCH;1634;NULL;NULL;NULL;NULL;NULL;Unknown;Unknown;NULL;NULL;NULL;0;1;17/02/2026 18:08;17/02/2026 18:08
193;64;2232;NULL;UNK-061;BRANCH;2232;NULL;NULL;NULL;NULL;NULL;Unknown;Unknown;NULL;NULL;NULL;0;1;17/02/2026 18:08;17/02/2026 18:08
194;64;1608;NULL;UNK-062;BRANCH;1608;NULL;NULL;NULL;NULL;NULL;Unknown;Unknown;NULL;NULL;NULL;0;1;17/02/2026 18:08;17/02/2026 18:08
195;64;5463;NULL;UNK-063;BRANCH;5463;NULL;NULL;NULL;NULL;NULL;Unknown;Unknown;NULL;NULL;NULL;0;1;17/02/2026 18:08;17/02/2026 18:08
196;64;5464;NULL;UNK-064;BRANCH;5464;NULL;NULL;NULL;NULL;NULL;Unknown;Unknown;NULL;NULL;NULL;0;1;17/02/2026 18:08;17/02/2026 18:08
197;64;5380-ThreeWheel;NULL;UNK-065;WAREHOUSE;5380-ThreeWheel;NULL;NULL;NULL;NULL;NULL;Unknown;Unknown;NULL;NULL;NULL;0;1;17/02/2026 18:08;17/02/2026 18:08
198;64;5617-CB;NULL;UNK-066;BRANCH;5617-CB;NULL;NULL;NULL;NULL;NULL;Unknown;Unknown;NULL;NULL;NULL;0;1;17/02/2026 18:08;17/02/2026 18:08
199;64;5619-CB;NULL;UNK-067;BRANCH;5619-CB;NULL;NULL;NULL;NULL;NULL;Unknown;Unknown;NULL;NULL;NULL;0;1;17/02/2026 18:08;17/02/2026 18:08
200;64;5614;NULL;UNK-068;BRANCH;5614;NULL;NULL;NULL;NULL;NULL;Unknown;Unknown;NULL;NULL;NULL;0;1;17/02/2026 18:08;17/02/2026 18:08
201;64;5224;NULL;UNK-069;BRANCH;5224;NULL;NULL;NULL;NULL;NULL;Unknown;Unknown;NULL;NULL;NULL;0;1;17/02/2026 18:08;17/02/2026 18:08
202;64;5164;NULL;UNK-070;BRANCH;5164;NULL;NULL;NULL;NULL;NULL;Unknown;Unknown;NULL;NULL;NULL;0;1;17/02/2026 18:08;17/02/2026 18:08
203;64;MobDemob;NULL;UNK-071;BRANCH;MobDemob;NULL;NULL;NULL;NULL;NULL;Unknown;Unknown;NULL;NULL;NULL;0;1;17/02/2026 18:08;17/02/2026 18:08
204;64;6010-PalletMover(UnitBaru);NULL;UNK-072;BRANCH;6010-PalletMover(UnitBaru);NULL;NULL;NULL;NULL;NULL;Unknown;Unknown;NULL;NULL;NULL;0;1;17/02/2026 18:08;17/02/2026 18:08
205;64;5085-CounterBalance;NULL;UNK-073;BRANCH;5085-CounterBalance;NULL;NULL;NULL;NULL;NULL;Unknown;Unknown;NULL;NULL;NULL;0;1;17/02/2026 18:08;17/02/2026 18:08
206;64;PalletMover(Belumdikirim);NULL;UNK-074;BRANCH;PalletMover(Belumdikirim);NULL;NULL;NULL;NULL;NULL;Unknown;Unknown;NULL;NULL;NULL;0;1;17/02/2026 18:08;17/02/2026 18:08
207;65;CIREBON;NULL;JKT-009;BRANCH;Jl. Raya Palimanan-Jakarta Km 2, Arjawinangun, Cirebon 45162;NULL;NULL;NULL;NULL;NULL;Jakarta;DKI Jakarta;45162;-620.880.000;10.684.560.000;1;1;17/02/2026 18:08;17/02/2026 18:08
208;66;TANGGERANG;NULL;TNG-010;BRANCH;Jl. Raya Legok, Desa Cirarab, Kec. Legok, Tangerang 15820;NULL;NULL;NULL;NULL;NULL;Tangerang;Banten;15820;-617.830.000;10.663.190.000;1;1;17/02/2026 18:08;17/02/2026 18:08
209;67;MM2100;NULL;BKS-020;BRANCH;Kawasan Industri MM2100, Blok QQ-6, Cikarang Barat, Bekasi 17520;NULL;NULL;NULL;NULL;NULL;Bekasi;Jawa Barat;17520;-623.490.000;10.698.960.000;1;1;17/02/2026 18:08;17/02/2026 18:08
210;67;Ejip;NULL;UNK-075;BRANCH;Ejip;NULL;NULL;NULL;NULL;NULL;Unknown;Unknown;NULL;NULL;NULL;0;1;17/02/2026 18:08;17/02/2026 18:08
211;68;KARAWANG;NULL;KRW-010;BRANCH;Kawasan Industri KIIC, Jl. Harapan III Lot JJ-2A, Karawang 41361;NULL;NULL;NULL;NULL;NULL;Karawang;Jawa Barat;41361;-630.630.000;10.730.190.000;1;1;17/02/2026 18:08;17/02/2026 18:08
212;69;JABABEKA;NULL;BKS-021;BRANCH;Jl. Raya Tegal Gede No. 1, Lemahabang, Cikarang (Dekat Jababeka), Bekasi;NULL;NULL;NULL;NULL;NULL;Bekasi;Jawa Barat;NULL;-623.490.000;10.698.960.000;1;1;17/02/2026 18:08;17/02/2026 18:08
213;69;Cikarang;NULL;CKR-010;BRANCH;Cikarang;NULL;NULL;NULL;NULL;NULL;Cikarang;Jawa Barat;NULL;-626.050.000;10.715.340.000;0;1;17/02/2026 18:08;17/02/2026 18:08
214;70;EJIP;NULL;BKS-022;BRANCH;EJIP Industrial Park Plot 3J-2, Cikarang Selatan, Bekasi 17550;NULL;NULL;NULL;NULL;NULL;Bekasi;Jawa Barat;17550;-623.490.000;10.698.960.000;1;1;17/02/2026 18:08;17/02/2026 18:08
215;70;KARAWANG;NULL;KRW-011;BRANCH;Jl. Surya Madya Kav 1-36 BC, Suryacipta, Karawang 41361;NULL;NULL;NULL;NULL;NULL;Karawang;Jawa Barat;41361;-630.630.000;10.730.190.000;0;1;17/02/2026 18:08;17/02/2026 18:08
216;71;MARUNDA;NULL;BKS-023;BRANCH;Marunda Center, Jl. Marunda Makmur Blok A, Tarumajaya, Bekasi;NULL;NULL;NULL;NULL;NULL;Bekasi;Jawa Barat;NULL;-623.490.000;10.698.960.000;1;1;17/02/2026 18:08;17/02/2026 18:08
217;72;JAKARTA;NULL;JKT-010;BRANCH;Jl. Raya Bogor Km 27, Pekayon, Pasar Rebo, Jakarta Timur 13710;NULL;NULL;NULL;NULL;NULL;Jakarta Timur;DKI Jakarta;13710;-620.880.000;10.684.560.000;1;1;17/02/2026 18:08;17/02/2026 18:08
218;72;Bogor;NULL;BGR-012;BRANCH;Bogor;NULL;NULL;NULL;NULL;NULL;Bogor;Jawa Barat;NULL;-659.710.000;10.680.600.000;0;1;17/02/2026 18:08;17/02/2026 18:08
219;73;Empty;NULL;KRW-012;BRANCH;Kawasan Industri KIIC, Jl. Harapan VI Lot LL-3A, Karawang;NULL;NULL;NULL;NULL;NULL;Karawang;Jawa Barat;NULL;-630.630.000;10.730.190.000;1;1;17/02/2026 18:08;17/02/2026 18:08
220;73;DELTAMAS;NULL;UNK-076;BRANCH;DELTAMAS;NULL;NULL;NULL;NULL;NULL;Unknown;Unknown;NULL;NULL;NULL;0;1;17/02/2026 18:08;17/02/2026 18:08
221;74;Sidoarjo;NULL;SUB-005;BRANCH;Jl. Raya Surabaya-Malang KM 25, Kec. Gempol, Pasuruan/Sidoarjo;NULL;NULL;NULL;NULL;NULL;Surabaya;Jawa Timur;NULL;-725.750.000;11.275.210.000;1;1;17/02/2026 18:08;17/02/2026 18:08
222;75;CIKARANG;NULL;CKR-011;BRANCH;Kawasan Industri Gobel, Jl. Teuku Umar Km 44, Cikarang Barat;NULL;NULL;NULL;NULL;NULL;Cikarang;Jawa Barat;NULL;-626.050.000;10.715.340.000;1;1;17/02/2026 18:08;17/02/2026 18:08
223;76;MENGGER;NULL;BDG-004;BRANCH;Jl. Mengger No. 1, Bandung;NULL;NULL;NULL;NULL;NULL;Bandung;Jawa Barat;NULL;-691.750.000;10.761.910.000;1;1;17/02/2026 18:08;17/02/2026 18:08
224;76;84;NULL;UNK-077;BRANCH;84;NULL;NULL;NULL;NULL;NULL;Unknown;Unknown;NULL;NULL;NULL;0;1;17/02/2026 18:08;17/02/2026 18:08
225;76;BINTANG AGUNG;NULL;UNK-078;BRANCH;BINTANG AGUNG;NULL;NULL;NULL;NULL;NULL;Unknown;Unknown;NULL;NULL;NULL;0;1;17/02/2026 18:08;17/02/2026 18:08
226;77;SUBANG;NULL;SUB-006;BRANCH;Jl. Raya Cipeundeuy Km 1, Cipeundeuy, Subang 41272;NULL;NULL;NULL;NULL;NULL;Subang;Jawa Barat;41272;NULL;NULL;1;1;17/02/2026 18:08;17/02/2026 18:08
227;78;JAKARTA;NULL;JKT-011;BRANCH;Jl. Raya Jakarta-Bogor Km. 47,4, Cibinong;NULL;NULL;NULL;NULL;NULL;Jakarta;DKI Jakarta;NULL;-620.880.000;10.684.560.000;1;1;17/02/2026 18:08;17/02/2026 18:08
228;79;CIBITUNG;NULL;BKS-024;BRANCH;Jl. Raya Fatahillah Km 49.5, Kalijaya, Cikarang Barat, Bekasi 17530;NULL;NULL;NULL;NULL;NULL;Bekasi;Jawa Barat;17530;-623.490.000;10.698.960.000;1;1;17/02/2026 18:08;17/02/2026 18:08
229;80;CIKAMPEK;NULL;CIK-003;BRANCH;Kawasan Industri Indotaisei, Cikampek;NULL;NULL;NULL;NULL;NULL;Cikampek;Jawa Barat;NULL;NULL;NULL;1;1;17/02/2026 18:08;17/02/2026 18:08
230;80;CIKAMPEK;NULL;KRW-013;BRANCH;Kawasan Industri Indotaisei, Sektor 1A Blok G1, Cikampek, Karawang 41373;NULL;NULL;NULL;NULL;NULL;Karawang;Jawa Barat;41373;-630.630.000;10.730.190.000;0;1;17/02/2026 18:08;17/02/2026 18:08
231;81;SEMARANG/DEMAK;NULL;SMG-002;BRANCH;Jl. Raya Semarang-Demak Km 17, Demak, Jawa Tengah;NULL;NULL;NULL;NULL;NULL;Semarang;Jawa Tengah;NULL;-696.670.000;11.041.670.000;1;1;17/02/2026 18:08;17/02/2026 18:08
232;81;BANDUNG;NULL;BDG-005;BRANCH;Jl. Soekarno Hatta No. 791, Gedebage, Bandung 40294;NULL;NULL;NULL;NULL;NULL;Bandung;Jawa Barat;40294;-691.750.000;10.761.910.000;0;1;17/02/2026 18:08;17/02/2026 18:08
233;82;MARUNDA;NULL;BKS-025;BRANCH;Marunda Center, Jl. Marunda Makmur Blok T Kav. 6-10, Bekasi;NULL;NULL;NULL;NULL;NULL;Bekasi;Jawa Barat;NULL;-623.490.000;10.698.960.000;1;1;17/02/2026 18:08;17/02/2026 18:08
234;82;Surabaya;NULL;SUB-007;BRANCH;Surabaya;NULL;NULL;NULL;NULL;NULL;Surabaya;Jawa Timur;NULL;-725.750.000;11.275.210.000;0;1;17/02/2026 18:08;17/02/2026 18:08
235;83;KARAWANG;NULL;KRW-014;BRANCH;Jl. Surya Utama Kav I-21A, Kawasan Industri Suryacipta, Karawang 41363;NULL;NULL;NULL;NULL;NULL;Karawang;Jawa Barat;41363;-630.630.000;10.730.190.000;1;1;17/02/2026 18:08;17/02/2026 18:08
236;84;REMBANG;NULL;SUB-008;BRANCH;Pabrik Rembang, Jl. Raya Semarang-Surabaya, Rembang, Jawa Tengah;NULL;NULL;NULL;NULL;NULL;Surabaya;Jawa Tengah;NULL;-725.750.000;11.275.210.000;1;1;17/02/2026 18:08;17/02/2026 18:08
237;85;CILEUNGSI;NULL;BKS-026;BRANCH;Jl. Raya Cibinong-Bekasi Km 20, Limus Nunggal, Cileungsi, Bogor 16820;NULL;NULL;NULL;NULL;NULL;Bekasi;Jawa Barat;16820;-623.490.000;10.698.960.000;1;1;17/02/2026 18:08;17/02/2026 18:08
238;85;MM2100;NULL;BKS-027;BRANCH;Kawasan Industri MM2100, Cibitung, Bekasi;NULL;NULL;NULL;NULL;NULL;Bekasi;Jawa Barat;NULL;-623.490.000;10.698.960.000;0;1;17/02/2026 18:08;17/02/2026 18:08
239;85;CIBITUNG;NULL;CBT-003;BRANCH;CIBITUNG;NULL;NULL;NULL;NULL;NULL;Cibitung;Jawa Barat;NULL;-625.810.000;10.708.700.000;0;1;17/02/2026 18:08;17/02/2026 18:08
240;85;GRESIK;NULL;UNK-079;BRANCH;GRESIK;NULL;NULL;NULL;NULL;NULL;Unknown;Unknown;NULL;NULL;NULL;0;1;17/02/2026 18:08;17/02/2026 18:08
241;85;JABABEKA;NULL;UNK-080;BRANCH;JABABEKA;NULL;NULL;NULL;NULL;NULL;Unknown;Unknown;NULL;NULL;NULL;0;1;17/02/2026 18:08;17/02/2026 18:08
242;86;HYUNDAI;NULL;BKS-028;BRANCH;Kawasan Industri Hyundai, Cikarang Selatan, Bekasi;NULL;NULL;NULL;NULL;NULL;Bekasi;Jawa Barat;NULL;-623.490.000;10.698.960.000;1;1;17/02/2026 18:08;17/02/2026 18:08
243;87;PURWAKARTA;NULL;PUR-003;BRANCH;Desa Cicadas, Kec. Babakancikao, Purwakarta 41101;NULL;NULL;NULL;NULL;NULL;Purwakarta;Jawa Barat;41101;NULL;NULL;1;1;17/02/2026 18:08;17/02/2026 18:08
244;87;MMW;NULL;UNK-081;BRANCH;MMW;NULL;NULL;NULL;NULL;NULL;Unknown;Unknown;NULL;NULL;NULL;0;1;17/02/2026 18:08;17/02/2026 18:08
245;87;SCRAP;NULL;UNK-082;BRANCH;SCRAP;NULL;NULL;NULL;NULL;NULL;Unknown;Unknown;NULL;NULL;NULL;0;1;17/02/2026 18:08;17/02/2026 18:08
246;87;STORE;NULL;UNK-083;BRANCH;STORE;NULL;NULL;NULL;NULL;NULL;Unknown;Unknown;NULL;NULL;NULL;0;1;17/02/2026 18:08;17/02/2026 18:08
247;87;RM;NULL;UNK-084;BRANCH;RM;NULL;NULL;NULL;NULL;NULL;Unknown;Unknown;NULL;NULL;NULL;0;1;17/02/2026 18:08;17/02/2026 18:08
248;87;SPB 45;NULL;UNK-085;BRANCH;SPB 45;NULL;NULL;NULL;NULL;NULL;Unknown;Unknown;NULL;NULL;NULL;0;1;17/02/2026 18:08;17/02/2026 18:08
249;87;SPG;NULL;UNK-086;BRANCH;SPG;NULL;NULL;NULL;NULL;NULL;Unknown;Unknown;NULL;NULL;NULL;0;1;17/02/2026 18:08;17/02/2026 18:08
250;87;FGW;NULL;UNK-087;BRANCH;FGW;NULL;NULL;NULL;NULL;NULL;Unknown;Unknown;NULL;NULL;NULL;0;1;17/02/2026 18:08;17/02/2026 18:08
251;87;VISCOSE;NULL;UNK-088;BRANCH;VISCOSE;NULL;NULL;NULL;NULL;NULL;Unknown;Unknown;NULL;NULL;NULL;0;1;17/02/2026 18:08;17/02/2026 18:08
252;87;3971;NULL;UNK-089;BRANCH;3971;NULL;NULL;NULL;NULL;NULL;Unknown;Unknown;NULL;NULL;NULL;0;1;17/02/2026 18:08;17/02/2026 18:08
253;87;3691;NULL;UNK-090;BRANCH;3691;NULL;NULL;NULL;NULL;NULL;Unknown;Unknown;NULL;NULL;NULL;0;1;17/02/2026 18:08;17/02/2026 18:08
254;87;5372PAKESPARE5245;NULL;UNK-091;BRANCH;5372PAKESPARE5245;NULL;NULL;NULL;NULL;NULL;Unknown;Unknown;NULL;NULL;NULL;0;1;17/02/2026 18:08;17/02/2026 18:08
255;87;1931;NULL;UNK-092;BRANCH;1931;NULL;NULL;NULL;NULL;NULL;Unknown;Unknown;NULL;NULL;NULL;0;1;17/02/2026 18:08;17/02/2026 18:08
256;88;MM2100;NULL;BKS-029;BRANCH;Kawasan Industri MM2100, Jl. Bali I Blok J 17-20, Cikarang Barat, Bekasi;NULL;NULL;NULL;NULL;NULL;Bekasi;Jawa Barat;NULL;-623.490.000;10.698.960.000;1;1;17/02/2026 18:08;17/02/2026 18:08
257;88;MM2100;NULL;BKS-030;BRANCH;Kawasan Industri MM2100, Jl. Bali I Blok J 17-20, Cikarang Barat, Bekasi;NULL;NULL;NULL;NULL;NULL;Bekasi;Jawa Barat;NULL;-623.490.000;10.698.960.000;0;1;17/02/2026 18:08;17/02/2026 18:08
258;88;Karawang;NULL;KRW-015;BRANCH;Karawang;NULL;NULL;NULL;NULL;NULL;Karawang;Jawa Barat;NULL;-630.630.000;10.730.190.000;0;1;17/02/2026 18:08;17/02/2026 18:08
259;88;Cibitung;NULL;CBT-004;BRANCH;Cibitung;NULL;NULL;NULL;NULL;NULL;Cibitung;Jawa Barat;NULL;-625.810.000;10.708.700.000;0;1;17/02/2026 18:08;17/02/2026 18:08
260;88;5734;NULL;UNK-093;BRANCH;5734;NULL;NULL;NULL;NULL;NULL;Unknown;Unknown;NULL;NULL;NULL;0;1;17/02/2026 18:08;17/02/2026 18:08
261;89;KARAWANG;NULL;KRW-016;BRANCH;Jl. Pangkal Perjuangan, Tanjungmekar, Kec. Karawang Barat, Karawang, Jawa Barat 41316;NULL;NULL;NULL;NULL;NULL;Karawang;Jawa Barat;41316;-630.630.000;10.730.190.000;1;1;17/02/2026 18:08;17/02/2026 18:08
262;90;SUBANG;NULL;SUB-009;BRANCH;Jl. Raya Purwadadi, Subang;NULL;NULL;NULL;NULL;NULL;Subang;Jawa Barat;NULL;NULL;NULL;1;1;17/02/2026 18:08;17/02/2026 18:08
263;91;JABABEKA;NULL;CKR-012;BRANCH;Jl. Industri Selatan Blok LL No. 1, Kawasan Jababeka II, Cikarang;NULL;NULL;NULL;NULL;NULL;Cikarang;Jawa Barat;NULL;-626.050.000;10.715.340.000;1;1;17/02/2026 18:08;17/02/2026 18:08
264;91;Cikarang - JB2;NULL;CKR-013;BRANCH;Cikarang - JB2;NULL;NULL;NULL;NULL;NULL;Cikarang;Jawa Barat;NULL;-626.050.000;10.715.340.000;0;1;17/02/2026 18:08;17/02/2026 18:08
265;91;Cikarang - JB6;NULL;CKR-014;BRANCH;Cikarang - JB6;NULL;NULL;NULL;NULL;NULL;Cikarang;Jawa Barat;NULL;-626.050.000;10.715.340.000;0;1;17/02/2026 18:08;17/02/2026 18:08
266;91;MM2100;NULL;UNK-094;BRANCH;MM2100;NULL;NULL;NULL;NULL;NULL;Unknown;Unknown;NULL;NULL;NULL;0;1;17/02/2026 18:08;17/02/2026 18:08
267;92;SURABAYA;NULL;SDA-002;BRANCH;Jl. Raya Bypass Krian Km 29.4, Sidoarjo 61262;NULL;NULL;NULL;NULL;NULL;Sidoarjo;Jawa Timur;61262;-745.080.000;11.271.830.000;1;1;17/02/2026 18:08;17/02/2026 18:08
268;92;SEMARANG;NULL;SMG-003;BRANCH;Jl. Raya Semarang-Demak Km 13.5, Semarang 59563;NULL;NULL;NULL;NULL;NULL;Semarang;Jawa Tengah;59563;-696.670.000;11.041.670.000;0;1;17/02/2026 18:08;17/02/2026 18:08
269;92;KARAWANG;NULL;KRW-017;BRANCH;Kawasan Industri KIIC, Lot Q 5, Karawang 41361;NULL;NULL;NULL;NULL;NULL;Karawang;Jawa Barat;41361;-630.630.000;10.730.190.000;0;1;17/02/2026 18:08;17/02/2026 18:08
270;92;Tangerang new po;NULL;TNG-011;BRANCH;Tangerang new po;NULL;NULL;NULL;NULL;NULL;Tangerang;Banten;NULL;-617.830.000;10.663.190.000;0;1;17/02/2026 18:08;17/02/2026 18:08
271;92;Tangerang;NULL;TNG-012;BRANCH;Tangerang;NULL;NULL;NULL;NULL;NULL;Tangerang;Banten;NULL;-617.830.000;10.663.190.000;0;1;17/02/2026 18:08;17/02/2026 18:08
272;93;JABABEKA;NULL;CKR-015;BRANCH;Kawasan Industri Jababeka, Cikarang;NULL;NULL;NULL;NULL;NULL;Cikarang;Jawa Barat;NULL;-626.050.000;10.715.340.000;1;1;17/02/2026 18:08;17/02/2026 18:08
273;93;Cikarang;NULL;CKR-016;BRANCH;Cikarang;NULL;NULL;NULL;NULL;NULL;Cikarang;Jawa Barat;NULL;-626.050.000;10.715.340.000;0;1;17/02/2026 18:08;17/02/2026 18:08
274;94;JABABEKA;NULL;BKS-031;BRANCH;Jl. Jababeka IV SFB Blok T-1A, Cikarang Utara, Bekasi 17530;NULL;NULL;NULL;NULL;NULL;Bekasi;Jawa Barat;17530;-623.490.000;10.698.960.000;1;1;17/02/2026 18:08;17/02/2026 18:08
275;94;CIKARANG;NULL;CKR-017;BRANCH;CIKARANG;NULL;NULL;NULL;NULL;NULL;Cikarang;Jawa Barat;NULL;-626.050.000;10.715.340.000;0;1;17/02/2026 18:08;17/02/2026 18:08
276;95;SURABAYA;NULL;SUB-010;BRANCH;Jl. Kalibutuh 19-197, Tembok Dukuh, Bubutan, Surabaya;NULL;NULL;NULL;NULL;NULL;Surabaya;Jawa Timur;NULL;-725.750.000;11.275.210.000;1;1;17/02/2026 18:08;17/02/2026 18:08
277;95;SERANG;NULL;TNG-013;BRANCH;Jl. Raya Serang Km 12, Cikupa, Tangerang/Serang Banten;NULL;NULL;NULL;NULL;NULL;Tangerang;Banten;NULL;-617.830.000;10.663.190.000;0;1;17/02/2026 18:08;17/02/2026 18:08
278;95;SERANG;NULL;SRG-002;BRANCH;Jl. Raya Serang Km 74, Ds. Sukamaju, Kec. Kibin, Serang;NULL;NULL;NULL;NULL;NULL;Serang;Banten;NULL;-612.040.000;10.615.030.000;0;1;17/02/2026 18:08;17/02/2026 18:08
279;95;Perawang;NULL;RIA-002;BRANCH;Jl. Raya Minas - Perawang KM 26, Siak, Riau;NULL;NULL;NULL;NULL;NULL;Riau;Riau;NULL;NULL;NULL;0;1;17/02/2026 18:08;17/02/2026 18:08
280;96;CIBITUNG;NULL;CBT-005;BRANCH;Kawasan Industri MM2100, Cibitung;NULL;NULL;NULL;NULL;NULL;Cibitung;Jawa Barat;NULL;-625.810.000;10.708.700.000;1;1;17/02/2026 18:08;17/02/2026 18:08
281;96;CIBITUNG MM2100;NULL;CBT-006;BRANCH;CIBITUNG MM2100;NULL;NULL;NULL;NULL;NULL;Cibitung;Jawa Barat;NULL;-625.810.000;10.708.700.000;0;1;17/02/2026 18:08;17/02/2026 18:08
282;97;MM 2100;NULL;CKR-018;BRANCH;Kawasan Industri MM2100, Cikarang Barat;NULL;NULL;NULL;NULL;NULL;Cikarang;Jawa Barat;NULL;-626.050.000;10.715.340.000;1;1;17/02/2026 18:08;17/02/2026 18:08
283;97;CIBITUNG;NULL;CBT-007;BRANCH;CIBITUNG;NULL;NULL;NULL;NULL;NULL;Cibitung;Jawa Barat;NULL;-625.810.000;10.708.700.000;0;1;17/02/2026 18:08;17/02/2026 18:08
284;98;MM2100;NULL;CKR-019;BRANCH;Jl. Teuku Umar Km 29, Kompleks Industri Gobel, Cikarang Barat;NULL;NULL;NULL;NULL;NULL;Cikarang;Jawa Barat;NULL;-626.050.000;10.715.340.000;1;1;17/02/2026 18:08;17/02/2026 18:08
285;98;CIBITUNG;NULL;CBT-008;BRANCH;CIBITUNG;NULL;NULL;NULL;NULL;NULL;Cibitung;Jawa Barat;NULL;-625.810.000;10.708.700.000;0;1;17/02/2026 18:08;17/02/2026 18:08
286;99;JABABEKA;NULL;BKS-032;BRANCH;Jl. Jababeka IX, Kawasan Industri Jababeka, Cikarang, Bekasi;NULL;NULL;NULL;NULL;NULL;Bekasi;Jawa Barat;NULL;-623.490.000;10.698.960.000;1;1;17/02/2026 18:08;17/02/2026 18:08
287;100;EJIP;NULL;BKS-033;BRANCH;EJIP Industrial Park Plot 1A No. 1, Cikarang Selatan, Bekasi 17530;NULL;NULL;NULL;NULL;NULL;Bekasi;Jawa Barat;17530;-623.490.000;10.698.960.000;1;1;17/02/2026 18:08;17/02/2026 18:08
288;101;Deltamas;NULL;BKS-034;BRANCH;Kawasan Industri GIIC, Kota Deltamas, Cikarang Pusat, Bekasi;NULL;NULL;NULL;NULL;NULL;Bekasi;Jawa Barat;NULL;-623.490.000;10.698.960.000;1;1;17/02/2026 18:08;17/02/2026 18:08
289;102;JABABEKA;NULL;BKS-035;BRANCH;Jl. Jababeka XVII E, Blok U 27A, Cikarang, Bekasi;NULL;NULL;NULL;NULL;NULL;Bekasi;Jawa Barat;NULL;-623.490.000;10.698.960.000;1;1;17/02/2026 18:08;17/02/2026 18:08
290;102;Cikarang;NULL;CKR-020;BRANCH;Cikarang;NULL;NULL;NULL;NULL;NULL;Cikarang;Jawa Barat;NULL;-626.050.000;10.715.340.000;0;1;17/02/2026 18:08;17/02/2026 18:08
291;103;JABABEKA;NULL;BKS-036;BRANCH;Jl. Jababeka IV Blok V Kav 74-75, Cikarang Utara, Bekasi 17530;NULL;NULL;NULL;NULL;NULL;Bekasi;Jawa Barat;17530;-623.490.000;10.698.960.000;1;1;17/02/2026 18:08;17/02/2026 18:08
292;104;Surakarta;NULL;UNK-095;BRANCH;Surakarta;NULL;NULL;NULL;NULL;NULL;Unknown;Unknown;NULL;NULL;NULL;1;1;17/02/2026 18:08;17/02/2026 18:08
293;104;Yogyakarta;NULL;YOG-002;BRANCH;Area Yogyakarta;NULL;NULL;NULL;NULL;NULL;Yogyakarta;DI Yogyakarta;NULL;NULL;NULL;0;1;17/02/2026 18:08;17/02/2026 18:08
294;104;Bandung;NULL;BDG-006;BRANCH;Bandung;NULL;NULL;NULL;NULL;NULL;Bandung;Jawa Barat;NULL;-691.750.000;10.761.910.000;0;1;17/02/2026 18:08;17/02/2026 18:08
295;104;Pulogadung;NULL;UNK-096;BRANCH;Pulogadung;NULL;NULL;NULL;NULL;NULL;Unknown;Unknown;NULL;NULL;NULL;0;1;17/02/2026 18:08;17/02/2026 18:08
296;104;Tangerang;NULL;TNG-014;BRANCH;Tangerang;NULL;NULL;NULL;NULL;NULL;Tangerang;Banten;NULL;-617.830.000;10.663.190.000;0;1;17/02/2026 18:08;17/02/2026 18:08
297;104;Cikarang;NULL;CKR-021;BRANCH;Cikarang;NULL;NULL;NULL;NULL;NULL;Cikarang;Jawa Barat;NULL;-626.050.000;10.715.340.000;0;1;17/02/2026 18:08;17/02/2026 18:08
298;104;Surabaya;NULL;SUB-011;BRANCH;Surabaya;NULL;NULL;NULL;NULL;NULL;Surabaya;Jawa Timur;NULL;-725.750.000;11.275.210.000;0;1;17/02/2026 18:08;17/02/2026 18:08
299;104;Sidoarjo;NULL;SDA-003;BRANCH;Sidoarjo;NULL;NULL;NULL;NULL;NULL;Sidoarjo;Jawa Timur;NULL;-745.080.000;11.271.830.000;0;1;17/02/2026 18:08;17/02/2026 18:08
300;104;Malang;NULL;MLG-003;BRANCH;Malang;NULL;NULL;NULL;NULL;NULL;Malang;Jawa Timur;NULL;-797.970.000;11.263.040.000;0;1;17/02/2026 18:08;17/02/2026 18:08
301;104;Cikupa;NULL;UNK-097;BRANCH;Cikupa;NULL;NULL;NULL;NULL;NULL;Unknown;Unknown;NULL;NULL;NULL;0;1;17/02/2026 18:08;17/02/2026 18:08
302;104;Bekasi;NULL;BKS-037;BRANCH;Bekasi;NULL;NULL;NULL;NULL;NULL;Bekasi;Jawa Barat;NULL;-623.490.000;10.698.960.000;0;1;17/02/2026 18:08;17/02/2026 18:08
303;104;Pasar Rebo;NULL;JKT-012;BRANCH;LDC Pasar Rebo, Jl. Raya Bogor KM 24, Jakarta Timur;NULL;NULL;NULL;NULL;NULL;Jakarta Timur;DKI Jakarta;NULL;-620.880.000;10.684.560.000;0;1;17/02/2026 18:08;17/02/2026 18:08
304;104;Sawangan;NULL;UNK-098;BRANCH;Sawangan;NULL;NULL;NULL;NULL;NULL;Unknown;Unknown;NULL;NULL;NULL;0;1;17/02/2026 18:08;17/02/2026 18:08
305;104;Medan;NULL;MDN-004;BRANCH;Jl. K.H. Wahid Hasyim No. 9, Medan;NULL;NULL;NULL;NULL;NULL;Medan;Sumatera Utara;NULL;359.520.000;9.867.220.000;0;1;17/02/2026 18:08;17/02/2026 18:08
306;105;TANGERANG;NULL;TNG-015;BRANCH;TANGERANG;NULL;NULL;NULL;NULL;NULL;Tangerang;Banten;NULL;-617.830.000;10.663.190.000;1;1;17/02/2026 18:08;17/02/2026 18:08
307;106;SURABAYA;NULL;SUB-012;BRANCH;SURABAYA;NULL;NULL;NULL;NULL;NULL;Surabaya;Jawa Timur;NULL;-725.750.000;11.275.210.000;1;1;17/02/2026 18:08;17/02/2026 18:08
308;106;BANDUNG;NULL;BDG-007;BRANCH;BANDUNG;NULL;NULL;NULL;NULL;NULL;Bandung;Jawa Barat;NULL;-691.750.000;10.761.910.000;0;1;17/02/2026 18:08;17/02/2026 18:08
309;106;CIBITUNG;NULL;CBT-009;BRANCH;CIBITUNG;NULL;NULL;NULL;NULL;NULL;Cibitung;Jawa Barat;NULL;-625.810.000;10.708.700.000;0;1;17/02/2026 18:08;17/02/2026 18:08
310;107;BATANG;NULL;BAT-003;BRANCH;BATANG;NULL;NULL;NULL;NULL;NULL;Batang;Jawa Tengah;NULL;NULL;NULL;1;1;17/02/2026 18:08;17/02/2026 18:08
311;108;CIKARANG;NULL;CKR-022;BRANCH;CIKARANG;NULL;NULL;NULL;NULL;NULL;Cikarang;Jawa Barat;NULL;-626.050.000;10.715.340.000;1;1;17/02/2026 18:08;17/02/2026 18:08
312;109;KARAWANG;NULL;KRW-018;BRANCH;KARAWANG;NULL;NULL;NULL;NULL;NULL;Karawang;Jawa Barat;NULL;-630.630.000;10.730.190.000;1;1;17/02/2026 18:08;17/02/2026 18:08
313;110;CIKARANG;NULL;CKR-023;BRANCH;CIKARANG;NULL;NULL;NULL;NULL;NULL;Cikarang;Jawa Barat;NULL;-626.050.000;10.715.340.000;1;1;17/02/2026 18:08;17/02/2026 18:08
314;111;CIKAMPEK;NULL;CIK-004;BRANCH;CIKAMPEK;NULL;NULL;NULL;NULL;NULL;Cikampek;Jawa Barat;NULL;NULL;NULL;1;1;17/02/2026 18:08;17/02/2026 18:08
315;112;JABABEKA;NULL;UNK-099;BRANCH;JABABEKA;NULL;NULL;NULL;NULL;NULL;Unknown;Unknown;NULL;NULL;NULL;1;1;17/02/2026 18:08;17/02/2026 18:08
316;112;Rp9.500.000;NULL;UNK-100;BRANCH;Rp9.500.000;NULL;NULL;NULL;NULL;NULL;Unknown;Unknown;NULL;NULL;NULL;0;1;17/02/2026 18:08;17/02/2026 18:08
317;113;KLATEN;NULL;UNK-101;BRANCH;KLATEN;NULL;NULL;NULL;NULL;NULL;Unknown;Unknown;NULL;NULL;NULL;1;1;17/02/2026 18:08;17/02/2026 18:08
318;114;CIKARANG;NULL;CKR-024;BRANCH;CIKARANG;NULL;NULL;NULL;NULL;NULL;Cikarang;Jawa Barat;NULL;-626.050.000;10.715.340.000;1;1;17/02/2026 18:08;17/02/2026 18:08
319;115;KARAWANG;NULL;KRW-019;BRANCH;KARAWANG;NULL;NULL;NULL;NULL;NULL;Karawang;Jawa Barat;NULL;-630.630.000;10.730.190.000;1;1;17/02/2026 18:08;17/02/2026 18:08
320;116;5575;NULL;UNK-102;BRANCH;5575;NULL;NULL;NULL;NULL;NULL;Unknown;Unknown;NULL;NULL;NULL;1;1;17/02/2026 18:08;17/02/2026 18:08
321;117;CILEGON;NULL;UNK-103;BRANCH;CILEGON;NULL;NULL;NULL;NULL;NULL;Unknown;Unknown;NULL;NULL;NULL;1;1;17/02/2026 18:08;17/02/2026 18:08
322;118;TANGERANG;NULL;TNG-016;BRANCH;TANGERANG;NULL;NULL;NULL;NULL;NULL;Tangerang;Banten;NULL;-617.830.000;10.663.190.000;1;1;17/02/2026 18:08;17/02/2026 18:08
323;119;CIBITUNG;NULL;CBT-010;BRANCH;CIBITUNG;NULL;NULL;NULL;NULL;NULL;Cibitung;Jawa Barat;NULL;-625.810.000;10.708.700.000;1;1;17/02/2026 18:08;17/02/2026 18:08
324;120;DIV. MONAS;NULL;UNK-104;BRANCH;DIV. MONAS;NULL;NULL;NULL;NULL;NULL;Unknown;Unknown;NULL;NULL;NULL;1;1;17/02/2026 18:08;17/02/2026 18:08
325;120;DIV. WAREHOUSE;NULL;UNK-105;WAREHOUSE;DIV. WAREHOUSE;NULL;NULL;NULL;NULL;NULL;Unknown;Unknown;NULL;NULL;NULL;0;1;17/02/2026 18:08;17/02/2026 18:08
326;120;DIV. BARSOAP;NULL;UNK-106;BRANCH;DIV. BARSOAP;NULL;NULL;NULL;NULL;NULL;Unknown;Unknown;NULL;NULL;NULL;0;1;17/02/2026 18:08;17/02/2026 18:08
327;120;DIV. HY;NULL;UNK-107;BRANCH;DIV. HY;NULL;NULL;NULL;NULL;NULL;Unknown;Unknown;NULL;NULL;NULL;0;1;17/02/2026 18:08;17/02/2026 18:08
328;121;DELTAMAS;NULL;UNK-108;BRANCH;DELTAMAS;NULL;NULL;NULL;NULL;NULL;Unknown;Unknown;NULL;NULL;NULL;1;1;17/02/2026 18:08;17/02/2026 18:08
329;122;CIBITUNG;NULL;CBT-011;BRANCH;CIBITUNG;NULL;NULL;NULL;NULL;NULL;Cibitung;Jawa Barat;NULL;-625.810.000;10.708.700.000;1;1;17/02/2026 18:08;17/02/2026 18:08
330;122;KARAWANG;NULL;KRW-020;BRANCH;KARAWANG;NULL;NULL;NULL;NULL;NULL;Karawang;Jawa Barat;NULL;-630.630.000;10.730.190.000;0;1;17/02/2026 18:08;17/02/2026 18:08
331;122;TANGERANG;NULL;TNG-017;BRANCH;TANGERANG;NULL;NULL;NULL;NULL;NULL;Tangerang;Banten;NULL;-617.830.000;10.663.190.000;0;1;17/02/2026 18:08;17/02/2026 18:08
332;122;MEDAN;NULL;MDN-005;BRANCH;MEDAN;NULL;NULL;NULL;NULL;NULL;Medan;Sumatera Utara;NULL;359.520.000;9.867.220.000;0;1;17/02/2026 18:08;17/02/2026 18:08
333;122;CIBITUNGpindah ke TAMBUN;NULL;CBT-012;BRANCH;CIBITUNGpindah ke TAMBUN;NULL;NULL;NULL;NULL;NULL;Cibitung;Jawa Barat;NULL;-625.810.000;10.708.700.000;0;1;17/02/2026 18:08;17/02/2026 18:08
334;123;PALEMBANG;NULL;PLM-002;BRANCH;PALEMBANG;NULL;NULL;NULL;NULL;NULL;Palembang;Sumatera Selatan;NULL;-297.610.000;10.477.540.000;1;1;17/02/2026 18:08;17/02/2026 18:08
335;124;PT Mecoindo-Ejip;NULL;UNK-109;BRANCH;PT Mecoindo-Ejip;NULL;NULL;NULL;NULL;NULL;Unknown;Unknown;NULL;NULL;NULL;1;1;17/02/2026 18:08;17/02/2026 18:08
336;125;DELTAMAS;NULL;UNK-110;BRANCH;DELTAMAS;NULL;NULL;NULL;NULL;NULL;Unknown;Unknown;NULL;NULL;NULL;1;1;17/02/2026 18:08;17/02/2026 18:08
337;126;JAMBI;NULL;UNK-111;BRANCH;JAMBI;NULL;NULL;NULL;NULL;NULL;Unknown;Unknown;NULL;NULL;NULL;1;1;17/02/2026 18:08;17/02/2026 18:08
338;127;JABABEKA- CIKARANG;NULL;CKR-025;BRANCH;JABABEKA- CIKARANG;NULL;NULL;NULL;NULL;NULL;Cikarang;Jawa Barat;NULL;-626.050.000;10.715.340.000;1;1;17/02/2026 18:08;17/02/2026 18:08
339;128;KARAWANG;NULL;KRW-021;BRANCH;KARAWANG;NULL;NULL;NULL;NULL;NULL;Karawang;Jawa Barat;NULL;-630.630.000;10.730.190.000;1;1;17/02/2026 18:08;17/02/2026 18:08
340;128;5345;NULL;UNK-112;BRANCH;5345;NULL;NULL;NULL;NULL;NULL;Unknown;Unknown;NULL;NULL;NULL;0;1;17/02/2026 18:08;17/02/2026 18:08
341;129;SUBANG;NULL;SUB-013;BRANCH;SUBANG;NULL;NULL;NULL;NULL;NULL;Subang;Jawa Barat;NULL;NULL;NULL;1;1;17/02/2026 18:08;17/02/2026 18:08
342;129;KARAWANG;NULL;KRW-022;BRANCH;KARAWANG;NULL;NULL;NULL;NULL;NULL;Karawang;Jawa Barat;NULL;-630.630.000;10.730.190.000;0;1;17/02/2026 18:08;17/02/2026 18:08
343;130;CIKARANG;NULL;CKR-026;BRANCH;CIKARANG;NULL;NULL;NULL;NULL;NULL;Cikarang;Jawa Barat;NULL;-626.050.000;10.715.340.000;1;1;17/02/2026 18:08;17/02/2026 18:08
344;131;KARAWANG;NULL;KRW-023;BRANCH;KARAWANG;NULL;NULL;NULL;NULL;NULL;Karawang;Jawa Barat;NULL;-630.630.000;10.730.190.000;1;1;17/02/2026 18:08;17/02/2026 18:08
345;132;Padalarang;NULL;UNK-113;BRANCH;Padalarang;NULL;NULL;NULL;NULL;NULL;Unknown;Unknown;NULL;NULL;NULL;1;1;17/02/2026 18:08;17/02/2026 18:08
346;132;Cimanggis;NULL;UNK-114;BRANCH;Cimanggis;NULL;NULL;NULL;NULL;NULL;Unknown;Unknown;NULL;NULL;NULL;0;1;17/02/2026 18:08;17/02/2026 18:08
347;132;Malang;NULL;MLG-004;BRANCH;Malang;NULL;NULL;NULL;NULL;NULL;Malang;Jawa Timur;NULL;-797.970.000;11.263.040.000;0;1;17/02/2026 18:08;17/02/2026 18:08
348;132;Surabaya;NULL;SUB-014;BRANCH;Surabaya;NULL;NULL;NULL;NULL;NULL;Surabaya;Jawa Timur;NULL;-725.750.000;11.275.210.000;0;1;17/02/2026 18:08;17/02/2026 18:08
349;132;Jogja;NULL;UNK-115;BRANCH;Jogja;NULL;NULL;NULL;NULL;NULL;Unknown;Unknown;NULL;NULL;NULL;0;1;17/02/2026 18:08;17/02/2026 18:08
350;132;Purwakarta;NULL;PUR-004;BRANCH;Purwakarta;NULL;NULL;NULL;NULL;NULL;Purwakarta;Jawa Barat;NULL;NULL;NULL;0;1;17/02/2026 18:08;17/02/2026 18:08
351;132;CIBITUNG;NULL;CBT-013;BRANCH;CIBITUNG;NULL;NULL;NULL;NULL;NULL;Cibitung;Jawa Barat;NULL;-625.810.000;10.708.700.000;0;1;17/02/2026 18:08;17/02/2026 18:08
352;133;CIKARANG;NULL;CKR-027;BRANCH;CIKARANG;NULL;NULL;NULL;NULL;NULL;Cikarang;Jawa Barat;NULL;-626.050.000;10.715.340.000;1;1;17/02/2026 18:08;17/02/2026 18:08
353;134;Wuxi Xin Yuan Chuan Construction Engineering-Karawang;NULL;KRW-024;BRANCH;Wuxi Xin Yuan Chuan Construction Engineering-Karawang;NULL;NULL;NULL;NULL;NULL;Karawang;Jawa Barat;NULL;-630.630.000;10.730.190.000;1;1;17/02/2026 18:08;17/02/2026 18:08
354;135;Karawang;NULL;KRW-025;BRANCH;Karawang;NULL;NULL;NULL;NULL;NULL;Karawang;Jawa Barat;NULL;-630.630.000;10.730.190.000;1;1;17/02/2026 18:08;17/02/2026 18:08
355;136;Bandung;NULL;BDG-008;BRANCH;Bandung;NULL;NULL;NULL;NULL;NULL;Bandung;Jawa Barat;NULL;-691.750.000;10.761.910.000;1;1;17/02/2026 18:08;17/02/2026 18:08
356;137;Surabaya;NULL;SUB-015;BRANCH;Surabaya;NULL;NULL;NULL;NULL;NULL;Surabaya;Jawa Timur;NULL;-725.750.000;11.275.210.000;1;1;17/02/2026 18:08;17/02/2026 18:08
357;138;Karawang;NULL;KRW-026;BRANCH;Karawang;NULL;NULL;NULL;NULL;NULL;Karawang;Jawa Barat;NULL;-630.630.000;10.730.190.000;1;1;17/02/2026 18:08;17/02/2026 18:08
358;139;Pandaan;NULL;PAN-001;BRANCH;Pandaan;NULL;NULL;NULL;NULL;NULL;Pandaan;Jawa Timur;NULL;NULL;NULL;1;1;17/02/2026 18:08;17/02/2026 18:08
359;140;Mojokerto;NULL;UNK-116;BRANCH;Mojokerto;NULL;NULL;NULL;NULL;NULL;Unknown;Unknown;NULL;NULL;NULL;1;1;17/02/2026 18:08;17/02/2026 18:08
360;140;Cikarang;NULL;CKR-028;BRANCH;Cikarang;NULL;NULL;NULL;NULL;NULL;Cikarang;Jawa Barat;NULL;-626.050.000;10.715.340.000;0;1;17/02/2026 18:08;17/02/2026 18:08
361;141;Bandung;NULL;BDG-009;BRANCH;Bandung;NULL;NULL;NULL;NULL;NULL;Bandung;Jawa Barat;NULL;-691.750.000;10.761.910.000;1;1;17/02/2026 18:08;17/02/2026 18:08
362;141;Operator (3);NULL;UNK-117;BRANCH;Operator (3);NULL;NULL;NULL;NULL;NULL;Unknown;Unknown;NULL;NULL;NULL;0;1;17/02/2026 18:08;17/02/2026 18:08
363;142;Cianjur;NULL;UNK-118;BRANCH;Cianjur;NULL;NULL;NULL;NULL;NULL;Unknown;Unknown;NULL;NULL;NULL;1;1;17/02/2026 18:08;17/02/2026 18:08
364;142;Operator (2);NULL;UNK-119;BRANCH;Operator (2);NULL;NULL;NULL;NULL;NULL;Unknown;Unknown;NULL;NULL;NULL;0;1;17/02/2026 18:08;17/02/2026 18:08
365;142;Cikampek;NULL;CIK-005;BRANCH;Cikampek;NULL;NULL;NULL;NULL;NULL;Cikampek;Jawa Barat;NULL;NULL;NULL;0;1;17/02/2026 18:08;17/02/2026 18:08
366;142;Operator (3);NULL;UNK-120;BRANCH;Operator (3);NULL;NULL;NULL;NULL;NULL;Unknown;Unknown;NULL;NULL;NULL;0;1;17/02/2026 18:08;17/02/2026 18:08
367;142;Kopo;NULL;UNK-121;BRANCH;Kopo;NULL;NULL;NULL;NULL;NULL;Unknown;Unknown;NULL;NULL;NULL;0;1;17/02/2026 18:08;17/02/2026 18:08
368;142;Banjar / Ciamis;NULL;UNK-122;BRANCH;Banjar / Ciamis;NULL;NULL;NULL;NULL;NULL;Unknown;Unknown;NULL;NULL;NULL;0;1;17/02/2026 18:08;17/02/2026 18:08
369;142;Subang;NULL;SUB-016;BRANCH;Subang;NULL;NULL;NULL;NULL;NULL;Subang;Jawa Barat;NULL;NULL;NULL;0;1;17/02/2026 18:08;17/02/2026 18:08
370;142;Operator (1);NULL;UNK-123;BRANCH;Operator (1);NULL;NULL;NULL;NULL;NULL;Unknown;Unknown;NULL;NULL;NULL;0;1;17/02/2026 18:08;17/02/2026 18:08
371;142;Cikupa;NULL;UNK-124;BRANCH;Cikupa;NULL;NULL;NULL;NULL;NULL;Unknown;Unknown;NULL;NULL;NULL;0;1;17/02/2026 18:08;17/02/2026 18:08
372;142;Binong pindah per 4 Nov'25 (PMN Sukamulya pagaden) Per 20/11/25 (Pindah ke Pusakanegara Subang);NULL;SUB-017;BRANCH;Binong pindah per 4 Nov'25 (PMN Sukamulya pagaden) Per 20/11/25 (Pindah ke Pusakanegara Subang);NULL;NULL;NULL;NULL;NULL;Subang;Jawa Barat;NULL;NULL;NULL;0;1;17/02/2026 18:08;17/02/2026 18:08
373;142;Binong pindah per 29 Okt'25 (PMN Sukamulya pagaden);NULL;UNK-125;BRANCH;Binong pindah per 29 Okt'25 (PMN Sukamulya pagaden);NULL;NULL;NULL;NULL;NULL;Unknown;Unknown;NULL;NULL;NULL;0;1;17/02/2026 18:08;17/02/2026 18:08
374;142;Brebes;NULL;UNK-126;BRANCH;Brebes;NULL;NULL;NULL;NULL;NULL;Unknown;Unknown;NULL;NULL;NULL;0;1;17/02/2026 18:08;17/02/2026 18:08
375;143;CDC (Cibitung, Cakung);NULL;CBT-014;BRANCH;CDC (Cibitung, Cakung);NULL;NULL;NULL;NULL;NULL;Cibitung;Jawa Barat;NULL;-625.810.000;10.708.700.000;1;1;17/02/2026 18:08;17/02/2026 18:08
376;143;CDC (Cibitung) Selisih Harga To LG;NULL;CBT-015;BRANCH;CDC (Cibitung) Selisih Harga To LG;NULL;NULL;NULL;NULL;NULL;Cibitung;Jawa Barat;NULL;-625.810.000;10.708.700.000;0;1;17/02/2026 18:08;17/02/2026 18:08
377;143;CSKD;NULL;UNK-127;BRANCH;CSKD;NULL;NULL;NULL;NULL;NULL;Unknown;Unknown;NULL;NULL;NULL;0;1;17/02/2026 18:08;17/02/2026 18:08
378;143;WH Cikarang (Skin & Novatama);NULL;CKR-029;WAREHOUSE;WH Cikarang (Skin & Novatama);NULL;NULL;NULL;NULL;NULL;Cikarang;Jawa Barat;NULL;-626.050.000;10.715.340.000;0;1;17/02/2026 18:08;17/02/2026 18:08
379;143;DS- HLI Green Power;NULL;UNK-128;BRANCH;DS- HLI Green Power;NULL;NULL;NULL;NULL;NULL;Unknown;Unknown;NULL;NULL;NULL;0;1;17/02/2026 18:08;17/02/2026 18:08
380;143;WH HUB (WH DAIWA);NULL;UNK-129;WAREHOUSE;WH HUB (WH DAIWA);NULL;NULL;NULL;NULL;NULL;Unknown;Unknown;NULL;NULL;NULL;0;1;17/02/2026 18:08;17/02/2026 18:08
381;143;VMI;NULL;UNK-130;BRANCH;VMI;NULL;NULL;NULL;NULL;NULL;Unknown;Unknown;NULL;NULL;NULL;0;1;17/02/2026 18:08;17/02/2026 18:08
382;144;Karawang;NULL;KRW-027;BRANCH;Karawang;NULL;NULL;NULL;NULL;NULL;Karawang;Jawa Barat;NULL;-630.630.000;10.730.190.000;1;1;17/02/2026 18:08;17/02/2026 18:08
383;145;Cikarang;NULL;CKR-030;BRANCH;Cikarang;NULL;NULL;NULL;NULL;NULL;Cikarang;Jawa Barat;NULL;-626.050.000;10.715.340.000;1;1;17/02/2026 18:08;17/02/2026 18:08
384;146;Jababeka;NULL;UNK-131;BRANCH;Jababeka;NULL;NULL;NULL;NULL;NULL;Unknown;Unknown;NULL;NULL;NULL;1;1;17/02/2026 18:08;17/02/2026 18:08
385;147;ANCOL;NULL;UNK-132;BRANCH;ANCOL;NULL;NULL;NULL;NULL;NULL;Unknown;Unknown;NULL;NULL;NULL;1;1;17/02/2026 18:08;17/02/2026 18:08
386;148;Sukabumi;NULL;SKB-031;BRANCH;Sukabumi;NULL;NULL;NULL;NULL;NULL;Sukabumi;Jawa Barat;NULL;-692.710.000;10.692.710.000;1;1;17/02/2026 18:08;17/02/2026 18:08
387;148;Sukabumi (AF);NULL;SKB-032;BRANCH;Sukabumi (AF);NULL;NULL;NULL;NULL;NULL;Sukabumi;Jawa Barat;NULL;-692.710.000;10.692.710.000;0;1;17/02/2026 18:08;17/02/2026 18:08
388;148;Sukabumi (Packer);NULL;SKB-033;BRANCH;Sukabumi (Packer);NULL;NULL;NULL;NULL;NULL;Sukabumi;Jawa Barat;NULL;-692.710.000;10.692.710.000;0;1;17/02/2026 18:08;17/02/2026 18:08
389;149;Cikarang;NULL;CKR-031;BRANCH;Cikarang;NULL;NULL;NULL;NULL;NULL;Cikarang;Jawa Barat;NULL;-626.050.000;10.715.340.000;1;1;17/02/2026 18:08;17/02/2026 18:08
390;150;Semarang;NULL;SMG-004;BRANCH;Semarang;NULL;NULL;NULL;NULL;NULL;Semarang;Jawa Tengah;NULL;-696.670.000;11.041.670.000;1;1;17/02/2026 18:08;17/02/2026 18:08
391;151;Cikarang;NULL;CKR-032;BRANCH;Cikarang;NULL;NULL;NULL;NULL;NULL;Cikarang;Jawa Barat;NULL;-626.050.000;10.715.340.000;1;1;17/02/2026 18:08;17/02/2026 18:08
392;152;Cikarang;NULL;CKR-033;BRANCH;Cikarang;NULL;NULL;NULL;NULL;NULL;Cikarang;Jawa Barat;NULL;-626.050.000;10.715.340.000;1;1;17/02/2026 18:08;17/02/2026 18:08
393;153;540;NULL;UNK-133;BRANCH;540;NULL;NULL;NULL;NULL;NULL;Unknown;Unknown;NULL;NULL;NULL;1;1;17/02/2026 18:08;17/02/2026 18:08
394;154;Rancaekek;NULL;UNK-134;BRANCH;Rancaekek;NULL;NULL;NULL;NULL;NULL;Unknown;Unknown;NULL;NULL;NULL;1;1;17/02/2026 18:08;17/02/2026 18:08
395;154;Cikarang;NULL;CKR-034;BRANCH;Cikarang;NULL;NULL;NULL;NULL;NULL;Cikarang;Jawa Barat;NULL;-626.050.000;10.715.340.000;0;1;17/02/2026 18:08;17/02/2026 18:08
396;155;Cosmo GFRP Indonesia;NULL;UNK-135;BRANCH;Cosmo GFRP Indonesia;NULL;NULL;NULL;NULL;NULL;Unknown;Unknown;NULL;NULL;NULL;1;1;17/02/2026 18:08;17/02/2026 18:08
397;156;JATAKE;NULL;UNK-136;BRANCH;JATAKE;NULL;NULL;NULL;NULL;NULL;Unknown;Unknown;NULL;NULL;NULL;1;1;17/02/2026 18:08;17/02/2026 18:08
398;157;Delta Silicon 8;NULL;UNK-137;BRANCH;Delta Silicon 8;NULL;NULL;NULL;NULL;NULL;Unknown;Unknown;NULL;NULL;NULL;1;1;17/02/2026 18:08;17/02/2026 18:08
399;158;2928-UnitBaru;NULL;UNK-138;BRANCH;2928-UnitBaru;NULL;NULL;NULL;NULL;NULL;Unknown;Unknown;NULL;NULL;NULL;1;1;17/02/2026 18:08;17/02/2026 18:08
400;159;31223stageffl+sideshifter;NULL;UNK-139;BRANCH;31223stageffl+sideshifter;NULL;NULL;NULL;NULL;NULL;Unknown;Unknown;NULL;NULL;NULL;1;1;17/02/2026 18:08;17/02/2026 18:08
401;159;JasaOperator(3UN);NULL;UNK-140;BRANCH;JasaOperator(3UN);NULL;NULL;NULL;NULL;NULL;Unknown;Unknown;NULL;NULL;NULL;0;1;17/02/2026 18:08;17/02/2026 18:08
402;160;Pluit;NULL;UNK-141;BRANCH;Pluit;NULL;NULL;NULL;NULL;NULL;Unknown;Unknown;NULL;NULL;NULL;1;1;17/02/2026 18:08;17/02/2026 18:08
403;161;Jababeka II;NULL;UNK-142;BRANCH;Jababeka II;NULL;NULL;NULL;NULL;NULL;Unknown;Unknown;NULL;NULL;NULL;1;1;17/02/2026 18:08;17/02/2026 18:08
404;162;Cikarang;NULL;CKR-035;BRANCH;Cikarang;NULL;NULL;NULL;NULL;NULL;Cikarang;Jawa Barat;NULL;-626.050.000;10.715.340.000;1;1;17/02/2026 18:08;17/02/2026 18:08
405;163;Karawaci;NULL;UNK-143;BRANCH;Karawaci;NULL;NULL;NULL;NULL;NULL;Unknown;Unknown;NULL;NULL;NULL;1;1;17/02/2026 18:08;17/02/2026 18:08
406;164;Jababeka;NULL;UNK-144;BRANCH;Jababeka;NULL;NULL;NULL;NULL;NULL;Unknown;Unknown;NULL;NULL;NULL;1;1;17/02/2026 18:08;17/02/2026 18:08
407;165;(Metalart) KIIC - Karawang;NULL;KRW-028;BRANCH;(Metalart) KIIC - Karawang;NULL;NULL;NULL;NULL;NULL;Karawang;Jawa Barat;NULL;-630.630.000;10.730.190.000;1;1;17/02/2026 18:08;17/02/2026 18:08
408;166;Cikarang;NULL;CKR-036;BRANCH;Cikarang;NULL;NULL;NULL;NULL;NULL;Cikarang;Jawa Barat;NULL;-626.050.000;10.715.340.000;1;1;17/02/2026 18:08;17/02/2026 18:08
409;167;Bogor;NULL;BGR-013;BRANCH;Bogor;NULL;NULL;NULL;NULL;NULL;Bogor;Jawa Barat;NULL;-659.710.000;10.680.600.000;1;1;17/02/2026 18:08;17/02/2026 18:08
410;168;Cikarang;NULL;CKR-037;BRANCH;Cikarang;NULL;NULL;NULL;NULL;NULL;Cikarang;Jawa Barat;NULL;-626.050.000;10.715.340.000;1;1;17/02/2026 18:08;17/02/2026 18:08
411;169;unilever medan;NULL;MDN-006;BRANCH;unilever medan;NULL;NULL;NULL;NULL;NULL;Medan;Sumatera Utara;NULL;359.520.000;9.867.220.000;1;1;17/02/2026 18:08;17/02/2026 18:08
412;170;samsung surabaya;NULL;SUB-018;BRANCH;samsung surabaya;NULL;NULL;NULL;NULL;NULL;Surabaya;Jawa Timur;NULL;-725.750.000;11.275.210.000;1;1;17/02/2026 18:08;17/02/2026 18:08
413;171;Jababeka;NULL;UNK-145;BRANCH;Jababeka;NULL;NULL;NULL;NULL;NULL;Unknown;Unknown;NULL;NULL;NULL;1;1;17/02/2026 18:08;17/02/2026 18:08
414;172;Jababeka;NULL;UNK-146;BRANCH;Jababeka;NULL;NULL;NULL;NULL;NULL;Unknown;Unknown;NULL;NULL;NULL;1;1;17/02/2026 18:08;17/02/2026 18:08
415;173;GIIC;NULL;UNK-147;BRANCH;GIIC;NULL;NULL;NULL;NULL;NULL;Unknown;Unknown;NULL;NULL;NULL;1;1;17/02/2026 18:08;17/02/2026 18:08
416;174;Marunda;NULL;UNK-148;BRANCH;Marunda;NULL;NULL;NULL;NULL;NULL;Unknown;Unknown;NULL;NULL;NULL;1;1;17/02/2026 18:08;17/02/2026 18:08
417;175;Delta Silicon;NULL;UNK-149;BRANCH;Delta Silicon;NULL;NULL;NULL;NULL;NULL;Unknown;Unknown;NULL;NULL;NULL;1;1;17/02/2026 18:08;17/02/2026 18:08
418;176;T. Priuk;NULL;UNK-150;BRANCH;T. Priuk;NULL;NULL;NULL;NULL;NULL;Unknown;Unknown;NULL;NULL;NULL;1;1;17/02/2026 18:08;17/02/2026 18:08
419;176;Cikarang;NULL;CKR-038;BRANCH;Cikarang;NULL;NULL;NULL;NULL;NULL;Cikarang;Jawa Barat;NULL;-626.050.000;10.715.340.000;0;1;17/02/2026 18:08;17/02/2026 18:08
420;176;Medan;NULL;MDN-007;BRANCH;Medan;NULL;NULL;NULL;NULL;NULL;Medan;Sumatera Utara;NULL;359.520.000;9.867.220.000;0;1;17/02/2026 18:08;17/02/2026 18:08
421;176;Deltamas;NULL;UNK-151;BRANCH;Deltamas;NULL;NULL;NULL;NULL;NULL;Unknown;Unknown;NULL;NULL;NULL;0;1;17/02/2026 18:08;17/02/2026 18:08
422;177;Mojokerto;NULL;UNK-152;BRANCH;Mojokerto;NULL;NULL;NULL;NULL;NULL;Unknown;Unknown;NULL;NULL;NULL;1;1;17/02/2026 18:08;17/02/2026 18:08
423;178;Delta Silicon;NULL;UNK-153;BRANCH;Delta Silicon;NULL;NULL;NULL;NULL;NULL;Unknown;Unknown;NULL;NULL;NULL;1;1;17/02/2026 18:08;17/02/2026 18:08
424;179;Delta Silicon;NULL;UNK-154;BRANCH;Delta Silicon;NULL;NULL;NULL;NULL;NULL;Unknown;Unknown;NULL;NULL;NULL;1;1;17/02/2026 18:08;17/02/2026 18:08
425;180;Delta Silicon;NULL;UNK-155;BRANCH;Delta Silicon;NULL;NULL;NULL;NULL;NULL;Unknown;Unknown;NULL;NULL;NULL;1;1;17/02/2026 18:08;17/02/2026 18:08
426;181;Delta Silicon;NULL;UNK-156;BRANCH;Delta Silicon;NULL;NULL;NULL;NULL;NULL;Unknown;Unknown;NULL;NULL;NULL;1;1;17/02/2026 18:08;17/02/2026 18:08
427;182;Karawang;NULL;KRW-029;BRANCH;Karawang;NULL;NULL;NULL;NULL;NULL;Karawang;Jawa Barat;NULL;-630.630.000;10.730.190.000;1;1;17/02/2026 18:08;17/02/2026 18:08
428;183;MM2100;NULL;UNK-157;BRANCH;MM2100;NULL;NULL;NULL;NULL;NULL;Unknown;Unknown;NULL;NULL;NULL;1;1;17/02/2026 18:08;17/02/2026 18:08
429;184;Cikarang;NULL;CKR-039;BRANCH;Cikarang;NULL;NULL;NULL;NULL;NULL;Cikarang;Jawa Barat;NULL;-626.050.000;10.715.340.000;1;1;17/02/2026 18:08;17/02/2026 18:08
430;185;Hyundai;NULL;UNK-158;BRANCH;Hyundai;NULL;NULL;NULL;NULL;NULL;Unknown;Unknown;NULL;NULL;NULL;1;1;17/02/2026 18:08;17/02/2026 18:08
431;186;Delta Silicon;NULL;UNK-159;BRANCH;Delta Silicon;NULL;NULL;NULL;NULL;NULL;Unknown;Unknown;NULL;NULL;NULL;1;1;17/02/2026 18:08;17/02/2026 18:08
432;187;Ejip;NULL;UNK-160;BRANCH;Ejip;NULL;NULL;NULL;NULL;NULL;Unknown;Unknown;NULL;NULL;NULL;1;1;17/02/2026 18:08;17/02/2026 18:08
433;188;Delta Silicon;NULL;UNK-161;BRANCH;Delta Silicon;NULL;NULL;NULL;NULL;NULL;Unknown;Unknown;NULL;NULL;NULL;1;1;17/02/2026 18:08;17/02/2026 18:08
434;189;Riau;NULL;RIA-003;BRANCH;Riau;NULL;NULL;NULL;NULL;NULL;Riau;Riau;NULL;NULL;NULL;1;1;17/02/2026 18:08;17/02/2026 18:08
435;190;Deltamas;NULL;UNK-162;BRANCH;Deltamas;NULL;NULL;NULL;NULL;NULL;Unknown;Unknown;NULL;NULL;NULL;1;1;17/02/2026 18:08;17/02/2026 18:08
436;191;Pandaan;NULL;PAN-002;BRANCH;Pandaan;NULL;NULL;NULL;NULL;NULL;Pandaan;Jawa Timur;NULL;NULL;NULL;1;1;17/02/2026 18:08;17/02/2026 18:08
437;192;Tarakan;NULL;UNK-163;BRANCH;Tarakan;NULL;NULL;NULL;NULL;NULL;Unknown;Unknown;NULL;NULL;NULL;1;1;17/02/2026 18:08;17/02/2026 18:08
438;193;Indramayu;NULL;UNK-164;BRANCH;Indramayu;NULL;NULL;NULL;NULL;NULL;Unknown;Unknown;NULL;NULL;NULL;1;1;17/02/2026 18:08;17/02/2026 18:08
439;194;Tangerang;NULL;TNG-018;BRANCH;Tangerang;NULL;NULL;NULL;NULL;NULL;Tangerang;Banten;NULL;-617.830.000;10.663.190.000;1;1;17/02/2026 18:08;17/02/2026 18:08
440;194;Tangerang;NULL;TNG-019;BRANCH;Tangerang;NULL;NULL;NULL;NULL;NULL;Tangerang;Banten;NULL;-617.830.000;10.663.190.000;1;1;17/02/2026 18:08;17/02/2026 18:08
441;195;Cileungsi;NULL;BKS-220;BRANCH;Cileungsi, Bogor;NULL;NULL;NULL;NULL;NULL;Bogor;Jawa Barat;NULL;-638.660.000;10.696.210.000;1;1;17/02/2026 18:14;17/02/2026 18:14
442;196;Tangerang;NULL;TNG-097;FACTORY;Tangerang;NULL;NULL;NULL;NULL;NULL;Tangerang;Banten;NULL;-617.830.000;10.663.190.000;1;1;17/02/2026 18:14;17/02/2026 18:14
443;197;Main Office;NULL;JKT-991;FACTORY;Jakarta;NULL;NULL;NULL;NULL;NULL;Jakarta;DKI Jakarta;NULL;-620.880.000;10.684.560.000;1;1;17/02/2026 18:14;17/02/2026 18:14
444;198;CIKANDE;NULL;BNT-021;FACTORY;Cikande, Serang;NULL;NULL;NULL;NULL;NULL;Serang;Banten;NULL;-608.330.000;10.611.670.000;1;1;17/02/2026 18:14;17/02/2026 18:14
445;199;Jakarta;NULL;JKT-992;FACTORY;Jakarta;NULL;NULL;NULL;NULL;NULL;Jakarta;DKI Jakarta;NULL;-620.880.000;10.684.560.000;1;1;17/02/2026 18:14;17/02/2026 18:14
446;199;Karawang;NULL;KRW-099;BRANCH;Karawang;NULL;NULL;NULL;NULL;NULL;Karawang;Jawa Barat;NULL;-630.630.000;10.733.860.000;0;1;17/02/2026 18:14;17/02/2026 18:14
447;199;Kerawang;NULL;KRW-100;BRANCH;Karawang;NULL;NULL;NULL;NULL;NULL;Karawang;Jawa Barat;NULL;-630.630.000;10.733.860.000;0;1;17/02/2026 18:14;17/02/2026 18:14
448;199;Jombang;NULL;JMB-001;BRANCH;Jombang;NULL;NULL;NULL;NULL;NULL;Jombang;Jawa Timur;NULL;-755.020.000;11.223.890.000;0;1;17/02/2026 18:14;17/02/2026 18:14
449;199;Surabaya;NULL;SBY-098;BRANCH;Surabaya;NULL;NULL;NULL;NULL;NULL;Surabaya;Jawa Timur;NULL;-725.750.000;11.275.210.000;0;1;17/02/2026 18:14;17/02/2026 18:14
450;200;Main Warehouse;NULL;JKT-993;WAREHOUSE;Jakarta;NULL;NULL;NULL;NULL;NULL;Jakarta;DKI Jakarta;NULL;-620.880.000;10.684.560.000;1;1;17/02/2026 18:14;17/02/2026 18:14
451;201;Factory;NULL;JKT-994;FACTORY;Jakarta;NULL;NULL;NULL;NULL;NULL;Jakarta;DKI Jakarta;NULL;-620.880.000;10.684.560.000;1;1;17/02/2026 18:14;17/02/2026 18:14
452;202;Jababeka;NULL;BKS-221;FACTORY;Jababeka Industrial Estate;NULL;NULL;NULL;NULL;NULL;Bekasi;Jawa Barat;NULL;-629.630.000;10.715.430.000;1;1;17/02/2026 18:14;17/02/2026 18:14
453;203;Factory;NULL;JKT-995;FACTORY;Jakarta;NULL;NULL;NULL;NULL;NULL;Jakarta;DKI Jakarta;NULL;-620.880.000;10.684.560.000;1;1;17/02/2026 18:14;17/02/2026 18:14
454;204;CILEUNGSI;NULL;BKS-222;BRANCH;Cileungsi, Bogor;NULL;NULL;NULL;NULL;NULL;Bogor;Jawa Barat;NULL;-638.660.000;10.696.210.000;1;1;17/02/2026 18:14;17/02/2026 18:14
455;205;Karawaci;NULL;TNG-098;BRANCH;Karawaci, Tangerang;NULL;NULL;NULL;NULL;NULL;Tangerang;Banten;NULL;-618.720.000;10.662.190.000;1;1;17/02/2026 18:14;17/02/2026 18:14
456;206;Jakarta;NULL;JKT-996;FACTORY;Jakarta;NULL;NULL;NULL;NULL;NULL;Jakarta;DKI Jakarta;NULL;-620.880.000;10.684.560.000;1;1;17/02/2026 18:14;17/02/2026 18:14
457;207;Cileungsi;NULL;BKS-223;FACTORY;Cileungsi, Bogor;NULL;NULL;NULL;NULL;NULL;Bogor;Jawa Barat;NULL;-638.660.000;10.696.210.000;1;1;17/02/2026 18:14;17/02/2026 18:14
458;208;Tangerang;NULL;TNG-099;FACTORY;Tangerang;NULL;NULL;NULL;NULL;NULL;Tangerang;Banten;NULL;-617.830.000;10.663.190.000;1;1;17/02/2026 18:14;17/02/2026 18:14
459;209;CIKUPA;NULL;TNG-100;FACTORY;Cikupa, Tangerang;NULL;NULL;NULL;NULL;NULL;Tangerang;Banten;NULL;-623.720.000;10.651.190.000;1;1;17/02/2026 18:14;17/02/2026 18:14
460;210;Jababeka;NULL;BKS-224;FACTORY;Jababeka Industrial Estate;NULL;NULL;NULL;NULL;NULL;Bekasi;Jawa Barat;NULL;-629.630.000;10.715.430.000;1;1;17/02/2026 18:14;17/02/2026 18:14
461;211;Cakung;NULL;JKT-997;WAREHOUSE;Cakung, Jakarta Timur;NULL;NULL;NULL;NULL;NULL;Jakarta;DKI Jakarta;NULL;-617.500.000;10.694.500.000;1;1;17/02/2026 18:14;17/02/2026 18:14
462;212;BIC-CIKARANG;NULL;BKS-225;FACTORY;BIC Cikarang, Bekasi;NULL;NULL;NULL;NULL;NULL;Bekasi;Jawa Barat;NULL;-629.630.000;10.715.430.000;1;1;17/02/2026 18:14;17/02/2026 18:14
463;213;Cikande;NULL;BNT-022;FACTORY;Cikande, Serang;NULL;NULL;NULL;NULL;NULL;Serang;Banten;NULL;-608.330.000;10.611.670.000;1;1;17/02/2026 18:14;17/02/2026 18:14
464;214;Cileungsi;NULL;BKS-226;FACTORY;Cileungsi, Bogor;NULL;NULL;NULL;NULL;NULL;Bogor;Jawa Barat;NULL;-638.660.000;10.696.210.000;1;1;17/02/2026 18:14;17/02/2026 18:14
465;215;Klaten;NULL;KLT-001;FACTORY;Klaten;NULL;NULL;NULL;NULL;NULL;Klaten;Jawa Tengah;NULL;-770.560.000;11.062.390.000;1;1;17/02/2026 19:24;17/02/2026 19:24
466;216;Main Office;NULL;JKT-998;FACTORY;Jakarta;NULL;NULL;NULL;NULL;NULL;Jakarta;DKI Jakarta;NULL;-620.880.000;10.684.560.000;1;1;17/02/2026 19:24;17/02/2026 19:24
467;217;Cikande;NULL;BNT-023;FACTORY;Cikande, Serang;NULL;NULL;NULL;NULL;NULL;Serang;Banten;NULL;-608.330.000;10.611.670.000;1;1;17/02/2026 19:24;17/02/2026 19:24
468;218;Main Office;NULL;JKT-999;FACTORY;Jakarta;NULL;NULL;NULL;NULL;NULL;Jakarta;DKI Jakarta;NULL;-620.880.000;10.684.560.000;1;1;17/02/2026 19:24;17/02/2026 19:24
